TOA5,CR6Series,CR6,3767,51073,3767
TIMESTAMP,RECORD,AirTC_Avg,RH,PotSlrW_Avg,WS_ms_S_WVT
TS,RN,Deg C,%,W/m^2,meters/second
,,Avg,Smp,Avg,WVc
7/13/2018 12:00,0,27.68,57.88,-360.5,0.442
7/13/2018 13:00,1,28.57,49.01,-488.9,0.49
7/13/2018 14:00,2,28.93,47.5,-603.1,0.842
7/13/2018 15:00,3,28.72,47.72,-654.1,0.774
7/13/2018 16:00,4,29.77,45.55,-638.4,0.737
7/13/2018 17:00,5,30.3,41.6,-557.1,0.561
7/13/2018 18:00,6,30.55,48.34,-415.7,0.339
7/13/2018 19:00,7,29.43,54.84,-223.5,0.391
7/13/2018 20:00,8,28.43,62.95,10.19,0.026
7/13/2018 21:00,9,25.48,68.35,257.6,0.504
7/13/2018 22:00,10,24.1,67.27,511.9,0.951
7/13/2018 23:00,11,23.41,70.05,754.2,0.934
7/14/2018 0:00,12,22.8,70.38,967,0.858
7/14/2018 1:00,13,22.47,71.15,1137,0.669
7/14/2018 2:00,14,22.01,75.54,1251,0.439
7/14/2018 3:00,15,21.39,77.8,1302,0.496
7/14/2018 4:00,16,21.13,79.35,1286,0.533
7/14/2018 5:00,17,21.02,79.61,1204,0.522
7/14/2018 6:00,18,20.43,83,1063,0.335
7/14/2018 7:00,19,20.2,80.4,871,0.102
7/14/2018 8:00,20,21.31,77.04,642.1,0
7/14/2018 9:00,21,23.08,76.05,391.6,0.308
7/14/2018 10:00,22,25.38,64.31,138.6,0.605
7/14/2018 11:00,23,26.38,62.24,-105.2,1.139
7/14/2018 12:00,24,27.34,57.4,-321.6,1.132
7/14/2018 13:00,25,28.35,57.97,-491.6,1.084
7/14/2018 14:00,26,29.12,54.43,-606.1,1.091
7/14/2018 15:00,27,29.57,60.44,-657.3,0.826
7/14/2018 16:00,28,29.55,53.03,-641.7,1.018
7/14/2018 17:00,29,29.71,57.45,-560.4,0.808
7/14/2018 18:00,30,30.07,54.25,-418.9,0.851
7/14/2018 19:00,31,30.35,54.52,-226.6,0.724
7/14/2018 20:00,32,29.86,56.7,7.223,0.42
7/14/2018 21:00,33,28.03,67.25,254.9,0.39
7/14/2018 22:00,34,25.59,76.51,509.5,0.705
7/14/2018 23:00,35,24.83,77.09,752.1,0.389
7/15/2018 0:00,36,23.96,75.31,966,0.769
7/15/2018 1:00,37,23.72,78.9,1135,0.578
7/15/2018 2:00,38,23.55,81.9,1249,0.081
7/15/2018 3:00,39,22.96,83.9,1300,0.083
7/15/2018 4:00,40,22.53,86.8,1285,0.127
7/15/2018 5:00,41,22.38,84.5,1203,0.123
7/15/2018 6:00,42,22.3,84.8,1062,0.005
7/15/2018 7:00,43,22.18,86.8,870,0.009
7/15/2018 8:00,44,22.45,87.6,640.7,0.006
7/15/2018 9:00,45,23.41,78.81,389.9,0.182
7/15/2018 10:00,46,24.52,73.05,136.7,0.309
7/15/2018 11:00,47,25.26,75.26,-107.6,0.597
7/15/2018 12:00,48,26.35,69.2,-324.2,0.678
7/15/2018 13:00,49,27.97,74.32,-494.5,0.717
7/15/2018 14:00,50,28.73,66.59,-609.2,0.833
7/15/2018 15:00,51,29.61,69.46,-660.5,0.804
7/15/2018 16:00,52,25.35,95.4,-645.1,1.419
7/15/2018 17:00,53,20.75,98.6,-563.8,0.602
7/15/2018 18:00,54,21.66,97.2,-422.3,0.42
7/15/2018 19:00,55,22.63,96.1,-229.8,0.338
7/15/2018 20:00,56,23.25,98.2,4.173,0.1
7/15/2018 21:00,57,22.57,95.7,252.1,0.525
7/15/2018 22:00,58,21.61,91.3,507,0.581
7/15/2018 23:00,59,21.06,90.8,749.9,0.232
7/16/2018 0:00,60,20.77,90.9,964,0.282
7/16/2018 1:00,61,20.42,90.2,1134,0.239
7/16/2018 2:00,62,20.25,92,1248,0.269
7/16/2018 3:00,63,19.81,91.8,1299,0.165
7/16/2018 4:00,64,19.8,88.6,1284,0.429
7/16/2018 5:00,65,19.98,88.8,1202,0.432
7/16/2018 6:00,66,19.88,87.2,1061,0.195
7/16/2018 7:00,67,20.1,84.7,869,0.028
7/16/2018 8:00,68,21.35,84,639.1,0.059
7/16/2018 9:00,69,23.88,75.05,388.1,0.211
7/16/2018 10:00,70,25.79,73.73,134.7,0.342
7/16/2018 11:00,71,26.89,71.41,-110.1,0.695
7/16/2018 12:00,72,27.92,73.34,-326.9,0.878
7/16/2018 13:00,73,28.75,58.27,-497.5,0.943
7/16/2018 14:00,74,29.47,57.73,-612.4,0.823
7/16/2018 15:00,75,30.09,51.31,-663.9,0.578
7/16/2018 16:00,76,30.65,55.49,-648.5,0.831
7/16/2018 17:00,77,30.84,58.36,-567.3,0.775
7/16/2018 18:00,78,28.17,75.5,-425.7,1.366
7/16/2018 19:00,79,24.85,74.58,-233.1,0.877
7/16/2018 20:00,80,25.43,77.05,1.063,0.643
7/16/2018 21:00,81,23.68,82.7,249.4,0.296
7/16/2018 22:00,82,22.53,85.7,504.5,0.429
7/16/2018 23:00,83,22.22,88.7,747.7,0.144
7/17/2018 0:00,84,21.85,87.2,962,0.32
7/17/2018 1:00,85,21.82,89.9,1132,0.076
7/17/2018 2:00,86,21.38,89.3,1247,0.257
7/17/2018 3:00,87,21.4,89,1298,0.047
7/17/2018 4:00,88,21.5,88.9,1282,0.171
7/17/2018 5:00,89,21.35,90.8,1201,0.16
7/17/2018 6:00,90,21.45,90.6,1059,0.093
7/17/2018 7:00,91,21.76,93.7,867,0.11
7/17/2018 8:00,92,21.73,94.7,637.5,0.088
7/17/2018 9:00,93,21.69,98.4,386.2,0.495
7/17/2018 10:00,94,22.04,97.8,132.5,0.916
7/17/2018 11:00,95,22.54,93.5,-112.8,1.135
7/17/2018 12:00,96,23.51,89.8,-329.8,1.192
7/17/2018 13:00,97,25.48,82.9,-500.6,1.354
7/17/2018 14:00,98,25.93,78.57,-615.8,0.761
7/17/2018 15:00,99,27.72,73.04,-667.4,1.259
7/17/2018 16:00,100,28.4,56.98,-652.1,1.34
7/17/2018 17:00,101,28.51,58.48,-570.9,1.505
7/17/2018 18:00,102,28.14,55.55,-429.2,1.708
7/17/2018 19:00,103,27.47,55.38,-236.5,1.423
7/17/2018 20:00,104,25.79,56.33,-2.113,1.213
7/17/2018 21:00,105,23.82,62.85,246.5,0.599
7/17/2018 22:00,106,22.37,64.31,501.9,0.604
7/17/2018 23:00,107,21.41,66.44,745.4,0.897
7/18/2018 0:00,108,20.48,69.07,960,0.966
7/18/2018 1:00,109,19.67,74.11,1130,0.861
7/18/2018 2:00,110,18.75,78.93,1245,0.436
7/18/2018 3:00,111,17.97,82.9,1297,0
7/18/2018 4:00,112,17.1,88.8,1281,0.037
7/18/2018 5:00,113,16.23,85.8,1200,0.276
7/18/2018 6:00,114,15.82,94.1,1058,0.041
7/18/2018 7:00,115,14.93,97.1,866,0.006
7/18/2018 8:00,116,16.28,85.1,635.7,0.07
7/18/2018 9:00,117,18.25,72.66,384.1,0.607
7/18/2018 10:00,118,19.62,62.88,130.2,0.958
7/18/2018 11:00,119,21.12,60.84,-115.6,1.021
7/18/2018 12:00,120,21.86,57.52,-332.8,1.001
7/18/2018 13:00,121,22.88,44.06,-503.9,1.024
7/18/2018 14:00,122,23.89,44.52,-619.3,1.088
7/18/2018 15:00,123,24.08,47.29,-671.1,1.146
7/18/2018 16:00,124,24.46,44.41,-655.9,1.182
7/18/2018 17:00,125,24.51,41.02,-574.6,0.941
7/18/2018 18:00,126,25.26,42.37,-432.8,1.046
7/18/2018 19:00,127,24.96,42.47,-240,0.754
7/18/2018 20:00,128,24,50.25,-5.356,0.492
7/18/2018 21:00,129,22.1,55.15,243.6,0.044
7/18/2018 22:00,130,20.09,70.86,499.3,0.414
7/18/2018 23:00,131,18.5,69.73,743.1,0.797
7/19/2018 0:00,132,17.67,70.25,958,0.656
7/19/2018 1:00,133,17.12,74.02,1128,0.805
7/19/2018 2:00,134,16.53,73.08,1244,1.002
7/19/2018 3:00,135,16.15,83.2,1295,0.204
7/19/2018 4:00,136,15.22,89,1280,0.209
7/19/2018 5:00,137,14.13,86.2,1198,0.512
7/19/2018 6:00,138,14.05,86.3,1057,0.413
7/19/2018 7:00,139,14.03,84.5,864,0.269
7/19/2018 8:00,140,15.48,76.29,633.8,0.315
7/19/2018 9:00,141,18.49,65.85,381.9,0.32
7/19/2018 10:00,142,21.68,57.21,127.8,0.529
7/19/2018 11:00,143,23.98,48.89,-118.5,0.703
7/19/2018 12:00,144,25.72,44.41,-335.9,0.813
7/19/2018 13:00,145,25.74,45.2,-507.3,0.813
7/19/2018 14:00,146,26.57,38.42,-622.9,1.001
7/19/2018 15:00,147,27.38,40.27,-674.8,1.023
7/19/2018 16:00,148,27.89,40.78,-659.7,0.899
7/19/2018 17:00,149,28.47,41.81,-578.4,0.945
7/19/2018 18:00,150,28.32,41.09,-436.5,0.353
7/19/2018 19:00,151,28.33,49.11,-243.5,0.36
7/19/2018 20:00,152,28.13,43.98,-8.65,0.045
7/19/2018 21:00,153,24.6,70.95,240.7,0.218
7/19/2018 22:00,154,22.27,66.48,496.7,0.977
7/19/2018 23:00,155,21.61,66.69,740.8,1.054
7/20/2018 0:00,156,21.11,64.74,956,1.06
7/20/2018 1:00,157,20.74,66.18,1127,1.302
7/20/2018 2:00,158,20.34,67.96,1242,1.327
7/20/2018 3:00,159,20.02,68.75,1294,1.025
7/20/2018 4:00,160,19.74,68.22,1278,0.706
7/20/2018 5:00,161,19.29,71.14,1197,1.041
7/20/2018 6:00,162,19.01,70.75,1055,0.805
7/20/2018 7:00,163,19.17,71.76,862,0.797
7/20/2018 8:00,164,19.86,69.4,631.8,0.77
7/20/2018 9:00,165,21.94,61.8,379.6,0.868
7/20/2018 10:00,166,24.56,63.76,125.3,0.985
7/20/2018 11:00,167,25.74,60.83,-121.6,0.954
7/20/2018 12:00,168,27.84,52.19,-339.2,1.018
7/20/2018 13:00,169,28.8,51.04,-510.8,1.045
7/20/2018 14:00,170,29,46.84,-626.6,1.211
7/20/2018 15:00,171,28.66,52.05,-678.7,0.908
7/20/2018 16:00,172,28.13,61.3,-663.6,1.036
7/20/2018 17:00,173,21.93,92,-582.3,1.508
7/20/2018 18:00,174,21.43,97.6,-440.3,1.171
7/20/2018 19:00,175,19.94,98.6,-247.1,0.747
7/20/2018 20:00,176,19.38,93.2,-12.03,0.815
7/20/2018 21:00,177,19.25,92.5,237.7,0.485
7/20/2018 22:00,178,19.16,88.2,494,0.358
7/20/2018 23:00,179,19.21,89.7,738.4,0.621
7/21/2018 0:00,180,20.14,74.37,954,1.559
7/21/2018 1:00,181,20.54,76.1,1125,1.294
7/21/2018 2:00,182,20.58,74.61,1240,1.258
7/21/2018 3:00,183,20.21,80.1,1292,0.534
7/21/2018 4:00,184,19.55,76.56,1277,0.237
7/21/2018 5:00,185,19.64,77.75,1195,0.937
7/21/2018 6:00,186,19.69,77.12,1053,0.617
7/21/2018 7:00,187,19.3,78.04,860,0.088
7/21/2018 8:00,188,19.47,82.2,629.7,0.344
7/21/2018 9:00,189,19.9,80.7,377.2,0.406
7/21/2018 10:00,190,20.48,77.26,122.6,0.627
7/21/2018 11:00,191,23.1,70.23,-124.8,0.747
7/21/2018 12:00,192,24.54,60.57,-342.6,1.281
7/21/2018 13:00,193,25.22,59.12,-514.5,1.125
7/21/2018 14:00,194,26.13,58.74,-630.5,0.917
7/21/2018 15:00,195,26.94,60.68,-682.7,0.891
7/21/2018 16:00,196,23.91,94.2,-667.6,1.093
7/21/2018 17:00,197,20.47,96,-586.3,0.408
7/21/2018 18:00,198,21.99,86.8,-444.1,0.726
7/21/2018 19:00,199,21.55,83.4,-250.7,0.929
7/21/2018 20:00,200,21.44,81.4,-15.44,0.852
7/21/2018 21:00,201,19.35,86.2,234.6,1.141
7/21/2018 22:00,202,18.45,85.7,491.2,0.952
7/21/2018 23:00,203,18.12,84.7,736,0.631
7/22/2018 0:00,204,17.84,88.2,952,0.503
7/22/2018 1:00,205,17.37,85.6,1123,0.356
7/22/2018 2:00,206,17.09,93.5,1239,0.321
7/22/2018 3:00,207,16.28,92.9,1291,0.116
7/22/2018 4:00,208,16.37,91.5,1275,0.165
7/22/2018 5:00,209,16.12,96.6,1194,0.086
7/22/2018 6:00,210,15.63,97.8,1052,0.019
7/22/2018 7:00,211,15.53,97.7,858,0.003
7/22/2018 8:00,212,16.74,90.9,627.4,0.22
7/22/2018 9:00,213,18.55,87.8,374.7,0.201
7/22/2018 10:00,214,19.97,83.6,119.9,0.333
7/22/2018 11:00,215,21.76,79.07,-128.2,0.475
7/22/2018 12:00,216,22.83,74.21,-346.1,0.267
7/22/2018 13:00,217,24.12,66.85,-518.3,0.626
7/22/2018 14:00,218,24.67,67.05,-634.5,0.787
7/22/2018 15:00,219,25.58,63.33,-686.8,0.513
7/22/2018 16:00,220,25.79,62.93,-671.8,0.289
7/22/2018 17:00,221,20.05,99.9,-590.3,0.832
7/22/2018 18:00,222,19.45,98.2,-448.1,0.525
7/22/2018 19:00,223,20.34,99,-254.5,0.278
7/22/2018 20:00,224,20.25,97.6,-18.92,0.535
7/22/2018 21:00,225,19.72,100,231.6,0.255
7/22/2018 22:00,226,19.28,99.5,488.4,0.341
7/22/2018 23:00,227,19.06,98.3,733.5,0.616
7/23/2018 0:00,228,18.77,95.1,949,0.142
7/23/2018 1:00,229,18.94,94.6,1121,0.16
7/23/2018 2:00,230,19.02,89.8,1237,0.082
7/23/2018 3:00,231,19.59,94.1,1289,0.159
7/23/2018 4:00,232,19.24,91.3,1274,0.046
7/23/2018 5:00,233,19.6,90.5,1192,0.112
7/23/2018 6:00,234,19.23,93.6,1050,0.464
7/23/2018 7:00,235,19.52,98.8,856,0.396
7/23/2018 8:00,236,20.21,84.1,625.1,0.406
7/23/2018 9:00,237,22.43,85.3,372,0.316
7/23/2018 10:00,238,23.69,77.33,117,0.334
7/23/2018 11:00,239,25.05,68.48,-131.7,0.472
7/23/2018 12:00,240,25.42,78.71,-349.8,0.521
7/23/2018 13:00,241,25.3,64.88,-522.2,0.498
7/23/2018 14:00,242,26.82,68.24,-638.6,0.664
7/23/2018 15:00,243,27.88,61.15,-691,0.922
7/23/2018 16:00,244,27.18,73.28,-676,1.028
7/23/2018 17:00,245,25.25,63.55,-594.5,1.37
7/23/2018 18:00,246,27.24,62.08,-452.1,0.585
7/23/2018 19:00,247,27.18,69.88,-258.2,0.604
7/23/2018 20:00,248,25.39,74.57,-22.45,0.764
7/23/2018 21:00,249,24.59,84.6,228.4,0.127
7/23/2018 22:00,250,23.1,78.7,485.6,0.743
7/23/2018 23:00,251,22.58,80.3,731,0.43
7/24/2018 0:00,252,22.22,81.9,947,0.702
7/24/2018 1:00,253,21.99,81.4,1119,0.756
7/24/2018 2:00,254,21.55,83.6,1235,0.775
7/24/2018 3:00,255,21.25,85.3,1287,0.6
7/24/2018 4:00,256,21,83.8,1272,0.658
7/24/2018 5:00,257,21.35,83.2,1190,0.73
7/24/2018 6:00,258,21.1,84.2,1048,0.347
7/24/2018 7:00,259,20.82,86.5,854,0.602
7/24/2018 8:00,260,21.07,83.7,622.6,0.888
7/24/2018 9:00,261,22.5,75.67,369.2,0.569
7/24/2018 10:00,262,24.04,77.69,113.9,0.385
7/24/2018 11:00,263,25.78,67.58,-135.4,0.594
7/24/2018 12:00,264,26.9,70.56,-353.6,0.584
7/24/2018 13:00,265,26.92,65.33,-526.3,0.646
7/24/2018 14:00,266,27.36,58.85,-642.8,0.6
7/24/2018 15:00,267,26.89,73.52,-695.3,0.837
7/24/2018 16:00,268,26.49,65.27,-680.3,0.889
7/24/2018 17:00,269,25.01,73.25,-598.7,0.941
7/24/2018 18:00,270,22.02,98.5,-456.1,0.501
7/24/2018 19:00,271,22.11,98.2,-262.1,0.321
7/24/2018 20:00,272,22.74,99.5,-26.04,0.03
7/24/2018 21:00,273,22.3,100,225.3,0.276
7/24/2018 22:00,274,22,100,482.8,0.32
7/24/2018 23:00,275,21.72,100,728.5,0.252
7/25/2018 0:00,276,21.27,100,945,0.142
7/25/2018 1:00,277,20.94,100,1117,0.131
7/25/2018 2:00,278,20.69,100,1233,0.006
7/25/2018 3:00,279,20.53,100,1286,0.016
7/25/2018 4:00,280,20.17,100,1270,0.096
7/25/2018 5:00,281,20.09,100,1189,0.073
7/25/2018 6:00,282,20.09,100,1046,0.175
7/25/2018 7:00,283,20.26,100,852,0.107
7/25/2018 8:00,284,20.27,100,620,0.355
7/25/2018 9:00,285,20.4,100,366.3,0.665
7/25/2018 10:00,286,21.27,96.7,110.8,0.453
7/25/2018 11:00,287,21.92,89.1,-139.1,0.651
7/25/2018 12:00,288,23.13,85.1,-357.5,0.742
7/25/2018 13:00,289,23.51,80.7,-530.5,0.879
7/25/2018 14:00,290,23.41,95.5,-647.2,0.958
7/25/2018 15:00,291,21.93,96.2,-699.8,0.427
7/25/2018 16:00,292,22.93,89,-684.7,0.533
7/25/2018 17:00,293,23.52,89.2,-603.1,0.424
7/25/2018 18:00,294,24.49,80.9,-460.3,0.45
7/25/2018 19:00,295,22.62,90.1,-266,0.723
7/25/2018 20:00,296,22.47,94.2,-29.67,0.721
7/25/2018 21:00,297,20.71,96.9,222.1,0.355
7/25/2018 22:00,298,20.16,99.9,479.9,0.427
7/25/2018 23:00,299,19.95,100,725.9,0.34
7/26/2018 0:00,300,19.88,100,943,0.617
7/26/2018 1:00,301,19.55,100,1115,0.572
7/26/2018 2:00,302,19.5,100,1231,0.232
7/26/2018 3:00,303,19.48,100,1284,0.091
7/26/2018 4:00,304,19.25,100,1269,0.482
7/26/2018 5:00,305,18.92,100,1187,0.323
7/26/2018 6:00,306,18.55,100,1044,0.574
7/26/2018 7:00,307,18.35,100,850,0.366
7/26/2018 8:00,308,18.59,100,617.3,0.231
7/26/2018 9:00,309,19.65,95,363.2,0.466
7/26/2018 10:00,310,20.79,94.6,107.4,0.729
7/26/2018 11:00,311,21.46,88.8,-143,0.791
7/26/2018 12:00,312,22.82,80.1,-361.6,1.182
7/26/2018 13:00,313,24.74,75.1,-534.7,1.044
7/26/2018 14:00,314,25.27,65.82,-651.6,1.21
7/26/2018 15:00,315,26.39,62.03,-704.3,1.101
7/26/2018 16:00,316,26.57,60.06,-689.3,1.115
7/26/2018 17:00,317,27.65,56.11,-607.5,1.227
7/26/2018 18:00,318,27.35,63.29,-464.5,1.396
7/26/2018 19:00,319,25.96,64.56,-269.9,1.103
7/26/2018 20:00,320,24.8,71.28,-33.36,0.428
7/26/2018 21:00,321,23.29,83.2,218.8,0.109
7/26/2018 22:00,322,22.07,83.5,477,0.024
7/26/2018 23:00,323,21.49,85.1,723.4,0.053
7/27/2018 0:00,324,21.19,85.5,940,0.159
7/27/2018 1:00,325,20.93,85.1,1113,0.539
7/27/2018 2:00,326,20.88,85.8,1230,0.412
7/27/2018 3:00,327,20.78,85.7,1282,0.164
7/27/2018 4:00,328,20.59,85.2,1267,0.125
7/27/2018 5:00,329,20.56,86.4,1185,0.486
7/27/2018 6:00,330,19.76,89.6,1041,0.275
7/27/2018 7:00,331,19.41,94.3,847,0.064
7/27/2018 8:00,332,19.72,89.2,614.5,0.32
7/27/2018 9:00,333,21.15,91.4,360.1,0.396
7/27/2018 10:00,334,21.62,89.6,103.9,0.488
7/27/2018 11:00,335,21.91,82,-146.9,0.462
7/27/2018 12:00,336,22.17,93.6,-365.8,0.639
7/27/2018 13:00,337,21.73,95.2,-539.2,0.638
7/27/2018 14:00,338,21.47,97.2,-656.2,0.401
7/27/2018 15:00,339,22.48,90.3,-708.9,1.39
7/27/2018 16:00,340,23.23,76.51,-693.9,1.891
7/27/2018 17:00,341,25.07,70.56,-612,1.747
7/27/2018 18:00,342,25.2,65.71,-468.8,1.651
7/27/2018 19:00,343,25.05,71.53,-274,1.659
7/27/2018 20:00,344,23.58,73.7,-37.09,1.281
7/27/2018 21:00,345,22.75,75.78,215.5,0.972
7/27/2018 22:00,346,22.18,79.59,474,1.028
7/27/2018 23:00,347,21.45,73.28,720.7,0.919
7/28/2018 0:00,348,20.37,85.3,938,0.344
7/28/2018 1:00,349,19.04,89.6,1111,0.244
7/28/2018 2:00,350,18.22,88.4,1228,0.518
7/28/2018 3:00,351,17.88,87.9,1280,0.34
7/28/2018 4:00,352,17.18,93.7,1265,0.501
7/28/2018 5:00,353,16.68,91.3,1183,0.726
7/28/2018 6:00,354,16.4,90.7,1039,0.424
7/28/2018 7:00,355,16.4,96.2,844,0.29
7/28/2018 8:00,356,16.99,86.2,611.6,0.083
7/28/2018 9:00,357,19.23,78.91,356.8,0.46
7/28/2018 10:00,358,20.38,70.29,100.3,0.863
7/28/2018 11:00,359,21.99,64.95,-151,0.982
7/28/2018 12:00,360,22.84,56.63,-370.1,1.289
7/28/2018 13:00,361,23.19,64.13,-543.7,1.46
7/28/2018 14:00,362,23.57,63.94,-660.9,1.49
7/28/2018 15:00,363,23.81,59.68,-713.7,1.247
7/28/2018 16:00,364,24.96,55.97,-698.5,1.398
7/28/2018 17:00,365,24.73,55.32,-616.5,1.449
7/28/2018 18:00,366,24.28,52.17,-473.1,1.222
7/28/2018 19:00,367,23.99,53.86,-278,1.05
7/28/2018 20:00,368,22.18,60.88,-40.88,0.252
7/28/2018 21:00,369,21.32,62.62,212.2,0.101
7/28/2018 22:00,370,19.76,72.12,471,0.2
7/28/2018 23:00,371,18.39,86.1,718.1,0.537
7/29/2018 0:00,372,17.06,82.5,936,0.701
7/29/2018 1:00,373,17.04,80.5,1109,0.531
7/29/2018 2:00,374,16.42,85.6,1226,0.572
7/29/2018 3:00,375,15.99,91.1,1278,0.301
7/29/2018 4:00,376,15.28,90.1,1263,0.281
7/29/2018 5:00,377,15.26,94.9,1180,0.437
7/29/2018 6:00,378,14.3,97.6,1037,0.373
7/29/2018 7:00,379,14.43,95.7,842,0.211
7/29/2018 8:00,380,16.18,79.79,608.5,0.063
7/29/2018 9:00,381,18.35,78.27,353.4,0.286
7/29/2018 10:00,382,20.89,67.98,96.6,0.46
7/29/2018 11:00,383,23.23,55.48,-155.2,0.604
7/29/2018 12:00,384,24.02,48.12,-374.5,1.095
7/29/2018 13:00,385,24.79,52.27,-548.3,0.996
7/29/2018 14:00,386,25.04,49.97,-665.6,0.768
7/29/2018 15:00,387,25.01,50.57,-718.5,1.169
7/29/2018 16:00,388,25.66,46.04,-703.3,1.204
7/29/2018 17:00,389,26.08,43.56,-621.1,0.939
7/29/2018 18:00,390,26.27,43.83,-477.5,0.919
7/29/2018 19:00,391,26.95,45.31,-282.1,0.19
7/29/2018 20:00,392,25.72,44.85,-44.7,0.464
7/29/2018 21:00,393,22.92,65.89,208.9,0.295
7/29/2018 22:00,394,20.76,73.53,468,0.769
7/29/2018 23:00,395,20.06,73.52,715.4,0.424
7/30/2018 0:00,396,19.53,79.17,933,0.711
7/30/2018 1:00,397,19.52,80.6,1107,0.682
7/30/2018 2:00,398,19.52,83.3,1224,0.061
7/30/2018 3:00,399,19.14,85.5,1276,0.662
7/30/2018 4:00,400,19.3,84.7,1261,0.753
7/30/2018 5:00,401,19.03,88.7,1178,0.692
7/30/2018 6:00,402,19.37,85.5,1034,0.516
7/30/2018 7:00,403,19.39,85.8,839,0.544
7/30/2018 8:00,404,19.8,85.2,605.4,0.409
7/30/2018 9:00,405,20.72,82.9,349.9,0.202
7/30/2018 10:00,406,20.42,94,92.7,0.272
7/30/2018 11:00,407,19.41,100,-159.5,0.467
7/30/2018 12:00,408,19.15,100,-379.1,0.324
7/30/2018 13:00,409,18.81,100,-553.1,0.546
7/30/2018 14:00,410,18.88,98.3,-670.5,0.989
7/30/2018 15:00,411,19.33,93.3,-723.4,0.448
7/30/2018 16:00,412,21.28,75.28,-708.2,0.648
7/30/2018 17:00,413,23.46,71.13,-625.8,0.705
7/30/2018 18:00,414,23.86,67.82,-482,0.651
7/30/2018 19:00,415,22.95,74.75,-286.3,0.498
7/30/2018 20:00,416,22.8,81.4,-48.57,0.61
7/30/2018 21:00,417,20.65,86.9,205.5,0.304
7/30/2018 22:00,418,19.36,88.9,464.9,0.689
7/30/2018 23:00,419,18.75,86.9,712.6,0.895
7/31/2018 0:00,420,18.6,87,931,0.846
7/31/2018 1:00,421,18.46,87,1104,0.646
7/31/2018 2:00,422,18.46,84.3,1221,0.415
7/31/2018 3:00,423,18.39,84.1,1274,0.085
7/31/2018 4:00,424,18.29,86.3,1258,0.312
7/31/2018 5:00,425,18.3,86.5,1176,0.058
7/31/2018 6:00,426,18.1,90,1032,0.498
7/31/2018 7:00,427,18.01,88.1,836,0.124
7/31/2018 8:00,428,18.33,88.4,602.1,0.36
7/31/2018 9:00,429,19.97,87.5,346.2,0.303
7/31/2018 10:00,430,22.48,69.13,88.7,0.513
7/31/2018 11:00,431,24.12,80.1,-164,0.574
7/31/2018 12:00,432,26.11,65.38,-383.7,0.759
7/31/2018 13:00,433,27.69,66.4,-558,0.832
7/31/2018 14:00,434,28.78,65.33,-675.5,0.775
7/31/2018 15:00,435,24.96,100,-728.4,0.856
7/31/2018 16:00,436,20.26,100,-713.1,1.437
7/31/2018 17:00,437,20.26,99.6,-630.6,0.715
7/31/2018 18:00,438,20.15,100,-486.5,0.62
7/31/2018 19:00,439,19.56,100,-290.5,0.703
7/31/2018 20:00,440,19.54,98.6,-52.48,0.849
7/31/2018 21:00,441,19.41,96.6,202.1,0.757
7/31/2018 22:00,442,19.24,96.6,461.8,0.649
7/31/2018 23:00,443,19.3,93.8,709.9,0.321
8/1/2018 0:00,444,19.03,90.5,928,0.422
8/1/2018 1:00,445,19.41,90.1,1102,0.443
8/1/2018 2:00,446,19.63,95.3,1219,0.447
8/1/2018 3:00,447,19.12,96.8,1272,0.423
8/1/2018 4:00,448,19.78,96.9,1256,0.508
8/1/2018 5:00,449,18.92,94.6,1173,0.42
8/1/2018 6:00,450,20.34,88.8,1029,0.168
8/1/2018 7:00,451,19.98,93.4,833,0.508
8/1/2018 8:00,452,19.39,100,598.7,0.647
8/1/2018 9:00,453,19.57,100,342.5,0.549
8/1/2018 10:00,454,20.42,96.8,84.6,0.3
8/1/2018 11:00,455,21.69,95.6,-168.5,0.63
8/1/2018 12:00,456,21.98,93.9,-388.5,0.671
8/1/2018 13:00,457,23.64,82.6,-562.9,0.905
8/1/2018 14:00,458,24.65,77.31,-680.6,0.939
8/1/2018 15:00,459,23.13,91.8,-733.5,0.963
8/1/2018 16:00,460,23.41,82.3,-718.1,0.921
8/1/2018 17:00,461,23.79,86.1,-635.4,0.986
8/1/2018 18:00,462,22.96,86.5,-491.1,1.692
8/1/2018 19:00,463,22.52,85.5,-294.8,1.435
8/1/2018 20:00,464,21.45,84.1,-56.43,1.703
8/1/2018 21:00,465,20.5,92.5,198.6,0.829
8/1/2018 22:00,466,20.02,90.5,458.7,0.38
8/1/2018 23:00,467,19.6,98.1,707.1,0.142
8/2/2018 0:00,468,19.29,98.8,926,0.317
8/2/2018 1:00,469,19.08,98.9,1100,0.348
8/2/2018 2:00,470,18.98,100,1217,0.28
8/2/2018 3:00,471,18.72,100,1270,0.485
8/2/2018 4:00,472,18.89,97.4,1254,0.44
8/2/2018 5:00,473,19.06,99.3,1171,0.285
8/2/2018 6:00,474,19.03,100,1026,0.334
8/2/2018 7:00,475,18.98,100,830,0.203
8/2/2018 8:00,476,19.03,100,595.2,0.537
8/2/2018 9:00,477,19.56,100,338.6,0.197
8/2/2018 10:00,478,20.68,89.4,80.3,0.336
8/2/2018 11:00,479,21.92,89.2,-173.2,0.397
8/2/2018 12:00,480,22.81,81.9,-393.4,0.414
8/2/2018 13:00,481,23.18,82.8,-568,0.389
8/2/2018 14:00,482,22.85,77.94,-685.8,0.372
8/2/2018 15:00,483,23.67,77.18,-738.7,0.667
8/2/2018 16:00,484,23.66,79.09,-723.2,0.692
8/2/2018 17:00,485,24.01,77.12,-640.3,0.55
8/2/2018 18:00,486,24.28,76.94,-495.7,0.314
8/2/2018 19:00,487,23.74,87.6,-299.1,0.262
8/2/2018 20:00,488,22.91,88.4,-60.41,0.007
8/2/2018 21:00,489,22.09,96.8,195.2,0.047
8/2/2018 22:00,490,21.16,98.6,455.6,0.146
8/2/2018 23:00,491,20.86,96.8,704.3,0.075
8/3/2018 0:00,492,20.84,95.3,923,0.078
8/3/2018 1:00,493,20.6,94.5,1097,0.094
8/3/2018 2:00,494,19.97,100,1215,0.65
8/3/2018 3:00,495,19.69,99.8,1267,0.176
8/3/2018 4:00,496,19.89,99.7,1251,0.123
8/3/2018 5:00,497,19.85,98.7,1168,0.481
8/3/2018 6:00,498,19.78,100,1023,0.467
8/3/2018 7:00,499,19.54,100,827,0.276
8/3/2018 8:00,500,19.72,100,591.6,0.135
8/3/2018 9:00,501,20.5,100,334.6,0.221
8/3/2018 10:00,502,21.47,91,75.91,0.363
8/3/2018 11:00,503,23.1,83,-178,0.503
8/3/2018 12:00,504,24.42,72.39,-398.4,0.488
8/3/2018 13:00,505,24.94,76.4,-573.2,0.461
8/3/2018 14:00,506,24.34,84.6,-691.1,1.081
8/3/2018 15:00,507,23.37,92.6,-744,0.999
8/3/2018 16:00,508,22.09,94.8,-728.4,1.198
8/3/2018 17:00,509,21.89,92.9,-645.3,0.397
8/3/2018 18:00,510,21.98,90.5,-500.4,0.168
8/3/2018 19:00,511,23.13,81.1,-303.4,0.344
8/3/2018 20:00,512,23.56,81.1,-64.44,0.232
8/3/2018 21:00,513,21.34,96.7,191.7,0.167
8/3/2018 22:00,514,20.1,100,452.4,0.205
8/3/2018 23:00,515,19.47,100,701.4,0.186
8/4/2018 0:00,516,19.14,100,921,0.167
8/4/2018 1:00,517,19.08,100,1095,0.078
8/4/2018 2:00,518,18.84,100,1212,0.212
8/4/2018 3:00,519,18.73,100,1265,0.18
8/4/2018 4:00,520,18.7,100,1249,0.021
8/4/2018 5:00,521,18.5,100,1165,0.365
8/4/2018 6:00,522,18.41,100,1020,0.323
8/4/2018 7:00,523,18.56,100,823,0.054
8/4/2018 8:00,524,19.06,97.8,587.8,0.325
8/4/2018 9:00,525,21.31,91.6,330.4,0.329
8/4/2018 10:00,526,23.18,81,71.39,0.67
8/4/2018 11:00,527,24.9,77.54,-182.9,0.917
8/4/2018 12:00,528,25.33,71.91,-403.5,1.36
8/4/2018 13:00,529,26.24,68.44,-578.5,1.33
8/4/2018 14:00,530,26.86,65.07,-696.5,1.528
8/4/2018 15:00,531,27.77,66.33,-749.4,1.405
8/4/2018 16:00,532,28.3,64.45,-733.6,1.522
8/4/2018 17:00,533,28.56,53.46,-650.3,1.446
8/4/2018 18:00,534,27.85,68.64,-505.1,0.972
8/4/2018 19:00,535,25.27,73.09,-307.8,0.796
8/4/2018 20:00,536,24.74,76.85,-68.5,0.397
8/4/2018 21:00,537,23.46,85.1,188.2,0.09
8/4/2018 22:00,538,22.25,91.1,449.2,0.379
8/4/2018 23:00,539,21.63,87.1,698.5,0.551
8/5/2018 0:00,540,21.87,88.5,918,0.293
8/5/2018 1:00,541,21.64,91.1,1092,0.457
8/5/2018 2:00,542,21.54,91.9,1210,0.269
8/5/2018 3:00,543,21.26,94.5,1262,0.148
8/5/2018 4:00,544,20.79,95.6,1246,0.238
8/5/2018 5:00,545,20.62,94.7,1163,0.22
8/5/2018 6:00,546,20.46,96,1017,0.065
8/5/2018 7:00,547,20.4,95,820,0.001
8/5/2018 8:00,548,21.24,90.5,584,0.023
8/5/2018 9:00,549,23.6,85.3,326.2,0.257
8/5/2018 10:00,550,24.09,85.4,66.75,0.563
8/5/2018 11:00,551,25.04,78.13,-187.9,0.987
8/5/2018 12:00,552,25.53,79.71,-408.8,1.111
8/5/2018 13:00,553,25.91,76.41,-583.9,1.385
8/5/2018 14:00,554,27.12,71.67,-701.9,1.303
8/5/2018 15:00,555,27.69,68.52,-754.8,1.331
8/5/2018 16:00,556,28.59,59.82,-738.9,1.54
8/5/2018 17:00,557,29.1,62.42,-655.4,1.237
8/5/2018 18:00,558,29.33,66.32,-509.9,0.921
8/5/2018 19:00,559,28.84,64.3,-312.2,0.847
8/5/2018 20:00,560,27.96,73.39,-72.59,0.31
8/5/2018 21:00,561,26.33,79.04,184.6,0.169
8/5/2018 22:00,562,24.72,89.9,446,0.288
8/5/2018 23:00,563,23.01,96.5,695.6,0.41
8/6/2018 0:00,564,22.45,94.2,915,0.196
8/6/2018 1:00,565,22.53,95.5,1090,0.333
8/6/2018 2:00,566,22.1,97.4,1207,0.263
8/6/2018 3:00,567,21.48,98.2,1260,0.294
8/6/2018 4:00,568,21.3,96.6,1244,0.31
8/6/2018 5:00,569,21.27,97.1,1160,0.231
8/6/2018 6:00,570,20.95,94.9,1014,0.338
8/6/2018 7:00,571,21,91.7,816,0.291
8/6/2018 8:00,572,21.23,94.4,580,0.159
8/6/2018 9:00,573,22.12,91.5,321.9,0.257
8/6/2018 10:00,574,23.9,82.5,61.99,0.577
8/6/2018 11:00,575,26.52,73.78,-193,0.861
8/6/2018 12:00,576,27.69,65.53,-414.1,1.198
8/6/2018 13:00,577,28.57,61.2,-589.4,1.134
8/6/2018 14:00,578,29.37,55.8,-707.5,1.212
8/6/2018 15:00,579,29.6,58.72,-760.3,0.717
8/6/2018 16:00,580,30.42,55.43,-744.3,1.16
8/6/2018 17:00,581,30.48,55.55,-660.5,1.216
8/6/2018 18:00,582,30.05,55.88,-514.7,1.224
8/6/2018 19:00,583,29.72,55.61,-316.6,0.995
8/6/2018 20:00,584,28.64,67.85,-76.72,0.628
8/6/2018 21:00,585,25.56,77.56,181,0.119
8/6/2018 22:00,586,23.68,81.9,442.7,0.729
8/6/2018 23:00,587,23.34,76.15,692.7,0.586
8/7/2018 0:00,588,22.8,88.2,913,0.05
8/7/2018 1:00,589,22.39,90.7,1087,0.114
8/7/2018 2:00,590,21.87,91.5,1205,0.029
8/7/2018 3:00,591,21.9,94,1257,0.144
8/7/2018 4:00,592,21.62,94.1,1241,0.522
8/7/2018 5:00,593,21.88,93.2,1157,0.523
8/7/2018 6:00,594,21.83,93.9,1011,0.437
8/7/2018 7:00,595,21.71,92.9,813,0.383
8/7/2018 8:00,596,22.24,92.3,575.9,0.346
8/7/2018 9:00,597,22.93,91.3,317.4,0.58
8/7/2018 10:00,598,23.94,83,57.11,0.589
8/7/2018 11:00,599,25.12,80.1,-198.3,0.809
8/7/2018 12:00,600,26.42,71.16,-419.6,0.769
8/7/2018 13:00,601,27.75,71.69,-595,0.883
8/7/2018 14:00,602,24.56,97.7,-713.1,1.717
8/7/2018 15:00,603,22.17,96.7,-765.9,0.72
8/7/2018 16:00,604,24.15,86.4,-749.7,0.741
8/7/2018 17:00,605,26.61,77.11,-665.7,0.623
8/7/2018 18:00,606,27.01,74.98,-519.5,0.499
8/7/2018 19:00,607,26.81,78.58,-321.1,0.489
8/7/2018 20:00,608,24.6,93.3,-80.9,0.235
8/7/2018 21:00,609,23.15,96.7,177.4,0.497
8/7/2018 22:00,610,22.77,99.3,439.4,0.369
8/7/2018 23:00,611,21.84,100,689.7,0.289
8/8/2018 0:00,612,21.39,97.9,910,0.377
8/8/2018 1:00,613,21.13,100,1085,0.395
8/8/2018 2:00,614,20.73,100,1202,0.325
8/8/2018 3:00,615,20.67,100,1255,0.501
8/8/2018 4:00,616,20.5,100,1238,0.506
8/8/2018 5:00,617,20.23,100,1154,0.698
8/8/2018 6:00,618,20.19,100,1007,0.343
8/8/2018 7:00,619,20.18,98.6,809,0.288
8/8/2018 8:00,620,20.48,97.1,571.7,0.498
8/8/2018 9:00,621,21.03,94.1,312.8,0.838
8/8/2018 10:00,622,21.57,91.8,52.11,1.08
8/8/2018 11:00,623,22.53,90.3,-203.6,1.213
8/8/2018 12:00,624,23.22,90.5,-425.1,0.419
8/8/2018 13:00,625,24.07,80.7,-600.7,0.951
8/8/2018 14:00,626,25.39,77.38,-718.9,1.412
8/8/2018 15:00,627,26.7,78.08,-771.5,1.22
8/8/2018 16:00,628,26.59,69.7,-755.2,1.488
8/8/2018 17:00,629,27.16,73.75,-670.9,1.626
8/8/2018 18:00,630,24.81,92.8,-524.4,1.311
8/8/2018 19:00,631,22.2,93.8,-325.6,0.574
8/8/2018 20:00,632,21.01,99.5,-85.1,1.029
8/8/2018 21:00,633,20.35,100,173.8,0.193
8/8/2018 22:00,634,20.28,100,436.1,0.394
8/8/2018 23:00,635,20.24,100,686.7,0.139
8/9/2018 0:00,636,20.24,100,907,0.157
8/9/2018 1:00,637,20.41,100,1082,0.4
8/9/2018 2:00,638,20.8,100,1200,0.593
8/9/2018 3:00,639,21.16,100,1252,1.3
8/9/2018 4:00,640,20.92,100,1235,0.874
8/9/2018 5:00,641,20.54,100,1151,1.099
8/9/2018 6:00,642,20.68,100,1004,1.282
8/9/2018 7:00,643,20.72,100,805,1.313
8/9/2018 8:00,644,20.87,96.3,567.4,1.51
8/9/2018 9:00,645,21.08,96.1,308.1,1.361
8/9/2018 10:00,646,21.67,89.1,46.99,0.978
8/9/2018 11:00,647,23.56,79.36,-209.1,1.405
8/9/2018 12:00,648,25.14,73.57,-430.7,1.504
8/9/2018 13:00,649,25.5,65.85,-606.5,1.389
8/9/2018 14:00,650,26.51,63,-724.7,1.217
8/9/2018 15:00,651,26.63,62.04,-777.3,1.145
8/9/2018 16:00,652,27.53,55.47,-760.7,1.333
8/9/2018 17:00,653,27.29,62.13,-676.1,1.317
8/9/2018 18:00,654,27.45,61.39,-529.3,1.172
8/9/2018 19:00,655,26.47,67.01,-330.1,1.189
8/9/2018 20:00,656,25.12,70.43,-89.3,0.489
8/9/2018 21:00,657,24.02,71.21,170.2,0.709
8/9/2018 22:00,658,22.88,82.6,432.8,0.424
8/9/2018 23:00,659,21.36,88,683.6,0.11
8/10/2018 0:00,660,20.56,91.5,904,0.294
8/10/2018 1:00,661,20.05,91.8,1079,0.522
8/10/2018 2:00,662,19.78,92,1197,0.279
8/10/2018 3:00,663,19.52,95,1249,0.381
8/10/2018 4:00,664,18.92,97,1232,0.095
8/10/2018 5:00,665,18.45,98.5,1147,0.102
8/10/2018 6:00,666,18.07,98.6,1000,0.315
8/10/2018 7:00,667,18.17,98.6,801,0.272
8/10/2018 8:00,668,19.15,88.1,563,0.284
8/10/2018 9:00,669,21.68,88.7,303.3,0.354
8/10/2018 10:00,670,22.5,80.4,41.77,0.539
8/10/2018 11:00,671,24.38,77.58,-214.6,1.198
8/10/2018 12:00,672,25.52,65.22,-436.5,1.165
8/10/2018 13:00,673,26.68,63.28,-612.4,1.263
8/10/2018 14:00,674,25.09,81,-730.5,0.691
8/10/2018 15:00,675,26.49,68.62,-783,1.138
8/10/2018 16:00,676,27.4,66.85,-766.3,0.98
8/10/2018 17:00,677,26.68,71.9,-681.5,0.989
8/10/2018 18:00,678,26.02,78.61,-534.3,0.887
8/10/2018 19:00,679,25.2,83.3,-334.7,0.824
8/10/2018 20:00,680,21.03,100,-93.5,1.149
8/10/2018 21:00,681,19.71,100,166.6,0.323
8/10/2018 22:00,682,19.49,100,429.4,0.436
8/10/2018 23:00,683,19.24,100,680.6,0.571
8/11/2018 0:00,684,19.08,100,901,0.464
8/11/2018 1:00,685,18.82,100,1077,0.313
8/11/2018 2:00,686,18.7,100,1194,0.216
8/11/2018 3:00,687,18.84,100,1246,0.072
8/11/2018 4:00,688,18.92,100,1229,0.103
8/11/2018 5:00,689,18.91,100,1144,0.118
8/11/2018 6:00,690,18.81,100,996,0.036
8/11/2018 7:00,691,18.62,100,796.7,0.044
8/11/2018 8:00,692,18.9,99.4,558.5,0.129
8/11/2018 9:00,693,19.89,91.5,298.4,0.277
8/11/2018 10:00,694,20.56,86.5,36.42,0.796
8/11/2018 11:00,695,21.59,81.3,-220.2,1.045
8/11/2018 12:00,696,23.06,84.1,-442.3,1.126
8/11/2018 13:00,697,23.27,82.9,-618.3,1.044
8/11/2018 14:00,698,24.4,72.53,-736.5,1.286
8/11/2018 15:00,699,24.53,82.9,-788.9,1.231
8/11/2018 16:00,700,24.03,75.48,-771.9,0.736
8/11/2018 17:00,701,24.78,77.16,-686.8,0.708
8/11/2018 18:00,702,24.39,77.14,-539.3,0.409
8/11/2018 19:00,703,23.99,80.5,-339.3,0.123
8/11/2018 20:00,704,23.76,82.1,-97.8,0.217
8/11/2018 21:00,705,22.45,95.2,162.9,0.257
8/11/2018 22:00,706,21.02,98.1,426,0.482
8/11/2018 23:00,707,20.39,96.2,677.5,0.372
8/12/2018 0:00,708,19.93,100,899,0.319
8/12/2018 1:00,709,19.78,98.4,1074,0.653
8/12/2018 2:00,710,19.58,98.7,1192,0.252
8/12/2018 3:00,711,19.29,99.9,1243,0.151
8/12/2018 4:00,712,18.88,100,1226,0.348
8/12/2018 5:00,713,18.81,100,1141,0.126
8/12/2018 6:00,714,18.88,100,993,0.084
8/12/2018 7:00,715,18.79,100,792.5,0.066
8/12/2018 8:00,716,18.77,100,553.8,0.147
8/12/2018 9:00,717,18.85,100,293.4,0.121
8/12/2018 10:00,718,19.06,100,30.97,0.216
8/12/2018 11:00,719,19.67,99.6,-226,0.377
8/12/2018 12:00,720,21.29,84.7,-448.3,0.565
8/12/2018 13:00,721,23.42,68.79,-624.3,0.937
8/12/2018 14:00,722,25.32,66.75,-742.5,1.005
8/12/2018 15:00,723,26.16,59.04,-794.8,1.052
8/12/2018 16:00,724,26.75,58.39,-777.6,0.937
8/12/2018 17:00,725,26.79,54.84,-692.2,0.671
8/12/2018 18:00,726,27,54.75,-544.3,0.817
8/12/2018 19:00,727,26.47,61.79,-343.9,0.535
8/12/2018 20:00,728,24.3,66.88,-102.1,0.468
8/12/2018 21:00,729,21.97,69.12,159.2,0.348
8/12/2018 22:00,730,20.97,79.63,422.6,0.393
8/12/2018 23:00,731,19.97,85.9,674.3,0.67
8/13/2018 0:00,732,19.42,83.3,896,0.336
8/13/2018 1:00,733,19.21,90.2,1071,0.381
8/13/2018 2:00,734,18.16,94.6,1189,0.668
8/13/2018 3:00,735,17.44,97.3,1240,0.259
8/13/2018 4:00,736,16.91,100,1223,0.176
8/13/2018 5:00,737,16.62,100,1137,0.262
8/13/2018 6:00,738,16.19,99.7,989,0.382
8/13/2018 7:00,739,15.8,100,788.1,0.314
8/13/2018 8:00,740,16.44,94.1,549.1,0.258
8/13/2018 9:00,741,18.87,86.8,288.2,0.367
8/13/2018 10:00,742,21.45,69.28,25.41,0.469
8/13/2018 11:00,743,23.23,66.33,-231.8,0.775
8/13/2018 12:00,744,24.9,59.57,-454.3,0.822
8/13/2018 13:00,745,25.56,60.15,-630.4,1.139
8/13/2018 14:00,746,26.55,50.19,-748.6,1.013
8/13/2018 15:00,747,27.17,48.97,-801,0.933
8/13/2018 16:00,748,21.49,99.2,-783.4,1.584
8/13/2018 17:00,749,16.25,100,-697.6,0.596
8/13/2018 18:00,750,16.3,100,-549.3,0.801
8/13/2018 19:00,751,16.26,100,-348.5,0.725
8/13/2018 20:00,752,16.48,99.8,-106.4,0.71
8/13/2018 21:00,753,15.94,100,155.5,0.159
8/13/2018 22:00,754,15.61,100,419.2,0.108
8/13/2018 23:00,755,15.3,100,671.2,0.301
8/14/2018 0:00,756,15.31,100,893,0.04
8/14/2018 1:00,757,15.37,100,1068,0.022
8/14/2018 2:00,758,15.22,100,1186,0.172
8/14/2018 3:00,759,15.25,100,1237,0.029
8/14/2018 4:00,760,15.33,100,1220,0.088
8/14/2018 5:00,761,15.03,100,1133,0.011
8/14/2018 6:00,762,14.96,100,985,0.085
8/14/2018 7:00,763,15.12,100,783.7,0.095
8/14/2018 8:00,764,15.35,100,544.2,0.078
8/14/2018 9:00,765,16.91,98,283,0.501
8/14/2018 10:00,766,17.88,93.2,19.73,0.541
8/14/2018 11:00,767,18.89,88.9,-237.8,1.147
8/14/2018 12:00,768,21.52,72.53,-460.4,1.045
8/14/2018 13:00,769,23.05,74.47,-636.6,1.268
8/14/2018 14:00,770,22.89,81.9,-754.8,0.416
8/14/2018 15:00,771,20.03,97.6,-807,0.908
8/14/2018 16:00,772,21.43,80.7,-789.1,0.539
8/14/2018 17:00,773,23.69,77.39,-703.1,0.459
8/14/2018 18:00,774,25.13,70.49,-554.4,0.572
8/14/2018 19:00,775,24.4,86.1,-353.2,0.695
8/14/2018 20:00,776,22.07,85.3,-110.8,0.309
8/14/2018 21:00,777,20.74,91.8,151.8,0.213
8/14/2018 22:00,778,20.12,91,415.7,0.314
8/14/2018 23:00,779,19.51,96.7,668,0.174
8/15/2018 0:00,780,19.03,93.2,890,0.234
8/15/2018 1:00,781,18.98,96.3,1065,0.459
8/15/2018 2:00,782,18.73,98.9,1183,0.489
8/15/2018 3:00,783,18.27,99.2,1234,0.34
8/15/2018 4:00,784,18.11,97.8,1216,0.4
8/15/2018 5:00,785,18.1,98.1,1130,0.187
8/15/2018 6:00,786,17.71,100,981,0.111
8/15/2018 7:00,787,17.49,99.6,779.2,0.269
8/15/2018 8:00,788,17.9,96,539.2,0.191
8/15/2018 9:00,789,19.9,85.1,277.7,0.336
8/15/2018 10:00,790,21.59,84.3,13.96,0.644
8/15/2018 11:00,791,23.72,76.92,-243.8,1.036
8/15/2018 12:00,792,24.49,76.93,-466.6,0.933
8/15/2018 13:00,793,25.27,72.67,-642.9,0.998
8/15/2018 14:00,794,26.05,69.33,-761,1.208
8/15/2018 15:00,795,26.57,65.33,-813,1.107
8/15/2018 16:00,796,27.03,60.86,-795,1.499
8/15/2018 17:00,797,27.43,58.19,-708.5,0.869
8/15/2018 18:00,798,27.28,64.13,-559.5,0.871
8/15/2018 19:00,799,26.33,68.43,-357.9,0.504
8/15/2018 20:00,800,24.93,86,-115.2,0.006
8/15/2018 21:00,801,22.98,90.2,148.1,0.45
8/15/2018 22:00,802,21.84,94.1,412.2,0.601
8/15/2018 23:00,803,21.28,89.4,664.8,0.63
8/16/2018 0:00,804,21.01,89.4,887,0.594
8/16/2018 1:00,805,21.47,88,1062,0.331
8/16/2018 2:00,806,21.15,90.3,1180,0.437
8/16/2018 3:00,807,21.07,88.3,1231,0.41
8/16/2018 4:00,808,20.93,88.9,1213,0.106
8/16/2018 5:00,809,20.53,90.8,1126,0.007
8/16/2018 6:00,810,20.17,91.2,976,0.2
8/16/2018 7:00,811,19.55,92,774.5,0.556
8/16/2018 8:00,812,20.25,89.1,534.2,0.36
8/16/2018 9:00,813,21.62,86.3,272.2,0.338
8/16/2018 10:00,814,24.07,80.5,8.08,0.461
8/16/2018 11:00,815,25.32,71.07,-249.9,0.522
8/16/2018 12:00,816,27.53,63.72,-472.9,0.763
8/16/2018 13:00,817,28.6,57.29,-649.2,0.694
8/16/2018 14:00,818,29.25,57.34,-767.3,0.953
8/16/2018 15:00,819,29.06,65.78,-819,1.263
8/16/2018 16:00,820,29.35,61.2,-801,0.848
8/16/2018 17:00,821,23.64,92.1,-714.1,1.905
8/16/2018 18:00,822,20.36,100,-564.6,0.733
8/16/2018 19:00,823,20.7,99.7,-362.5,0.592
8/16/2018 20:00,824,20.5,100,-119.6,0.752
8/16/2018 21:00,825,19.71,97.6,144.3,0.611
8/16/2018 22:00,826,19.75,95.4,408.7,0.064
8/16/2018 23:00,827,20.31,92.2,661.5,0.865
8/17/2018 0:00,828,21.02,86.6,883,0.72
8/17/2018 1:00,829,21.11,86.5,1059,0.951
8/17/2018 2:00,830,21,89.6,1177,1.084
8/17/2018 3:00,831,20.9,85.8,1228,0.913
8/17/2018 4:00,832,21.04,88.8,1209,0.632
8/17/2018 5:00,833,21.32,85.4,1122,0.718
8/17/2018 6:00,834,21.38,83.8,972,0.654
8/17/2018 7:00,835,21.39,83.5,769.8,1.097
8/17/2018 8:00,836,21.88,84.4,529,0.603
8/17/2018 9:00,837,22.16,83.3,266.7,0.347
8/17/2018 10:00,838,24.25,82.3,2.104,0.796
8/17/2018 11:00,839,24.3,82.1,-256.2,1.225
8/17/2018 12:00,840,24.45,79.32,-479.2,1.263
8/17/2018 13:00,841,24.75,83.5,-655.6,1.36
8/17/2018 14:00,842,25.38,75.69,-773.6,1.533
8/17/2018 15:00,843,26.38,73.46,-825,1.665
8/17/2018 16:00,844,26.31,76.03,-807,1.613
8/17/2018 17:00,845,26.55,75.29,-719.6,1.087
8/17/2018 18:00,846,26.05,80.4,-569.7,1.146
8/17/2018 19:00,847,25.64,81.9,-367.2,0.956
8/17/2018 20:00,848,24.89,82.1,-124,0.708
8/17/2018 21:00,849,24.1,80.4,140.6,0.211
8/17/2018 22:00,850,22.85,89.8,405.2,0.65
8/17/2018 23:00,851,21.09,100,658.2,0.827
8/18/2018 0:00,852,20.3,100,880,0.257
8/18/2018 1:00,853,20.48,100,1056,0.052
8/18/2018 2:00,854,21.02,100,1173,0.426
8/18/2018 3:00,855,21.41,100,1224,0.49
8/18/2018 4:00,856,21.39,100,1206,0.425
8/18/2018 5:00,857,21.36,100,1118,0.33
8/18/2018 6:00,858,21.35,99.4,968,0.607
8/18/2018 7:00,859,21.35,100,764.9,0.741
8/18/2018 8:00,860,21.36,98.6,523.7,0.512
8/18/2018 9:00,861,22.25,96.3,261,0.56
8/18/2018 10:00,862,22.66,86.3,-3.976,1.015
8/18/2018 11:00,863,24.14,87.3,-262.5,1.029
8/18/2018 12:00,864,22.86,94.6,-485.7,0.867
8/18/2018 13:00,865,21.77,94.1,-662.1,0.503
8/18/2018 14:00,866,22.11,94.6,-780,0.435
8/18/2018 15:00,867,22.29,87,-831,0.901
8/18/2018 16:00,868,23.13,95.1,-813,0.896
8/18/2018 17:00,869,22.84,93,-725.2,0.718
8/18/2018 18:00,870,22.29,89.5,-574.9,0.683
8/18/2018 19:00,871,22.09,93.9,-372,0.413
8/18/2018 20:00,872,21.79,99.2,-128.4,0.177
8/18/2018 21:00,873,21.1,100,136.8,0.186
8/18/2018 22:00,874,20.81,100,401.7,0.036
8/18/2018 23:00,875,20.83,100,654.9,0.264
8/19/2018 0:00,876,20.42,100,877,0.269
8/19/2018 1:00,877,20.16,100,1053,0.301
8/19/2018 2:00,878,20.13,100,1170,0.144
8/19/2018 3:00,879,19.99,100,1221,0.134
8/19/2018 4:00,880,20.04,100,1202,0.152
8/19/2018 5:00,881,20.06,100,1114,0.154
8/19/2018 6:00,882,20,100,963,0.203
8/19/2018 7:00,883,19.83,100,760,0.161
8/19/2018 8:00,884,19.52,100,518.4,0.48
8/19/2018 9:00,885,18.91,100,255.3,0.523
8/19/2018 10:00,886,19.01,100,-10.16,0.559
8/19/2018 11:00,887,19.31,99.3,-268.8,0.736
8/19/2018 12:00,888,20.08,90.6,-492.2,0.581
8/19/2018 13:00,889,20.97,89.2,-668.6,0.597
8/19/2018 14:00,890,21.48,87.1,-786.4,0.617
8/19/2018 15:00,891,22.95,73.73,-838,0.832
8/19/2018 16:00,892,24.57,67.18,-819,0.949
8/19/2018 17:00,893,24.87,67.38,-730.7,1.001
8/19/2018 18:00,894,24.47,69.47,-580,0.717
8/19/2018 19:00,895,23.72,72.56,-376.7,0.423
8/19/2018 20:00,896,22.08,81.1,-132.9,0.143
8/19/2018 21:00,897,20.35,86.4,133.1,0.274
8/19/2018 22:00,898,19.59,93.7,398.1,0.529
8/19/2018 23:00,899,19.37,87.5,651.6,0.265
8/20/2018 0:00,900,19.24,94.3,874,0.305
8/20/2018 1:00,901,18.58,90.8,1050,0.309
8/20/2018 2:00,902,18.72,85.9,1167,0.228
8/20/2018 3:00,903,18.86,87.1,1218,0.346
8/20/2018 4:00,904,19.03,88.2,1198,0.379
8/20/2018 5:00,905,18.74,89.9,1110,0.636
8/20/2018 6:00,906,18.77,88.7,959,0.938
8/20/2018 7:00,907,19.02,89.6,755,0.832
8/20/2018 8:00,908,19.51,89.5,512.9,0.517
8/20/2018 9:00,909,21.11,82.5,249.5,0.316
8/20/2018 10:00,910,23.54,80.6,-16.42,0.54
8/20/2018 11:00,911,25.15,70.72,-275.3,0.54
8/20/2018 12:00,912,26.25,59.97,-498.7,0.662
8/20/2018 13:00,913,27.6,60.33,-675.2,0.615
8/20/2018 14:00,914,28.37,63.3,-792.9,0.725
8/20/2018 15:00,915,28.34,69.26,-844,0.49
8/20/2018 16:00,916,28.29,65.31,-825,0.512
8/20/2018 17:00,917,28.42,63.88,-736.3,0.468
8/20/2018 18:00,918,27.19,73.1,-585.2,0.762
8/20/2018 19:00,919,24.52,81.8,-381.4,0.867
8/20/2018 20:00,920,23.33,84.3,-137.4,0.82
8/20/2018 21:00,921,22.51,87.2,129.3,0.785
8/20/2018 22:00,922,22.27,85.6,394.5,1.044
8/20/2018 23:00,923,21.96,86.8,648.2,0.981
8/21/2018 0:00,924,21.67,85.6,871,0.952
8/21/2018 1:00,925,21.63,85.3,1047,0.851
8/21/2018 2:00,926,21.49,86.2,1164,0.792
8/21/2018 3:00,927,21.54,84.4,1214,0.768
8/21/2018 4:00,928,21.65,82.2,1194,0.653
8/21/2018 5:00,929,21.78,82.3,1105,0.823
8/21/2018 6:00,930,21.77,82.6,954,0.886
8/21/2018 7:00,931,21.85,84.3,749.8,0.971
8/21/2018 8:00,932,22.49,76.47,507.3,1.108
8/21/2018 9:00,933,23.71,77.37,243.6,1.146
8/21/2018 10:00,934,23.87,77.6,-22.78,0.753
8/21/2018 11:00,935,25.53,80.5,-281.8,1
8/21/2018 12:00,936,26.94,78.74,-505.4,0.906
8/21/2018 13:00,937,25.65,81.2,-681.9,0.995
8/21/2018 14:00,938,25.3,79.72,-799.5,1.47
8/21/2018 15:00,939,22.86,90,-850,1.462
8/21/2018 16:00,940,23.29,83.1,-831,1.136
8/21/2018 17:00,941,25.29,82.4,-742,0.989
8/21/2018 18:00,942,24.14,92.3,-590.4,0.271
8/21/2018 19:00,943,23.02,96.2,-386.2,0.486
8/21/2018 20:00,944,21.9,96.3,-141.9,0.773
8/21/2018 21:00,945,20.91,98.5,125.5,0.64
8/21/2018 22:00,946,20.42,99.8,390.9,0.618
8/21/2018 23:00,947,20.34,98.5,644.8,0.527
8/22/2018 0:00,948,20.47,99.1,867,0.759
8/22/2018 1:00,949,20.44,98.5,1043,0.916
8/22/2018 2:00,950,20.37,98.9,1160,1.082
8/22/2018 3:00,951,20.37,99.5,1210,1.507
8/22/2018 4:00,952,20.31,99.8,1190,1.318
8/22/2018 5:00,953,20.04,100,1101,1.207
8/22/2018 6:00,954,19.86,99.9,949,1.037
8/22/2018 7:00,955,19.38,100,744.6,0.697
8/22/2018 8:00,956,19.09,99,501.6,0.445
8/22/2018 9:00,957,19.17,89.3,237.6,0.922
8/22/2018 10:00,958,20.09,84.8,-29.24,0.866
8/22/2018 11:00,959,21.25,81.4,-288.5,1.031
8/22/2018 12:00,960,21.79,78.45,-512.1,1.265
8/22/2018 13:00,961,21.7,81.2,-688.6,1.892
8/22/2018 14:00,962,21.58,74.6,-806,1.793
8/22/2018 15:00,963,22.46,68,-857,1.527
8/22/2018 16:00,964,22.75,61.13,-837,1.802
8/22/2018 17:00,965,22.8,70.46,-747.6,1.835
8/22/2018 18:00,966,21.67,65.82,-595.6,1.765
8/22/2018 19:00,967,20.72,62.58,-390.9,1.274
8/22/2018 20:00,968,19.28,71.15,-146.4,1.2
8/22/2018 21:00,969,17.34,74.49,121.7,0.459
8/22/2018 22:00,970,16.81,82.5,387.3,0.213
8/22/2018 23:00,971,16.39,84,641.4,0.436
8/23/2018 0:00,972,15.72,83.5,864,0.523
8/23/2018 1:00,973,15.19,89.5,1040,0.603
8/23/2018 2:00,974,14.5,90.8,1157,0.317
8/23/2018 3:00,975,14.14,95.5,1207,0.608
8/23/2018 4:00,976,13.38,98.5,1186,0.562
8/23/2018 5:00,977,12.95,99.8,1097,0.436
8/23/2018 6:00,978,12.48,100,944,0.218
8/23/2018 7:00,979,12.1,100,739.2,0.25
8/23/2018 8:00,980,12.59,96,495.9,0.263
8/23/2018 9:00,981,14.58,87.5,231.5,0.349
8/23/2018 10:00,982,16.62,79.64,-35.79,0.684
8/23/2018 11:00,983,18.42,62.36,-295.1,0.793
8/23/2018 12:00,984,20.05,52.22,-518.9,0.836
8/23/2018 13:00,985,20.99,55.49,-695.3,0.896
8/23/2018 14:00,986,21.54,51.98,-813,0.909
8/23/2018 15:00,987,21.8,52.34,-863,0.968
8/23/2018 16:00,988,22.71,49.67,-843,1.292
8/23/2018 17:00,989,23.17,42.78,-753.2,1.021
8/23/2018 18:00,990,23.14,47.14,-600.8,0.854
8/23/2018 19:00,991,22.95,56.46,-395.7,0.693
8/23/2018 20:00,992,21.61,53.87,-150.9,0.429
8/23/2018 21:00,993,18.95,72.79,117.9,0.357
8/23/2018 22:00,994,16.65,83.5,383.6,0.877
8/23/2018 23:00,995,16.02,76.48,637.9,1.033
8/24/2018 0:00,996,15.98,76.23,861,0.597
8/24/2018 1:00,997,15.71,81.4,1036,0.649
8/24/2018 2:00,998,14.84,87.1,1153,0.524
8/24/2018 3:00,999,14.61,88.3,1203,0.267
8/24/2018 4:00,1000,14.39,91.9,1182,0.122
8/24/2018 5:00,1001,13.18,95.2,1092,0.147
8/24/2018 6:00,1002,12.96,91.9,939,0.146
8/24/2018 7:00,1003,13.05,92.9,733.8,0.076
8/24/2018 8:00,1004,13.59,84.1,490,0.152
8/24/2018 9:00,1005,16.4,72.86,225.3,0.548
8/24/2018 10:00,1006,19.51,58.45,-42.42,0.465
8/24/2018 11:00,1007,22.12,57.5,-301.9,0.636
8/24/2018 12:00,1008,23.5,49.76,-525.7,0.947
8/24/2018 13:00,1009,24.52,52.57,-702.1,0.695
8/24/2018 14:00,1010,24.71,45.49,-819,0.948
8/24/2018 15:00,1011,25.29,49.57,-869,0.894
8/24/2018 16:00,1012,25.92,42.88,-849,0.798
8/24/2018 17:00,1013,26.05,44.31,-758.9,0.765
8/24/2018 18:00,1014,25.89,47.92,-606,1.075
8/24/2018 19:00,1015,24.6,49,-400.5,0.903
8/24/2018 20:00,1016,22.83,68.2,-155.3,0.469
8/24/2018 21:00,1017,20.22,81,114,0.705
8/24/2018 22:00,1018,19.16,71.15,379.9,0.922
8/24/2018 23:00,1019,18.45,78.56,634.4,0.577
8/25/2018 0:00,1020,18.03,67.77,857,1.17
8/25/2018 1:00,1021,18.83,71.62,1033,1.169
8/25/2018 2:00,1022,18.12,68.7,1150,1.168
8/25/2018 3:00,1023,18.09,70.16,1199,1.01
8/25/2018 4:00,1024,17.68,72.17,1178,0.815
8/25/2018 5:00,1025,17.01,74.79,1087,0.467
8/25/2018 6:00,1026,16.49,77.96,934,0.3
8/25/2018 7:00,1027,16.33,80.2,728.3,0.885
8/25/2018 8:00,1028,16.52,78.76,484.1,0.743
8/25/2018 9:00,1029,17.19,78.61,219.1,0.661
8/25/2018 10:00,1030,19.22,66.32,-49.13,0.568
8/25/2018 11:00,1031,21.57,64.35,-308.7,0.795
8/25/2018 12:00,1032,21.85,65.7,-532.6,0.433
8/25/2018 13:00,1033,23.21,60.93,-709,0.6
8/25/2018 14:00,1034,23.43,64.21,-826,0.576
8/25/2018 15:00,1035,24.49,63.45,-876,0.593
8/25/2018 16:00,1036,23.15,69.96,-855,0.253
8/25/2018 17:00,1037,22.74,73.01,-764.6,0.188
8/25/2018 18:00,1038,22.87,73.13,-611.3,0.491
8/25/2018 19:00,1039,22.59,72.15,-405.3,0.671
8/25/2018 20:00,1040,21.67,77.11,-159.8,0.784
8/25/2018 21:00,1041,20.6,78.34,110.1,0.518
8/25/2018 22:00,1042,20.26,80,376.3,0.593
8/25/2018 23:00,1043,19.72,83,630.9,0.107
8/26/2018 0:00,1044,19.6,80.5,854,0.546
8/26/2018 1:00,1045,19.88,80.4,1029,0.384
8/26/2018 2:00,1046,20.1,83.4,1146,0.304
8/26/2018 3:00,1047,19.84,79.46,1195,0.45
8/26/2018 4:00,1048,19.8,80.6,1173,0.404
8/26/2018 5:00,1049,19.45,80,1083,0.545
8/26/2018 6:00,1050,19.53,79.9,929,0.405
8/26/2018 7:00,1051,18.99,98.3,722.6,0.633
8/26/2018 8:00,1052,18.21,96.6,478,0.412
8/26/2018 9:00,1053,19.26,94.2,212.7,0.647
8/26/2018 10:00,1054,20.04,89.3,-55.93,0.616
8/26/2018 11:00,1055,21.5,81.1,-315.6,0.578
8/26/2018 12:00,1056,22.03,89,-539.5,0.96
8/26/2018 13:00,1057,22.38,88.7,-715.8,0.721
8/26/2018 14:00,1058,23.51,82.4,-833,0.979
8/26/2018 15:00,1059,23.7,87.7,-882,1.041
8/26/2018 16:00,1060,23.87,87,-861,0.85
8/26/2018 17:00,1061,23.89,86.6,-770.2,0.807
8/26/2018 18:00,1062,24.48,86.2,-616.5,0.398
8/26/2018 19:00,1063,24.39,90.2,-410,0.374
8/26/2018 20:00,1064,23.1,96.2,-164.2,0.35
8/26/2018 21:00,1065,22.47,97.8,106.1,0.395
8/26/2018 22:00,1066,22.17,98.2,372.5,0.468
8/26/2018 23:00,1067,22.1,98.4,627.3,0.517
8/27/2018 0:00,1068,22.22,97.8,850,0.399
8/27/2018 1:00,1069,22.36,95.4,1026,0.28
8/27/2018 2:00,1070,22.05,99.6,1142,0.274
8/27/2018 3:00,1071,21.92,96.6,1191,0.335
8/27/2018 4:00,1072,22.25,96.7,1169,0.218
8/27/2018 5:00,1073,22.07,97.8,1078,0.191
8/27/2018 6:00,1074,21.71,99.5,924,0.338
8/27/2018 7:00,1075,21.56,100,716.9,0.316
8/27/2018 8:00,1076,21.68,96.6,471.9,0.291
8/27/2018 9:00,1077,22.92,95,206.3,0.377
8/27/2018 10:00,1078,23.83,88.5,-62.8,0.468
8/27/2018 11:00,1079,25.69,78.79,-322.5,0.667
8/27/2018 12:00,1080,27.35,76.16,-546.5,0.964
8/27/2018 13:00,1081,28.41,73.66,-722.8,0.869
8/27/2018 14:00,1082,29.48,62.01,-839,1.068
8/27/2018 15:00,1083,28.72,71.57,-889,0.74
8/27/2018 16:00,1084,30.1,58.16,-867,0.875
8/27/2018 17:00,1085,28.4,76.7,-775.9,0.946
8/27/2018 18:00,1086,24.15,80.9,-621.7,1.135
8/27/2018 19:00,1087,24.97,81.8,-414.8,0.411
8/27/2018 20:00,1088,24.61,90,-168.6,0.339
8/27/2018 21:00,1089,23.39,91.2,102.1,0.524
8/27/2018 22:00,1090,22.73,90,368.8,0.58
8/27/2018 23:00,1091,22.26,90.2,623.8,0.394
8/28/2018 0:00,1092,22.6,88.9,847,0.765
8/28/2018 1:00,1093,22.41,94.4,1022,0.188
8/28/2018 2:00,1094,22.24,96.2,1138,0.19
8/28/2018 3:00,1095,22.21,95.9,1187,0.168
8/28/2018 4:00,1096,22.01,95.8,1165,0.031
8/28/2018 5:00,1097,21.92,96.4,1073,0.019
8/28/2018 6:00,1098,21.79,94.5,918,0.021
8/28/2018 7:00,1099,21.74,96.1,711.1,0.094
8/28/2018 8:00,1100,22.25,85.5,465.7,0.098
8/28/2018 9:00,1101,24.14,83.5,199.9,0.212
8/28/2018 10:00,1102,26.1,75.96,-69.75,0.677
8/28/2018 11:00,1103,27.44,70.65,-329.6,0.935
8/28/2018 12:00,1104,28.13,68.2,-553.5,1.487
8/28/2018 13:00,1105,28.8,62.32,-729.7,1.794
8/28/2018 14:00,1106,29.02,66.13,-846,1.514
8/28/2018 15:00,1107,29.85,58.71,-895,1.554
8/28/2018 16:00,1108,30.31,58.82,-873,1.563
8/28/2018 17:00,1109,30.68,57.96,-781.6,1.19
8/28/2018 18:00,1110,30.34,58.85,-626.9,0.973
8/28/2018 19:00,1111,29.42,63.39,-419.6,0.674
8/28/2018 20:00,1112,27.11,78.89,-173.1,0.223
8/28/2018 21:00,1113,25.18,80.5,98.1,0.026
8/28/2018 22:00,1114,24.46,85.5,365,0.078
8/28/2018 23:00,1115,23.36,89.1,620.1,0.545
8/29/2018 0:00,1116,23.06,92.5,843,0.439
8/29/2018 1:00,1117,22.85,93.4,1019,0.23
8/29/2018 2:00,1118,22.63,92.1,1134,0.082
8/29/2018 3:00,1119,22.74,92.6,1183,0.273
8/29/2018 4:00,1120,22.43,95.7,1160,0.192
8/29/2018 5:00,1121,22.02,94,1068,0.14
8/29/2018 6:00,1122,21.82,92.6,913,0.165
8/29/2018 7:00,1123,21.53,95,705.2,0.242
8/29/2018 8:00,1124,22.14,85.7,459.4,0.144
8/29/2018 9:00,1125,24.26,79.94,193.3,0.286
8/29/2018 10:00,1126,25.95,70.25,-76.79,0.745
8/29/2018 11:00,1127,27.33,69.55,-336.6,1.137
8/29/2018 12:00,1128,28.25,71.05,-560.6,1.552
8/29/2018 13:00,1129,29.29,59.2,-736.7,1.575
8/29/2018 14:00,1130,29.8,56.92,-853,1.535
8/29/2018 15:00,1131,30.36,62.98,-902,1.307
8/29/2018 16:00,1132,26.61,84,-879,1.6
8/29/2018 17:00,1133,26.76,70,-787.3,0.544
8/29/2018 18:00,1134,28.51,74.48,-632.2,0.716
8/29/2018 19:00,1135,28.26,69.65,-424.4,1.187
8/29/2018 20:00,1136,26.58,78.24,-177.5,0.375
8/29/2018 21:00,1137,24.76,82.9,94.1,0.222
8/29/2018 22:00,1138,24.34,81.6,361.3,0.519
8/29/2018 23:00,1139,22.79,98,616.5,1.05
8/30/2018 0:00,1140,21.32,100,840,0.615
8/30/2018 1:00,1141,20.78,100,1015,0.354
8/30/2018 2:00,1142,20.4,100,1130,0.303
8/30/2018 3:00,1143,20.31,100,1178,0.337
8/30/2018 4:00,1144,20.37,100,1155,0.218
8/30/2018 5:00,1145,20.47,100,1063,0.044
8/30/2018 6:00,1146,20.41,100,907,0.253
8/30/2018 7:00,1147,20.49,100,699.3,0.215
8/30/2018 8:00,1148,20.79,100,453.1,0.112
8/30/2018 9:00,1149,20.96,99.1,186.7,0.254
8/30/2018 10:00,1150,22.21,88.1,-83.9,0.441
8/30/2018 11:00,1151,23.8,75.45,-343.7,0.693
8/30/2018 12:00,1152,25.03,71.93,-567.7,0.819
8/30/2018 13:00,1153,25.88,64.23,-743.7,0.751
8/30/2018 14:00,1154,26.69,58.64,-860,0.659
8/30/2018 15:00,1155,27.31,65.71,-908,0.651
8/30/2018 16:00,1156,27.34,63.99,-885,0.99
8/30/2018 17:00,1157,27.26,75.65,-792.9,0.854
8/30/2018 18:00,1158,25.76,76.31,-637.4,0.155
8/30/2018 19:00,1159,24.71,87.6,-429.2,0.188
8/30/2018 20:00,1160,23.81,81.3,-181.9,0.112
8/30/2018 21:00,1161,23.46,87.7,90.1,0.431
8/30/2018 22:00,1162,22.9,95.6,357.5,0.197
8/30/2018 23:00,1163,22.09,90.4,612.8,0.228
8/31/2018 0:00,1164,21.76,100,836,0.379
8/31/2018 1:00,1165,21.34,97.3,1011,0.221
8/31/2018 2:00,1166,20.52,96.3,1126,0.114
8/31/2018 3:00,1167,20.21,100,1174,0.596
8/31/2018 4:00,1168,19.59,100,1151,0.18
8/31/2018 5:00,1169,19.72,100,1058,0.07
8/31/2018 6:00,1170,20.16,100,902,0.211
8/31/2018 7:00,1171,20.28,100,693.2,0.156
8/31/2018 8:00,1172,20.53,100,446.6,0.131
8/31/2018 9:00,1173,21,100,180.1,0.156
8/31/2018 10:00,1174,21.44,95.6,-91.1,0.15
8/31/2018 11:00,1175,23.19,82.1,-350.9,0.477
8/31/2018 12:00,1176,24.72,74.38,-574.9,0.748
8/31/2018 13:00,1177,26.33,73.53,-750.8,0.919
8/31/2018 14:00,1178,26.96,68.56,-867,1.071
8/31/2018 15:00,1179,27.87,60.56,-915,1.211
8/31/2018 16:00,1180,28.72,56.04,-891,1.102
8/31/2018 17:00,1181,28.75,57.8,-798.6,0.96
8/31/2018 18:00,1182,29.05,57.71,-642.6,0.621
8/31/2018 19:00,1183,28.75,60.72,-434,0.374
8/31/2018 20:00,1184,26.52,80.2,-186.4,0.246
8/31/2018 21:00,1185,23.36,87.7,86,0.813
8/31/2018 22:00,1186,22.61,89.4,353.6,0.477
8/31/2018 23:00,1187,21.43,91.5,609.1,0.673
9/1/2018 0:00,1188,21.11,90.2,832,0.18
9/1/2018 1:00,1189,20.74,90.7,1007,0.008
9/1/2018 2:00,1190,20.34,93.1,1122,0.029
9/1/2018 3:00,1191,20.04,92.3,1170,0.22
9/1/2018 4:00,1192,20.02,91.2,1146,0.589
9/1/2018 5:00,1193,19.88,91.2,1052,0.563
9/1/2018 6:00,1194,19.73,95.3,896,0.263
9/1/2018 7:00,1195,18.96,99.7,687.1,0.21
9/1/2018 8:00,1196,19.49,88.3,440.1,0.622
9/1/2018 9:00,1197,22.42,76.07,173.4,0.402
9/1/2018 10:00,1198,25.13,69.62,-98.3,0.494
9/1/2018 11:00,1199,26.57,70.2,-358.1,0.518
9/1/2018 12:00,1200,25.81,78.36,-582.1,0.475
9/1/2018 13:00,1201,26.81,61.33,-757.8,0.78
9/1/2018 14:00,1202,28.42,58.58,-873,1.228
9/1/2018 15:00,1203,28.91,59.85,-921,1.194
9/1/2018 16:00,1204,27.86,81.9,-897,1.224
9/1/2018 17:00,1205,23.65,93.5,-804,0.671
9/1/2018 18:00,1206,24.73,84.1,-647.8,0.466
9/1/2018 19:00,1207,24.35,84.5,-438.7,0.502
9/1/2018 20:00,1208,23.04,91.9,-190.8,0.49
9/1/2018 21:00,1209,21.84,90.9,82,0.697
9/1/2018 22:00,1210,21.66,91.3,349.8,0.563
9/1/2018 23:00,1211,21.4,91.3,605.3,0.858
9/2/2018 0:00,1212,21.22,92.3,828,0.547
9/2/2018 1:00,1213,20.78,93.8,1003,0.008
9/2/2018 2:00,1214,20.26,97.2,1118,0.085
9/2/2018 3:00,1215,19.8,94.2,1165,0.218
9/2/2018 4:00,1216,19.93,95,1141,0.221
9/2/2018 5:00,1217,19.7,89.3,1047,0.375
9/2/2018 6:00,1218,20.05,90.6,890,0.078
9/2/2018 7:00,1219,19.57,95.1,680.8,0.014
9/2/2018 8:00,1220,20.11,84.7,433.5,0.245
9/2/2018 9:00,1221,23.19,75.24,166.6,0.154
9/2/2018 10:00,1222,25.35,66.41,-105.6,0.46
9/2/2018 11:00,1223,26.62,67.85,-365.3,0.849
9/2/2018 12:00,1224,27.49,60.66,-589.3,0.947
9/2/2018 13:00,1225,28.44,58.4,-764.9,0.988
9/2/2018 14:00,1226,29.1,52.66,-880,1.195
9/2/2018 15:00,1227,29.51,59.06,-928,1.034
9/2/2018 16:00,1228,30.19,52.79,-904,0.859
9/2/2018 17:00,1229,29.7,54.43,-810,0.821
9/2/2018 18:00,1230,30.44,54.19,-653,0.872
9/2/2018 19:00,1231,30.2,56,-443.5,0.572
9/2/2018 20:00,1232,28.46,78.67,-195.2,0.271
9/2/2018 21:00,1233,24.99,81,77.9,0.612
9/2/2018 22:00,1234,24.16,81.1,345.9,0.606
9/2/2018 23:00,1235,23.54,83.8,601.5,0.756
9/3/2018 0:00,1236,23.63,84.7,825,0.67
9/3/2018 1:00,1237,22.68,86.7,999,0.444
9/3/2018 2:00,1238,22.46,87.1,1114,0.022
9/3/2018 3:00,1239,22.4,89.6,1161,0.014
9/3/2018 4:00,1240,21.88,88.7,1136,0.018
9/3/2018 5:00,1241,21.7,91.9,1042,0.139
9/3/2018 6:00,1242,21.47,89.3,884,0.401
9/3/2018 7:00,1243,21.52,88.3,674.5,0.09
9/3/2018 8:00,1244,21.89,85.9,426.8,0.013
9/3/2018 9:00,1245,24.24,75.16,159.8,0.281
9/3/2018 10:00,1246,26.87,67.32,-113,0.384
9/3/2018 11:00,1247,27.87,63.58,-372.6,0.657
9/3/2018 12:00,1248,28.75,66.41,-596.5,0.886
9/3/2018 13:00,1249,29.52,59.83,-772,1.031
9/3/2018 14:00,1250,30.41,56.24,-887,0.899
9/3/2018 15:00,1251,31.14,57.29,-934,0.872
9/3/2018 16:00,1252,31.54,49.31,-910,0.937
9/3/2018 17:00,1253,31.59,55.47,-816,0.842
9/3/2018 18:00,1254,31.35,52.67,-658.2,0.612
9/3/2018 19:00,1255,31.1,52.93,-448.3,0.388
9/3/2018 20:00,1256,29.3,75.35,-199.6,0.088
9/3/2018 21:00,1257,25.99,84.4,73.81,0.919
9/3/2018 22:00,1258,24.74,80,342,0.658
9/3/2018 23:00,1259,24.17,83.2,597.7,0.281
9/4/2018 0:00,1260,23.75,81.2,821,0.204
9/4/2018 1:00,1261,23.75,90.1,995,0.136
9/4/2018 2:00,1262,22.42,91.4,1110,0.322
9/4/2018 3:00,1263,22.21,88.8,1156,0.112
9/4/2018 4:00,1264,21.78,91.8,1131,0.098
9/4/2018 5:00,1265,21.41,97.5,1036,0.247
9/4/2018 6:00,1266,20.69,98.7,878,0.295
9/4/2018 7:00,1267,20.54,99.1,668.2,0.348
9/4/2018 8:00,1268,20.75,96.4,420.1,0.342
9/4/2018 9:00,1269,23.78,77.37,152.9,0.065
9/4/2018 10:00,1270,26.72,68.44,-120.5,0.288
9/4/2018 11:00,1271,28.07,66.24,-379.9,0.554
9/4/2018 12:00,1272,29.72,61.62,-603.8,0.555
9/4/2018 13:00,1273,30.75,58.52,-779.1,0.853
9/4/2018 14:00,1274,31.39,60.71,-894,0.815
9/4/2018 15:00,1275,31.36,47.24,-941,0.701
9/4/2018 16:00,1276,32.04,49.75,-916,0.654
9/4/2018 17:00,1277,32.63,55.9,-821,0.663
9/4/2018 18:00,1278,31.28,56.62,-663.4,0.401
9/4/2018 19:00,1279,31,61.28,-453,0.057
9/4/2018 20:00,1280,27.41,71.63,-204.1,0.663
9/4/2018 21:00,1281,25.21,74.17,69.7,0.228
9/4/2018 22:00,1282,24.71,77.67,338.1,0.173
9/4/2018 23:00,1283,23.7,80.6,593.9,0.156
9/5/2018 0:00,1284,23.41,79.47,817,0.102
9/5/2018 1:00,1285,22.99,83.3,991,0.015
9/5/2018 2:00,1286,22.82,84.6,1105,0.022
9/5/2018 3:00,1287,22.73,85.2,1151,0.09
9/5/2018 4:00,1288,21.67,98,1126,0.233
9/5/2018 5:00,1289,20.91,97.8,1031,0.195
9/5/2018 6:00,1290,21.18,91.3,872,0.027
9/5/2018 7:00,1291,21.4,93.2,661.7,0.283
9/5/2018 8:00,1292,21.62,84.5,413.3,0.221
9/5/2018 9:00,1293,24.23,77.8,146.1,0.164
9/5/2018 10:00,1294,26.84,68.01,-128,0.489
9/5/2018 11:00,1295,28.75,62.74,-387.3,0.623
9/5/2018 12:00,1296,30.05,57.2,-611.1,0.658
9/5/2018 13:00,1297,30.44,52.09,-786.2,0.975
9/5/2018 14:00,1298,30.94,54.31,-901,0.905
9/5/2018 15:00,1299,31.5,58.01,-947,0.91
9/5/2018 16:00,1300,31.85,50.23,-922,0.742
9/5/2018 17:00,1301,31.87,51.61,-827,0.86
9/5/2018 18:00,1302,31.07,56.75,-668.6,0.75
9/5/2018 19:00,1303,30.28,60.48,-457.8,0.294
9/5/2018 20:00,1304,28.33,68,-208.5,0.246
9/5/2018 21:00,1305,26.03,81.4,65.57,0.555
9/5/2018 22:00,1306,25,83,334.2,0.669
9/5/2018 23:00,1307,24.56,80.4,590,0.356
9/6/2018 0:00,1308,24.27,82.4,813,0.209
9/6/2018 1:00,1309,23.49,87.1,987,0.097
9/6/2018 2:00,1310,23.05,91,1101,0.32
9/6/2018 3:00,1311,22.83,91.9,1146,0.109
9/6/2018 4:00,1312,22.39,92.9,1121,0.028
9/6/2018 5:00,1313,22.11,92.9,1025,0.122
9/6/2018 6:00,1314,22.02,90.6,866,0.322
9/6/2018 7:00,1315,21.77,89.4,655.2,0.063
9/6/2018 8:00,1316,22.11,84.4,406.5,0.226
9/6/2018 9:00,1317,24.18,77.52,139.1,0.347
9/6/2018 10:00,1318,26.04,76.92,-135.6,0.849
9/6/2018 11:00,1319,25.54,81.7,-394.7,0.903
9/6/2018 12:00,1320,27.92,67.48,-618.4,0.663
9/6/2018 13:00,1321,28.71,65.02,-793.3,0.881
9/6/2018 14:00,1322,30.16,57.91,-908,0.871
9/6/2018 15:00,1323,28.33,74,-953,0.711
9/6/2018 16:00,1324,24.03,96.5,-928,1.024
9/6/2018 17:00,1325,21.63,93.7,-832,0.413
9/6/2018 18:00,1326,21.67,96.2,-673.7,0.65
9/6/2018 19:00,1327,21.9,95.5,-462.5,0.534
9/6/2018 20:00,1328,21.68,100,-212.9,0.251
9/6/2018 21:00,1329,20.86,100,61.43,0.129
9/6/2018 22:00,1330,20.49,98.2,330.2,0.263
9/6/2018 23:00,1331,20.2,100,586,0.36
9/7/2018 0:00,1332,19.78,100,809,0.229
9/7/2018 1:00,1333,19.63,100,983,0.437
9/7/2018 2:00,1334,19.57,100,1096,0.576
9/7/2018 3:00,1335,19.36,100,1142,0.213
9/7/2018 4:00,1336,19.3,100,1115,0.205
9/7/2018 5:00,1337,19.25,100,1019,0.196
9/7/2018 6:00,1338,19.33,100,860,0.37
9/7/2018 7:00,1339,19.12,100,648.6,0.379
9/7/2018 8:00,1340,19.23,100,399.5,0.267
9/7/2018 9:00,1341,19.76,100,132.2,0.263
9/7/2018 10:00,1342,20.16,100,-143.3,0.225
9/7/2018 11:00,1343,20.9,99.9,-402.1,0.348
9/7/2018 12:00,1344,22.99,82.9,-625.7,0.731
9/7/2018 13:00,1345,25.29,68.53,-800,0.665
9/7/2018 14:00,1346,26.61,65.46,-914,0.979
9/7/2018 15:00,1347,27.54,69.46,-960,0.896
9/7/2018 16:00,1348,27.76,68.49,-934,1.045
9/7/2018 17:00,1349,28.37,62.18,-838,0.707
9/7/2018 18:00,1350,27.67,76.01,-678.9,0.773
9/7/2018 19:00,1351,22.27,95.9,-467.3,0.623
9/7/2018 20:00,1352,21.45,99,-217.3,0.39
9/7/2018 21:00,1353,21.46,100,57.28,0.137
9/7/2018 22:00,1354,21.34,100,326.3,0.136
9/7/2018 23:00,1355,21.25,100,582.1,0.37
9/8/2018 0:00,1356,21.17,100,805,0.079
9/8/2018 1:00,1357,20.62,100,979,0.192
9/8/2018 2:00,1358,20.19,100,1092,0.205
9/8/2018 3:00,1359,20.02,100,1137,0.496
9/8/2018 4:00,1360,19.76,100,1110,0.687
9/8/2018 5:00,1361,19.6,100,1013,0.696
9/8/2018 6:00,1362,19.68,100,854,0.411
9/8/2018 7:00,1363,19.81,100,642,0.418
9/8/2018 8:00,1364,19.87,100,392.6,0.453
9/8/2018 9:00,1365,18.86,94,125.2,1.528
9/8/2018 10:00,1366,17.31,92.8,-151,2.136
9/8/2018 11:00,1367,17.95,84.9,-409.5,1.826
9/8/2018 12:00,1368,18.59,83.4,-633.1,1.682
9/8/2018 13:00,1369,18.92,81.4,-808,1.797
9/8/2018 14:00,1370,19.84,75.44,-921,1.521
9/8/2018 15:00,1371,20.44,78.58,-966,0.954
9/8/2018 16:00,1372,19.28,77.67,-940,1.147
9/8/2018 17:00,1373,18.13,86.5,-844,1.379
9/8/2018 18:00,1374,17.24,77.68,-684,1.184
9/8/2018 19:00,1375,15.92,86.7,-472,1.306
9/8/2018 20:00,1376,14.04,100,-221.8,1.1
9/8/2018 21:00,1377,13.67,94.6,53.11,1.639
9/8/2018 22:00,1378,13.77,98.5,322.3,1.121
9/8/2018 23:00,1379,13.89,96.8,578.1,1.507
9/9/2018 0:00,1380,13.67,99.6,801,1.131
9/9/2018 1:00,1381,13.44,99.9,974,1.47
9/9/2018 2:00,1382,13.07,97.4,1087,0.9
9/9/2018 3:00,1383,12.86,97.7,1132,1.034
9/9/2018 4:00,1384,12.32,97.8,1105,1.324
9/9/2018 5:00,1385,12.07,95.6,1008,1.213
9/9/2018 6:00,1386,12.04,98,848,1.136
9/9/2018 7:00,1387,12.46,99.3,635.3,1.236
9/9/2018 8:00,1388,12.59,99.4,385.5,1.514
9/9/2018 9:00,1389,12.89,99.7,118.1,2.115
9/9/2018 10:00,1390,12.92,99.4,-158.6,2.03
9/9/2018 11:00,1391,13.34,99,-416.9,2.632
9/9/2018 12:00,1392,13.68,97.2,-640.4,2.878
9/9/2018 13:00,1393,14.24,96.4,-815,3.113
9/9/2018 14:00,1394,14.39,97.8,-928,2.904
9/9/2018 15:00,1395,14.37,99.5,-973,2.136
9/9/2018 16:00,1396,14.82,95,-946,2.262
9/9/2018 17:00,1397,14.91,94.7,-849,1.934
9/9/2018 18:00,1398,15.31,90.6,-689.1,1.919
9/9/2018 19:00,1399,15.53,94.8,-476.7,2.142
9/9/2018 20:00,1400,14.74,94.7,-226.2,2.316
9/9/2018 21:00,1401,14.63,95.7,48.94,2.025
9/9/2018 22:00,1402,14.83,90.9,318.3,2.493
9/9/2018 23:00,1403,14.86,89.4,574.1,2.49
9/10/2018 0:00,1404,14.49,98.1,796.5,2.245
9/10/2018 1:00,1405,14.4,98.6,970,2.461
9/10/2018 2:00,1406,14.29,100,1083,2.229
9/10/2018 3:00,1407,14.32,100,1127,1.761
9/10/2018 4:00,1408,14.46,100,1099,1.917
9/10/2018 5:00,1409,14.78,98.1,1002,2.176
9/10/2018 6:00,1410,15.14,94.9,841,2.415
9/10/2018 7:00,1411,15.61,92.4,628.5,2.118
9/10/2018 8:00,1412,16.07,92.6,378.5,2.378
9/10/2018 9:00,1413,16.97,89.8,110.9,2.544
9/10/2018 10:00,1414,17.81,86,-166.2,2.41
9/10/2018 11:00,1415,18.44,94.1,-424.4,1.873
9/10/2018 12:00,1416,18.36,96.6,-647.7,0.401
9/10/2018 13:00,1417,18.9,98.4,-822,0.881
9/10/2018 14:00,1418,18.88,99,-935,0.694
9/10/2018 15:00,1419,19.1,98.3,-979,0.185
9/10/2018 16:00,1420,19.1,100,-952,0.311
9/10/2018 17:00,1421,19.54,99.3,-855,0.274
9/10/2018 18:00,1422,19.67,100,-694.2,0.125
9/10/2018 19:00,1423,19.45,100,-481.5,0.675
9/10/2018 20:00,1424,18.76,100,-230.6,1.126
9/10/2018 21:00,1425,18,100,44.75,1.085
9/10/2018 22:00,1426,17.55,100,314.2,0.865
9/10/2018 23:00,1427,17.39,100,570,0.24
9/11/2018 0:00,1428,17.27,100,792.3,0.543
9/11/2018 1:00,1429,16.52,100,966,0.714
9/11/2018 2:00,1430,15.87,100,1078,0.813
9/11/2018 3:00,1431,15.52,100,1121,0.242
9/11/2018 4:00,1432,15.44,100,1093,0.177
9/11/2018 5:00,1433,15.38,100,996,0.097
9/11/2018 6:00,1434,15.43,100,835,0.002
9/11/2018 7:00,1435,15.39,100,621.7,0.045
9/11/2018 8:00,1436,15.12,98.7,371.3,0.281
9/11/2018 9:00,1437,15.31,97.1,103.6,0.15
9/11/2018 10:00,1438,15.83,98.7,-173.8,0.275
9/11/2018 11:00,1439,16.4,94.9,-431.9,0.326
9/11/2018 12:00,1440,18.04,90.8,-655.1,0.381
9/11/2018 13:00,1441,18.43,92.4,-829,0.468
9/11/2018 14:00,1442,18.2,83.3,-942,0.435
9/11/2018 15:00,1443,18.98,84.1,-986,0.334
9/11/2018 16:00,1444,19.48,80.9,-958,0.554
9/11/2018 17:00,1445,19.93,82.7,-860,0.46
9/11/2018 18:00,1446,19.69,84.7,-699.3,0.347
9/11/2018 19:00,1447,19.15,92.6,-486.2,0.325
9/11/2018 20:00,1448,18.27,93.5,-235,0.11
9/11/2018 21:00,1449,17.7,98.4,40.55,0.339
9/11/2018 22:00,1450,17.36,97.6,310.2,0.283
9/11/2018 23:00,1451,17.49,98.1,565.9,0.081
9/12/2018 0:00,1452,17.28,98.6,788.1,0.201
9/12/2018 1:00,1453,17.01,100,961,0.334
9/12/2018 2:00,1454,16.81,100,1073,0.702
9/12/2018 3:00,1455,16.62,100,1116,0.622
9/12/2018 4:00,1456,16.65,100,1088,0.287
9/12/2018 5:00,1457,16.65,100,990,0.309
9/12/2018 6:00,1458,16.53,100,828,0.469
9/12/2018 7:00,1459,16.86,100,614.8,0.545
9/12/2018 8:00,1460,16.77,100,364.2,0.801
9/12/2018 9:00,1461,17.48,100,96.3,0.456
9/12/2018 10:00,1462,18.25,100,-181.4,0.552
9/12/2018 11:00,1463,18.44,99.7,-439.4,0.453
9/12/2018 12:00,1464,19.16,97.9,-662.4,0.409
9/12/2018 13:00,1465,19.29,100,-836,0.355
9/12/2018 14:00,1466,19.73,100,-948,0.672
9/12/2018 15:00,1467,21.52,87.2,-992,0.872
9/12/2018 16:00,1468,24.74,79.2,-964,0.757
9/12/2018 17:00,1469,25.27,80.7,-866,0.768
9/12/2018 18:00,1470,24.73,89.9,-704.3,0.541
9/12/2018 19:00,1471,23.76,90.2,-490.8,0.582
9/12/2018 20:00,1472,22.45,97.5,-239.4,0.183
9/12/2018 21:00,1473,21.94,97.7,36.34,0.158
9/12/2018 22:00,1474,21.45,96.6,306.1,0.261
9/12/2018 23:00,1475,20.98,97.6,561.8,0.28
9/13/2018 0:00,1476,21.08,97.4,783.8,0.272
9/13/2018 1:00,1477,20.94,93.2,957,0.136
9/13/2018 2:00,1478,20.86,97.5,1068,0.133
9/13/2018 3:00,1479,20.6,94.8,1111,0.316
9/13/2018 4:00,1480,20.76,94.9,1082,0.216
9/13/2018 5:00,1481,20.63,94.1,983,0.291
9/13/2018 6:00,1482,20.64,95.6,822,0.238
9/13/2018 7:00,1483,20.27,98.4,607.8,0.094
9/13/2018 8:00,1484,20.94,86.5,357,0.093
9/13/2018 9:00,1485,23.12,84.5,88.9,0.411
9/13/2018 10:00,1486,23.66,83.5,-189,0.468
9/13/2018 11:00,1487,24.75,76.83,-446.8,0.499
9/13/2018 12:00,1488,26.77,69.75,-669.8,0.618
9/13/2018 13:00,1489,28.04,67.08,-843,0.744
9/13/2018 14:00,1490,27.91,72.74,-955,0.591
9/13/2018 15:00,1491,27.91,69.39,-998,0.723
9/13/2018 16:00,1492,28.94,65.4,-970,0.711
9/13/2018 17:00,1493,27.13,69.99,-871,0.464
9/13/2018 18:00,1494,26.35,70.97,-709.4,0.195
9/13/2018 19:00,1495,24.85,74.74,-495.5,0.424
9/13/2018 20:00,1496,23.24,85.9,-243.8,0.615
9/13/2018 21:00,1497,22.02,87.5,32.11,1.051
9/13/2018 22:00,1498,21.58,89.7,302,0.83
9/13/2018 23:00,1499,21.61,89,557.6,0.816
9/14/2018 0:00,1500,21.75,84.5,779.4,0.951
9/14/2018 1:00,1501,21.82,90.4,952,0.804
9/14/2018 2:00,1502,21.28,86.1,1063,0.769
9/14/2018 3:00,1503,21.3,81.3,1106,0.739
9/14/2018 4:00,1504,21.05,86.8,1076,0.481
9/14/2018 5:00,1505,21.1,84.4,977,0.585
9/14/2018 6:00,1506,20.32,88.8,815,0.234
9/14/2018 7:00,1507,20.15,89.7,600.8,0.508
9/14/2018 8:00,1508,20.42,90.3,349.7,0.35
9/14/2018 9:00,1509,20.56,86.4,81.4,0.534
9/14/2018 10:00,1510,23.29,75.95,-196.6,0.68
9/14/2018 11:00,1511,25.95,66.56,-454.3,0.688
9/14/2018 12:00,1512,28.13,60.7,-677.1,0.891
9/14/2018 13:00,1513,28.44,65.75,-850,0.849
9/14/2018 14:00,1514,27.69,73.27,-962,0.853
9/14/2018 15:00,1515,28.08,64.03,-1005,1.005
9/14/2018 16:00,1516,27.63,67.16,-976,0.815
9/14/2018 17:00,1517,27.23,65.89,-877,0.721
9/14/2018 18:00,1518,27.13,66.78,-714.4,0.803
9/14/2018 19:00,1519,25.89,77.34,-500.2,0.573
9/14/2018 20:00,1520,23.13,86.6,-248.2,0.51
9/14/2018 21:00,1521,21.77,92.2,27.87,0.423
9/14/2018 22:00,1522,21.19,90.6,297.8,0.269
9/14/2018 23:00,1523,21.16,90.6,553.4,0.577
9/15/2018 0:00,1524,20.81,92.6,775.1,0.653
9/15/2018 1:00,1525,20.66,93.2,947,0.739
9/15/2018 2:00,1526,20.7,89.9,1058,0.549
9/15/2018 3:00,1527,20.54,92.1,1100,0.703
9/15/2018 4:00,1528,20.43,90,1070,0.607
9/15/2018 5:00,1529,20.62,86.2,971,0.892
9/15/2018 6:00,1530,20.63,87.2,808,0.897
9/15/2018 7:00,1531,20.52,92,593.8,0.785
9/15/2018 8:00,1532,20.45,87,342.4,0.786
9/15/2018 9:00,1533,21.55,80.2,73.96,0.814
9/15/2018 10:00,1534,23.16,68.57,-204.2,0.638
9/15/2018 11:00,1535,24.3,73.32,-461.8,0.779
9/15/2018 12:00,1536,25.53,65.75,-684.4,0.992
9/15/2018 13:00,1537,26.29,69.31,-857,0.966
9/15/2018 14:00,1538,25.74,76.02,-969,0.668
9/15/2018 15:00,1539,26.26,67.94,-1011,0.691
9/15/2018 16:00,1540,25.92,70.66,-981,0.585
9/15/2018 17:00,1541,25.21,73.2,-882,0.717
9/15/2018 18:00,1542,24.48,77.89,-719.4,0.738
9/15/2018 19:00,1543,23.12,85.2,-504.8,0.663
9/15/2018 20:00,1544,21.72,89,-252.7,0.378
9/15/2018 21:00,1545,20.86,89.1,23.62,0.292
9/15/2018 22:00,1546,20.28,91.9,293.7,0.505
9/15/2018 23:00,1547,19.99,93.4,549.1,0.443
9/16/2018 0:00,1548,20.06,89.1,770.6,0.488
9/16/2018 1:00,1549,19.87,91.6,943,0.504
9/16/2018 2:00,1550,19.72,90.6,1053,0.533
9/16/2018 3:00,1551,20.04,92.7,1095,0.618
9/16/2018 4:00,1552,19.98,87.5,1065,0.644
9/16/2018 5:00,1553,19.92,87.6,964,1.268
9/16/2018 6:00,1554,19.29,92.8,801,1.004
9/16/2018 7:00,1555,19.31,95.5,586.7,1.2
9/16/2018 8:00,1556,20.02,86.8,335.1,1.428
9/16/2018 9:00,1557,21.07,80.4,66.46,0.974
9/16/2018 10:00,1558,22.51,70.79,-211.8,0.73
9/16/2018 11:00,1559,24.39,68.1,-469.3,0.982
9/16/2018 12:00,1560,25.75,66.02,-691.7,1.117
9/16/2018 13:00,1561,26.69,63.71,-864,1.361
9/16/2018 14:00,1562,26.78,64.18,-975,1.135
9/16/2018 15:00,1563,26.97,60.46,-1017,0.944
9/16/2018 16:00,1564,26.46,69.79,-987,0.992
9/16/2018 17:00,1565,24.49,72.7,-887,0.926
9/16/2018 18:00,1566,23.83,77.38,-724.4,0.925
9/16/2018 19:00,1567,22.79,81.4,-509.5,0.659
9/16/2018 20:00,1568,21.7,86.1,-257.1,0.422
9/16/2018 21:00,1569,21.48,82.4,19.35,0.48
9/16/2018 22:00,1570,21.63,79.77,289.5,0.573
9/16/2018 23:00,1571,21.77,75.32,544.9,0.824
9/17/2018 0:00,1572,21.6,74.36,766.2,0.95
9/17/2018 1:00,1573,21.55,77.84,938,0.928
9/17/2018 2:00,1574,21.18,80.3,1048,0.788
9/17/2018 3:00,1575,21.18,79.68,1089,0.77
9/17/2018 4:00,1576,21.38,80.6,1059,0.558
9/17/2018 5:00,1577,21.29,83.3,958,0.607
9/17/2018 6:00,1578,21.37,87,794.7,0.582
9/17/2018 7:00,1579,20.58,93.8,579.6,0.659
9/17/2018 8:00,1580,20.14,96.4,327.8,0.703
9/17/2018 9:00,1581,20.22,93.7,58.92,0.754
9/17/2018 10:00,1582,19.88,99,-219.4,1.247
9/17/2018 11:00,1583,20.56,91.9,-476.8,1.244
9/17/2018 12:00,1584,21.6,93.9,-699,0.681
9/17/2018 13:00,1585,23.66,79.84,-871,0.69
9/17/2018 14:00,1586,26.49,67.45,-982,0.73
9/17/2018 15:00,1587,25.95,89.4,-1023,0.626
9/17/2018 16:00,1588,22.93,99.7,-993,1.392
9/17/2018 17:00,1589,23.02,93.2,-893,0.448
9/17/2018 18:00,1590,23.83,92.1,-729.3,0.328
9/17/2018 19:00,1591,22.39,97.7,-514.1,0.705
9/17/2018 20:00,1592,21.82,98.5,-261.5,0.512
9/17/2018 21:00,1593,21.72,99.1,15.07,0.187
9/17/2018 22:00,1594,21.44,100,285.3,0.02
9/17/2018 23:00,1595,21.42,100,540.5,0.446
9/18/2018 0:00,1596,21.15,100,761.6,0.354
9/18/2018 1:00,1597,20.81,100,933,0.103
9/18/2018 2:00,1598,20.73,100,1043,0.013
9/18/2018 3:00,1599,20.68,100,1084,0.01
9/18/2018 4:00,1600,20.56,100,1052,0.629
9/18/2018 5:00,1601,19.77,100,952,1.204
9/18/2018 6:00,1602,19.2,100,787.8,0.929
9/18/2018 7:00,1603,19.01,100,572.4,0.952
9/18/2018 8:00,1604,19,100,320.4,0.66
9/18/2018 9:00,1605,19.16,100,51.37,0.712
9/18/2018 10:00,1606,19.68,95.3,-227,0.86
9/18/2018 11:00,1607,20.9,87.2,-484.2,0.773
9/18/2018 12:00,1608,22.49,82.8,-706.2,0.752
9/18/2018 13:00,1609,23.71,70.12,-878,1.057
9/18/2018 14:00,1610,24.17,72.17,-988,1.141
9/18/2018 15:00,1611,24.77,65.46,-1030,1.098
9/18/2018 16:00,1612,25.69,69.14,-999,1.012
9/18/2018 17:00,1613,26.07,64.64,-898,0.734
9/18/2018 18:00,1614,25.75,69.33,-734.2,0.47
9/18/2018 19:00,1615,25.58,75.11,-518.7,0.439
9/18/2018 20:00,1616,23.25,87.2,-265.9,0.187
9/18/2018 21:00,1617,21.69,94.5,10.78,0.343
9/18/2018 22:00,1618,20.76,97.9,281.1,0.47
9/18/2018 23:00,1619,20.28,95.5,536.2,0.085
9/19/2018 0:00,1620,20.15,94.7,757.1,0.183
9/19/2018 1:00,1621,20.07,97.8,928,0.231
9/19/2018 2:00,1622,19.61,99.1,1038,0.309
9/19/2018 3:00,1623,19.28,99.7,1078,0.131
9/19/2018 4:00,1624,18.95,100,1046,0.323
9/19/2018 5:00,1625,18.95,99.6,945,0.247
9/19/2018 6:00,1626,18.67,100,780.9,0.346
9/19/2018 7:00,1627,18.7,98.5,565.2,0.279
9/19/2018 8:00,1628,18.89,99.5,313,0.127
9/19/2018 9:00,1629,19.69,97.2,43.8,0.321
9/19/2018 10:00,1630,20.58,92.3,-234.6,0.237
9/19/2018 11:00,1631,22.44,83,-491.7,0.814
9/19/2018 12:00,1632,23.8,75.99,-713.4,0.745
9/19/2018 13:00,1633,24.57,70.56,-885,0.839
9/19/2018 14:00,1634,26.28,70.03,-995,0.843
9/19/2018 15:00,1635,26.42,63,-1036,1.084
9/19/2018 16:00,1636,26.69,59.68,-1004,0.901
9/19/2018 17:00,1637,26.58,64.52,-903,0.74
9/19/2018 18:00,1638,26.36,67.84,-739.1,0.757
9/19/2018 19:00,1639,25.61,77.11,-523.3,0.275
9/19/2018 20:00,1640,23.22,83,-270.3,0.111
9/19/2018 21:00,1641,21.64,96,6.471,0.586
9/19/2018 22:00,1642,20.58,95.4,276.8,0.641
9/19/2018 23:00,1643,20.06,92.8,531.8,0.374
9/20/2018 0:00,1644,19.12,93.1,752.5,0.601
9/20/2018 1:00,1645,18.6,95.8,923,0.566
9/20/2018 2:00,1646,18.38,93.4,1032,0.212
9/20/2018 3:00,1647,18.04,97.6,1072,0.261
9/20/2018 4:00,1648,17.4,98.1,1040,0.187
9/20/2018 5:00,1649,17.57,98.2,939,0.003
9/20/2018 6:00,1650,17.2,99.1,774,0.086
9/20/2018 7:00,1651,17.19,99.6,558,0.016
9/20/2018 8:00,1652,17.53,96.4,305.6,0.326
9/20/2018 9:00,1653,20.33,82.9,36.22,0.073
9/20/2018 10:00,1654,22.7,75.22,-242.2,0.298
9/20/2018 11:00,1655,25.16,70.54,-499.1,0.508
9/20/2018 12:00,1656,26.54,67.69,-720.6,0.81
9/20/2018 13:00,1657,27.67,56.35,-892,0.999
9/20/2018 14:00,1658,27.83,58.5,-1001,1.169
9/20/2018 15:00,1659,29.05,59.93,-1042,0.641
9/20/2018 16:00,1660,29.56,56.59,-1010,0.443
9/20/2018 17:00,1661,29.22,59.44,-908,0.413
9/20/2018 18:00,1662,27.69,68.2,-744,0.22
9/20/2018 19:00,1663,26.43,82.5,-527.9,0.547
9/20/2018 20:00,1664,23.91,88,-274.7,0.947
9/20/2018 21:00,1665,23,84.9,2.154,0.822
9/20/2018 22:00,1666,22.59,84.2,272.5,0.931
9/20/2018 23:00,1667,22.06,85.7,527.4,1.111
9/21/2018 0:00,1668,21.96,86.5,747.8,1.254
9/21/2018 1:00,1669,21.86,85.7,918,1.276
9/21/2018 2:00,1670,21.79,85.5,1027,0.943
9/21/2018 3:00,1671,21.63,87,1066,0.706
9/21/2018 4:00,1672,21.13,87.3,1034,0.77
9/21/2018 5:00,1673,21.36,88.1,932,0.76
9/21/2018 6:00,1674,21.24,89.2,767,0.65
9/21/2018 7:00,1675,21.24,88.2,550.7,0.674
9/21/2018 8:00,1676,21.2,85.9,298.2,0.626
9/21/2018 9:00,1677,22.71,79.42,28.63,0.639
9/21/2018 10:00,1678,24.69,72.39,-249.8,0.959
9/21/2018 11:00,1679,26.21,68.15,-506.5,1.13
9/21/2018 12:00,1680,27.3,64.97,-727.8,1.457
9/21/2018 13:00,1681,28.64,62.78,-899,1.547
9/21/2018 14:00,1682,29.2,61.46,-1008,1.358
9/21/2018 15:00,1683,29.76,56.24,-1048,1.186
9/21/2018 16:00,1684,28.72,60.08,-1016,1.232
9/21/2018 17:00,1685,28.85,65.2,-914,1.253
9/21/2018 18:00,1686,27.92,69.66,-748.9,0.884
9/21/2018 19:00,1687,26.84,73.59,-532.5,0.629
9/21/2018 20:00,1688,24.73,78.93,-279.1,0.58
9/21/2018 21:00,1689,24.34,79.28,-2.18,0.886
9/21/2018 22:00,1690,23.79,79.15,268.2,0.96
9/21/2018 23:00,1691,23.52,91.4,522.9,1.458
9/22/2018 0:00,1692,21.01,99.8,743.1,1.076
9/22/2018 1:00,1693,20.55,99.6,913,0.478
9/22/2018 2:00,1694,20.38,97.7,1022,0.56
9/22/2018 3:00,1695,19.96,99.9,1061,0.185
9/22/2018 4:00,1696,19.7,95.8,1028,0.664
9/22/2018 5:00,1697,18.16,91,925,0.842
9/22/2018 6:00,1698,16.85,84.2,760,1.025
9/22/2018 7:00,1699,16,85.8,543.4,0.492
9/22/2018 8:00,1700,15.74,87.3,290.7,0.702
