"TOA5","CR6Series","CR6","3767","CR6.Std.04 CR6-WIFI.01","CPU:ew_fullsun_code Rev1.CR6","51073","soil_moi"
"TIMESTAMP","RECORD","BattV_Min","VW_Avg"
"TS","RN","Volts",""
"","","Min","Avg"
"2018-07-13 12:00:00",0,13.87,"NAN"
"2018-07-13 13:00:00",1,13.86,"NAN"
"2018-07-13 14:00:00",2,13.85,"NAN"
"2018-07-13 15:00:00",3,13.84,"NAN"
"2018-07-13 16:00:00",4,13.72,"NAN"
"2018-07-13 17:00:00",5,13.6,"NAN"
"2018-07-13 18:00:00",6,13.6,"NAN"
"2018-07-13 19:00:00",7,13.64,"NAN"
"2018-07-13 20:00:00",8,13.76,"NAN"
"2018-07-13 21:00:00",9,12.88,"NAN"
"2018-07-13 22:00:00",10,12.84,"NAN"
"2018-07-13 23:00:00",11,12.81,"NAN"
"2018-07-14 00:00:00",12,12.81,"NAN"
"2018-07-14 01:00:00",13,12.77,"NAN"
"2018-07-14 02:00:00",14,12.77,"NAN"
"2018-07-14 03:00:00",15,12.77,"NAN"
"2018-07-14 04:00:00",16,12.76,"NAN"
"2018-07-14 05:00:00",17,12.74,"NAN"
"2018-07-14 06:00:00",18,12.74,"NAN"
"2018-07-14 07:00:00",19,12.74,"NAN"
"2018-07-14 08:00:00",20,12.93,"NAN"
"2018-07-14 09:00:00",21,13.96,"NAN"
"2018-07-14 10:00:00",22,13.95,"NAN"
"2018-07-14 11:00:00",23,13.95,"NAN"
"2018-07-14 12:00:00",24,14.17,"NAN"
"2018-07-14 13:00:00",25,14.11,"NAN"
"2018-07-14 14:00:00",26,14,"NAN"
"2018-07-14 15:00:00",27,13.95,"NAN"
"2018-07-14 16:00:00",28,13.79,"NAN"
"2018-07-14 17:00:00",29,13.75,"NAN"
"2018-07-14 18:00:00",30,13.76,"NAN"
"2018-07-14 19:00:00",31,13.95,"NAN"
"2018-07-14 20:00:00",32,13.79,"NAN"
"2018-07-14 21:00:00",33,12.89,"NAN"
"2018-07-14 22:00:00",34,12.85,"NAN"
"2018-07-14 23:00:00",35,12.83,"NAN"
"2018-07-15 00:00:00",36,12.81,"NAN"
"2018-07-15 01:00:00",37,12.8,"NAN"
"2018-07-15 02:00:00",38,12.77,"NAN"
"2018-07-15 03:00:00",39,12.77,"NAN"
"2018-07-15 04:00:00",40,12.77,"NAN"
"2018-07-15 05:00:00",41,12.76,"NAN"
"2018-07-15 06:00:00",42,12.74,"NAN"
"2018-07-15 07:00:00",43,12.75,"NAN"
"2018-07-15 08:00:00",44,12.9,"NAN"
"2018-07-15 09:00:00",45,13.23,"NAN"
"2018-07-15 10:00:00",46,14.23,"NAN"
"2018-07-15 11:00:00",47,14.11,"NAN"
"2018-07-15 12:00:00",48,14.1,"NAN"
"2018-07-15 13:00:00",49,14.14,"NAN"
"2018-07-15 14:00:00",50,14.06,"NAN"
"2018-07-15 15:00:00",51,13.91,"NAN"
"2018-07-15 16:00:00",52,13.26,"NAN"
"2018-07-15 17:00:00",53,14.11,"NAN"
"2018-07-15 18:00:00",54,14.26,"NAN"
"2018-07-15 19:00:00",55,14.3,"NAN"
"2018-07-15 20:00:00",56,13.84,"NAN"
"2018-07-15 21:00:00",57,12.89,"NAN"
"2018-07-15 22:00:00",58,12.85,"NAN"
"2018-07-15 23:00:00",59,12.84,"NAN"
"2018-07-16 00:00:00",60,12.81,"NAN"
"2018-07-16 01:00:00",61,12.81,"NAN"
"2018-07-16 02:00:00",62,12.78,"NAN"
"2018-07-16 03:00:00",63,12.77,"NAN"
"2018-07-16 04:00:00",64,12.77,"NAN"
"2018-07-16 05:00:00",65,12.76,"NAN"
"2018-07-16 06:00:00",66,12.74,"NAN"
"2018-07-16 07:00:00",67,12.74,"NAN"
"2018-07-16 08:00:00",68,12.9,"NAN"
"2018-07-16 09:00:00",69,14.19,"NAN"
"2018-07-16 10:00:00",70,14.1,"NAN"
"2018-07-16 11:00:00",71,14.21,"NAN"
"2018-07-16 12:00:00",72,14.19,"NAN"
"2018-07-16 13:00:00",73,14.18,"NAN"
"2018-07-16 14:00:00",74,14.17,"NAN"
"2018-07-16 15:00:00",75,14.14,"NAN"
"2018-07-16 16:00:00",76,13.83,"NAN"
"2018-07-16 17:00:00",77,13.8,"NAN"
"2018-07-16 18:00:00",78,13.79,"NAN"
"2018-07-16 19:00:00",79,14.1,"NAN"
"2018-07-16 20:00:00",80,14.15,"NAN"
"2018-07-16 21:00:00",81,12.89,"NAN"
"2018-07-16 22:00:00",82,12.85,"NAN"
"2018-07-16 23:00:00",83,12.85,"NAN"
"2018-07-17 00:00:00",84,12.81,"NAN"
"2018-07-17 01:00:00",85,12.8,"NAN"
"2018-07-17 02:00:00",86,12.78,"NAN"
"2018-07-17 03:00:00",87,12.77,"NAN"
"2018-07-17 04:00:00",88,12.77,"NAN"
"2018-07-17 05:00:00",89,12.77,"NAN"
"2018-07-17 06:00:00",90,12.76,"NAN"
"2018-07-17 07:00:00",91,12.75,"NAN"
"2018-07-17 08:00:00",92,12.81,"NAN"
"2018-07-17 09:00:00",93,12.88,"NAN"
"2018-07-17 10:00:00",94,13.19,"NAN"
"2018-07-17 11:00:00",95,14.15,"NAN"
"2018-07-17 12:00:00",96,14.06,"NAN"
"2018-07-17 13:00:00",97,13.96,"NAN"
"2018-07-17 14:00:00",98,13.96,"NAN"
"2018-07-17 15:00:00",99,14.02,"NAN"
"2018-07-17 16:00:00",100,14.09,"NAN"
"2018-07-17 17:00:00",101,13.87,"NAN"
"2018-07-17 18:00:00",102,13.91,"NAN"
"2018-07-17 19:00:00",103,14.06,"NAN"
"2018-07-17 20:00:00",104,13.95,"NAN"
"2018-07-17 21:00:00",105,12.9,"NAN"
"2018-07-17 22:00:00",106,12.85,"NAN"
"2018-07-17 23:00:00",107,12.84,"NAN"
"2018-07-18 00:00:00",108,12.81,"NAN"
"2018-07-18 01:00:00",109,12.81,"NAN"
"2018-07-18 02:00:00",110,12.78,"NAN"
"2018-07-18 03:00:00",111,12.77,"NAN"
"2018-07-18 04:00:00",112,12.77,"NAN"
"2018-07-18 05:00:00",113,12.74,"NAN"
"2018-07-18 06:00:00",114,12.73,"NAN"
"2018-07-18 07:00:00",115,12.73,"NAN"
"2018-07-18 08:00:00",116,12.86,"NAN"
"2018-07-18 09:00:00",117,14.23,"NAN"
"2018-07-18 10:00:00",118,14.12,"NAN"
"2018-07-18 11:00:00",119,14.15,"NAN"
"2018-07-18 12:00:00",120,14.26,"NAN"
"2018-07-18 13:00:00",121,14.34,"NAN"
"2018-07-18 14:00:00",122,14.29,"NAN"
"2018-07-18 15:00:00",123,14.18,"NAN"
"2018-07-18 16:00:00",124,14.14,"NAN"
"2018-07-18 17:00:00",125,14.06,"NAN"
"2018-07-18 18:00:00",126,13.95,"NAN"
"2018-07-18 19:00:00",127,14.06,"NAN"
"2018-07-18 20:00:00",128,14.06,"NAN"
"2018-07-18 21:00:00",129,12.9,"NAN"
"2018-07-18 22:00:00",130,12.86,"NAN"
"2018-07-18 23:00:00",131,12.85,"NAN"
"2018-07-19 00:00:00",132,12.81,"NAN"
"2018-07-19 01:00:00",133,12.81,"NAN"
"2018-07-19 02:00:00",134,12.78,"NAN"
"2018-07-19 03:00:00",135,12.77,"NAN"
"2018-07-19 04:00:00",136,12.77,"NAN"
"2018-07-19 05:00:00",137,12.74,"NAN"
"2018-07-19 06:00:00",138,12.73,"NAN"
"2018-07-19 07:00:00",139,12.74,"NAN"
"2018-07-19 08:00:00",140,12.86,"NAN"
"2018-07-19 09:00:00",141,14.36,"NAN"
"2018-07-19 10:00:00",142,14.24,"NAN"
"2018-07-19 11:00:00",143,14.24,"NAN"
"2018-07-19 12:00:00",144,14.25,"NAN"
"2018-07-19 13:00:00",145,14.25,"NAN"
"2018-07-19 14:00:00",146,14.25,"NAN"
"2018-07-19 15:00:00",147,14.19,"NAN"
"2018-07-19 16:00:00",148,14.05,"NAN"
"2018-07-19 17:00:00",149,13.98,"NAN"
"2018-07-19 18:00:00",150,13.99,"NAN"
"2018-07-19 19:00:00",151,13.97,"NAN"
"2018-07-19 20:00:00",152,13.93,"NAN"
"2018-07-19 21:00:00",153,12.91,"NAN"
"2018-07-19 22:00:00",154,12.85,"NAN"
"2018-07-19 23:00:00",155,12.84,"NAN"
"2018-07-20 00:00:00",156,12.82,"NAN"
"2018-07-20 01:00:00",157,12.81,"NAN"
"2018-07-20 02:00:00",158,12.78,"NAN"
"2018-07-20 03:00:00",159,12.77,"NAN"
"2018-07-20 04:00:00",160,12.77,"NAN"
"2018-07-20 05:00:00",161,12.77,"NAN"
"2018-07-20 06:00:00",162,12.74,"NAN"
"2018-07-20 07:00:00",163,12.74,"NAN"
"2018-07-20 08:00:00",164,12.9,"NAN"
"2018-07-20 09:00:00",165,13.31,"NAN"
"2018-07-20 10:00:00",166,14.19,"NAN"
"2018-07-20 11:00:00",167,14.18,"NAN"
"2018-07-20 12:00:00",168,14.19,"NAN"
"2018-07-20 13:00:00",169,14.18,"NAN"
"2018-07-20 14:00:00",170,14.18,"NAN"
"2018-07-20 15:00:00",171,14.17,"NAN"
"2018-07-20 16:00:00",172,14.13,"NAN"
"2018-07-20 17:00:00",173,14.24,"NAN"
"2018-07-20 18:00:00",174,13.83,"NAN"
"2018-07-20 19:00:00",175,14.36,"NAN"
"2018-07-20 20:00:00",176,14.45,"NAN"
"2018-07-20 21:00:00",177,12.89,"NAN"
"2018-07-20 22:00:00",178,12.85,"NAN"
"2018-07-20 23:00:00",179,12.85,"NAN"
"2018-07-21 00:00:00",180,12.82,"NAN"
"2018-07-21 01:00:00",181,12.81,"NAN"
"2018-07-21 02:00:00",182,12.8,"NAN"
"2018-07-21 03:00:00",183,12.77,"NAN"
"2018-07-21 04:00:00",184,12.77,"NAN"
"2018-07-21 05:00:00",185,12.78,"NAN"
"2018-07-21 06:00:00",186,12.77,"NAN"
"2018-07-21 07:00:00",187,12.76,"NAN"
"2018-07-21 08:00:00",188,12.81,"NAN"
"2018-07-21 09:00:00",189,13.01,"NAN"
"2018-07-21 10:00:00",190,13.17,"NAN"
"2018-07-21 11:00:00",191,14.41,"NAN"
"2018-07-21 12:00:00",192,14.33,"NAN"
"2018-07-21 13:00:00",193,14.29,"NAN"
"2018-07-21 14:00:00",194,14.27,"NAN"
"2018-07-21 15:00:00",195,14.24,"NAN"
"2018-07-21 16:00:00",196,14.26,"NAN"
"2018-07-21 17:00:00",197,14.39,"NAN"
"2018-07-21 18:00:00",198,14.37,"NAN"
"2018-07-21 19:00:00",199,14.37,"NAN"
"2018-07-21 20:00:00",200,14.37,"NAN"
"2018-07-21 21:00:00",201,12.93,"NAN"
"2018-07-21 22:00:00",202,12.87,"NAN"
"2018-07-21 23:00:00",203,12.85,"NAN"
"2018-07-22 00:00:00",204,12.83,"NAN"
"2018-07-22 01:00:00",205,12.81,"NAN"
"2018-07-22 02:00:00",206,12.81,"NAN"
"2018-07-22 03:00:00",207,12.78,"NAN"
"2018-07-22 04:00:00",208,12.77,"NAN"
"2018-07-22 05:00:00",209,12.77,"NAN"
"2018-07-22 06:00:00",210,12.77,"NAN"
"2018-07-22 07:00:00",211,12.77,"NAN"
"2018-07-22 08:00:00",212,12.93,"NAN"
"2018-07-22 09:00:00",213,13.34,"NAN"
"2018-07-22 10:00:00",214,14.47,"NAN"
"2018-07-22 11:00:00",215,14.42,"NAN"
"2018-07-22 12:00:00",216,14.4,"NAN"
"2018-07-22 13:00:00",217,14.34,"NAN"
"2018-07-22 14:00:00",218,14.3,"NAN"
"2018-07-22 15:00:00",219,14.25,"NAN"
"2018-07-22 16:00:00",220,14.28,"NAN"
"2018-07-22 17:00:00",221,13.01,"NAN"
"2018-07-22 18:00:00",222,14.42,"NAN"
"2018-07-22 19:00:00",223,14.39,"NAN"
"2018-07-22 20:00:00",224,14.42,"NAN"
"2018-07-22 21:00:00",225,12.93,"NAN"
"2018-07-22 22:00:00",226,12.87,"NAN"
"2018-07-22 23:00:00",227,12.85,"NAN"
"2018-07-23 00:00:00",228,12.84,"NAN"
"2018-07-23 01:00:00",229,12.82,"NAN"
"2018-07-23 02:00:00",230,12.81,"NAN"
"2018-07-23 03:00:00",231,12.81,"NAN"
"2018-07-23 04:00:00",232,12.78,"NAN"
"2018-07-23 05:00:00",233,12.77,"NAN"
"2018-07-23 06:00:00",234,12.77,"NAN"
"2018-07-23 07:00:00",235,12.77,"NAN"
"2018-07-23 08:00:00",236,12.84,"NAN"
"2018-07-23 09:00:00",237,13.52,"NAN"
"2018-07-23 10:00:00",238,14.4,"NAN"
"2018-07-23 11:00:00",239,14.34,"NAN"
"2018-07-23 12:00:00",240,14.3,"NAN"
"2018-07-23 13:00:00",241,14.3,"NAN"
"2018-07-23 14:00:00",242,14.25,"NAN"
"2018-07-23 15:00:00",243,14.26,"NAN"
"2018-07-23 16:00:00",244,14.19,"NAN"
"2018-07-23 17:00:00",245,14.25,"NAN"
"2018-07-23 18:00:00",246,14.13,"NAN"
"2018-07-23 19:00:00",247,14.15,"NAN"
"2018-07-23 20:00:00",248,14.23,"NAN"
"2018-07-23 21:00:00",249,12.93,"NAN"
"2018-07-23 22:00:00",250,12.89,"NAN"
"2018-07-23 23:00:00",251,12.85,"NAN"
"2018-07-24 00:00:00",252,12.85,"NAN"
"2018-07-24 01:00:00",253,12.84,"NAN"
"2018-07-24 02:00:00",254,12.81,"NAN"
"2018-07-24 03:00:00",255,12.81,"NAN"
"2018-07-24 04:00:00",256,12.8,"NAN"
"2018-07-24 05:00:00",257,12.78,"NAN"
"2018-07-24 06:00:00",258,12.77,"NAN"
"2018-07-24 07:00:00",259,12.77,"NAN"
"2018-07-24 08:00:00",260,12.85,"NAN"
"2018-07-24 09:00:00",261,13.48,"NAN"
"2018-07-24 10:00:00",262,14.37,"NAN"
"2018-07-24 11:00:00",263,14.3,"NAN"
"2018-07-24 12:00:00",264,14.25,"NAN"
"2018-07-24 13:00:00",265,14.26,"NAN"
"2018-07-24 14:00:00",266,14.18,"NAN"
"2018-07-24 15:00:00",267,14.17,"NAN"
"2018-07-24 16:00:00",268,14.18,"NAN"
"2018-07-24 17:00:00",269,14.18,"NAN"
"2018-07-24 18:00:00",270,14.27,"NAN"
"2018-07-24 19:00:00",271,14.27,"NAN"
"2018-07-24 20:00:00",272,14,"NAN"
"2018-07-24 21:00:00",273,12.9,"NAN"
"2018-07-24 22:00:00",274,12.86,"NAN"
"2018-07-24 23:00:00",275,12.85,"NAN"
"2018-07-25 00:00:00",276,12.85,"NAN"
"2018-07-25 01:00:00",277,12.82,"NAN"
"2018-07-25 02:00:00",278,12.81,"NAN"
"2018-07-25 03:00:00",279,12.81,"NAN"
"2018-07-25 04:00:00",280,12.8,"NAN"
"2018-07-25 05:00:00",281,12.78,"NAN"
"2018-07-25 06:00:00",282,12.77,"NAN"
"2018-07-25 07:00:00",283,12.77,"NAN"
"2018-07-25 08:00:00",284,12.81,"NAN"
"2018-07-25 09:00:00",285,12.93,"NAN"
"2018-07-25 10:00:00",286,13.2,"NAN"
"2018-07-25 11:00:00",287,14.42,"NAN"
"2018-07-25 12:00:00",288,14.37,"NAN"
"2018-07-25 13:00:00",289,14.33,"NAN"
"2018-07-25 14:00:00",290,14.33,"NAN"
"2018-07-25 15:00:00",291,14.38,"NAN"
"2018-07-25 16:00:00",292,14.3,"NAN"
"2018-07-25 17:00:00",293,14.29,"NAN"
"2018-07-25 18:00:00",294,14.26,"NAN"
"2018-07-25 19:00:00",295,14.26,"NAN"
"2018-07-25 20:00:00",296,14.34,"NAN"
"2018-07-25 21:00:00",297,12.93,"NAN"
"2018-07-25 22:00:00",298,12.89,"NAN"
"2018-07-25 23:00:00",299,12.85,"NAN"
"2018-07-26 00:00:00",300,12.85,"NAN"
"2018-07-26 01:00:00",301,12.84,"NAN"
"2018-07-26 02:00:00",302,12.82,"NAN"
"2018-07-26 03:00:00",303,12.81,"NAN"
"2018-07-26 04:00:00",304,12.81,"NAN"
"2018-07-26 05:00:00",305,12.79,"NAN"
"2018-07-26 06:00:00",306,12.77,"NAN"
"2018-07-26 07:00:00",307,12.77,"NAN"
"2018-07-26 08:00:00",308,12.86,"NAN"
"2018-07-26 09:00:00",309,14.11,"NAN"
"2018-07-26 10:00:00",310,14.38,"NAN"
"2018-07-26 11:00:00",311,14.38,"NAN"
"2018-07-26 12:00:00",312,14.33,"NAN"
"2018-07-26 13:00:00",313,14.3,"NAN"
"2018-07-26 14:00:00",314,14.28,"NAN"
"2018-07-26 15:00:00",315,14.22,"NAN"
"2018-07-26 16:00:00",316,14.07,"NAN"
"2018-07-26 17:00:00",317,13.79,"NAN"
"2018-07-26 18:00:00",318,13.8,"NAN"
"2018-07-26 19:00:00",319,14.11,"NAN"
"2018-07-26 20:00:00",320,14.24,"NAN"
"2018-07-26 21:00:00",321,12.92,"NAN"
"2018-07-26 22:00:00",322,12.89,"NAN"
"2018-07-26 23:00:00",323,12.85,"NAN"
"2018-07-27 00:00:00",324,12.85,"NAN"
"2018-07-27 01:00:00",325,12.82,"NAN"
"2018-07-27 02:00:00",326,12.81,"NAN"
"2018-07-27 03:00:00",327,12.81,"NAN"
"2018-07-27 04:00:00",328,12.8,"NAN"
"2018-07-27 05:00:00",329,12.78,"NAN"
"2018-07-27 06:00:00",330,12.77,"NAN"
"2018-07-27 07:00:00",331,12.78,"NAN"
"2018-07-27 08:00:00",332,12.97,"NAN"
"2018-07-27 09:00:00",333,13.37,"NAN"
"2018-07-27 10:00:00",334,14.45,"NAN"
"2018-07-27 11:00:00",335,14.33,"NAN"
"2018-07-27 12:00:00",336,14.33,"NAN"
"2018-07-27 13:00:00",337,14.42,"NAN"
"2018-07-27 14:00:00",338,14.42,"NAN"
"2018-07-27 15:00:00",339,14.37,"NAN"
"2018-07-27 16:00:00",340,14.25,"NAN"
"2018-07-27 17:00:00",341,14.14,"NAN"
"2018-07-27 18:00:00",342,14.14,"NAN"
"2018-07-27 19:00:00",343,14.18,"NAN"
"2018-07-27 20:00:00",344,14.26,"NAN"
"2018-07-27 21:00:00",345,12.93,"NAN"
"2018-07-27 22:00:00",346,12.88,"NAN"
"2018-07-27 23:00:00",347,12.86,"NAN"
"2018-07-28 00:00:00",348,12.85,"NAN"
"2018-07-28 01:00:00",349,12.84,"NAN"
"2018-07-28 02:00:00",350,12.82,"NAN"
"2018-07-28 03:00:00",351,12.81,"NAN"
"2018-07-28 04:00:00",352,12.8,"NAN"
"2018-07-28 05:00:00",353,12.78,"NAN"
"2018-07-28 06:00:00",354,12.77,"NAN"
"2018-07-28 07:00:00",355,12.78,"NAN"
"2018-07-28 08:00:00",356,12.93,"NAN"
"2018-07-28 09:00:00",357,14.37,"NAN"
"2018-07-28 10:00:00",358,14.29,"NAN"
"2018-07-28 11:00:00",359,14.25,"NAN"
"2018-07-28 12:00:00",360,14.26,"NAN"
"2018-07-28 13:00:00",361,14.29,"NAN"
"2018-07-28 14:00:00",362,14.29,"NAN"
"2018-07-28 15:00:00",363,14.28,"NAN"
"2018-07-28 16:00:00",364,14.15,"NAN"
"2018-07-28 17:00:00",365,14.11,"NAN"
"2018-07-28 18:00:00",366,14.13,"NAN"
"2018-07-28 19:00:00",367,14.18,"NAN"
"2018-07-28 20:00:00",368,14.18,"NAN"
"2018-07-28 21:00:00",369,12.92,"NAN"
"2018-07-28 22:00:00",370,12.88,"NAN"
"2018-07-28 23:00:00",371,12.85,"NAN"
"2018-07-29 00:00:00",372,12.85,"NAN"
"2018-07-29 01:00:00",373,12.82,"NAN"
"2018-07-29 02:00:00",374,12.8,"NAN"
"2018-07-29 03:00:00",375,12.81,"NAN"
"2018-07-29 04:00:00",376,12.78,"NAN"
"2018-07-29 05:00:00",377,12.77,"NAN"
"2018-07-29 06:00:00",378,12.77,"NAN"
"2018-07-29 07:00:00",379,12.77,"NAN"
"2018-07-29 08:00:00",380,12.91,"NAN"
"2018-07-29 09:00:00",381,14.42,"NAN"
"2018-07-29 10:00:00",382,14.27,"NAN"
"2018-07-29 11:00:00",383,14.25,"NAN"
"2018-07-29 12:00:00",384,14.22,"NAN"
"2018-07-29 13:00:00",385,14.24,"NAN"
"2018-07-29 14:00:00",386,14.25,"NAN"
"2018-07-29 15:00:00",387,14.26,"NAN"
"2018-07-29 16:00:00",388,14.15,"NAN"
"2018-07-29 17:00:00",389,14.05,"NAN"
"2018-07-29 18:00:00",390,14.06,"NAN"
"2018-07-29 19:00:00",391,14.1,"NAN"
"2018-07-29 20:00:00",392,13.59,"NAN"
"2018-07-29 21:00:00",393,12.9,"NAN"
"2018-07-29 22:00:00",394,12.89,"NAN"
"2018-07-29 23:00:00",395,12.85,"NAN"
"2018-07-30 00:00:00",396,12.85,"NAN"
"2018-07-30 01:00:00",397,12.83,"NAN"
"2018-07-30 02:00:00",398,12.81,"NAN"
"2018-07-30 03:00:00",399,12.81,"NAN"
"2018-07-30 04:00:00",400,12.79,"NAN"
"2018-07-30 05:00:00",401,12.77,"NAN"
"2018-07-30 06:00:00",402,12.77,"NAN"
"2018-07-30 07:00:00",403,12.77,"NAN"
"2018-07-30 08:00:00",404,12.91,"NAN"
"2018-07-30 09:00:00",405,14.46,"NAN"
"2018-07-30 10:00:00",406,14.48,"NAN"
"2018-07-30 11:00:00",407,14.5,"NAN"
"2018-07-30 12:00:00",408,13.49,"NAN"
"2018-07-30 13:00:00",409,14.53,"NAN"
"2018-07-30 14:00:00",410,14.53,"NAN"
"2018-07-30 15:00:00",411,14.5,"NAN"
"2018-07-30 16:00:00",412,14.33,"NAN"
"2018-07-30 17:00:00",413,14.19,"NAN"
"2018-07-30 18:00:00",414,14.18,"NAN"
"2018-07-30 19:00:00",415,14.23,"NAN"
"2018-07-30 20:00:00",416,13.48,"NAN"
"2018-07-30 21:00:00",417,12.93,"NAN"
"2018-07-30 22:00:00",418,12.89,"NAN"
"2018-07-30 23:00:00",419,12.87,"NAN"
"2018-07-31 00:00:00",420,12.85,"NAN"
"2018-07-31 01:00:00",421,12.85,"NAN"
"2018-07-31 02:00:00",422,12.83,"NAN"
"2018-07-31 03:00:00",423,12.81,"NAN"
"2018-07-31 04:00:00",424,12.81,"NAN"
"2018-07-31 05:00:00",425,12.81,"NAN"
"2018-07-31 06:00:00",426,12.78,"NAN"
"2018-07-31 07:00:00",427,12.77,"NAN"
"2018-07-31 08:00:00",428,12.86,"NAN"
"2018-07-31 09:00:00",429,13.35,"NAN"
"2018-07-31 10:00:00",430,14.34,"NAN"
"2018-07-31 11:00:00",431,14.29,"NAN"
"2018-07-31 12:00:00",432,14.25,"NAN"
"2018-07-31 13:00:00",433,14.21,"NAN"
"2018-07-31 14:00:00",434,14.18,"NAN"
"2018-07-31 15:00:00",435,14.18,"NAN"
"2018-07-31 16:00:00",436,13.08,"NAN"
"2018-07-31 17:00:00",437,14.45,"NAN"
"2018-07-31 18:00:00",438,12.98,"NAN"
"2018-07-31 19:00:00",439,12.93,"NAN"
"2018-07-31 20:00:00",440,12.93,"NAN"
"2018-07-31 21:00:00",441,12.9,"NAN"
"2018-07-31 22:00:00",442,12.87,"NAN"
"2018-07-31 23:00:00",443,12.85,"NAN"
"2018-08-01 00:00:00",444,12.85,"NAN"
"2018-08-01 01:00:00",445,12.84,"NAN"
"2018-08-01 02:00:00",446,12.81,"NAN"
"2018-08-01 03:00:00",447,12.81,"NAN"
"2018-08-01 04:00:00",448,12.81,"NAN"
"2018-08-01 05:00:00",449,12.78,"NAN"
"2018-08-01 06:00:00",450,12.77,"NAN"
"2018-08-01 07:00:00",451,12.77,"NAN"
"2018-08-01 08:00:00",452,12.78,"NAN"
"2018-08-01 09:00:00",453,12.86,"NAN"
"2018-08-01 10:00:00",454,13.02,"NAN"
"2018-08-01 11:00:00",455,14.42,"NAN"
"2018-08-01 12:00:00",456,14.42,"NAN"
"2018-08-01 13:00:00",457,14.37,"NAN"
"2018-08-01 14:00:00",458,14.34,"NAN"
"2018-08-01 15:00:00",459,14.35,"NAN"
"2018-08-01 16:00:00",460,14.36,"NAN"
"2018-08-01 17:00:00",461,14.34,"NAN"
"2018-08-01 18:00:00",462,14.38,"NAN"
"2018-08-01 19:00:00",463,14.41,"NAN"
"2018-08-01 20:00:00",464,14.19,"NAN"
"2018-08-01 21:00:00",465,12.93,"NAN"
"2018-08-01 22:00:00",466,12.89,"NAN"
"2018-08-01 23:00:00",467,12.86,"NAN"
"2018-08-02 00:00:00",468,12.85,"NAN"
"2018-08-02 01:00:00",469,12.85,"NAN"
"2018-08-02 02:00:00",470,12.83,"NAN"
"2018-08-02 03:00:00",471,12.81,"NAN"
"2018-08-02 04:00:00",472,12.81,"NAN"
"2018-08-02 05:00:00",473,12.81,"NAN"
"2018-08-02 06:00:00",474,12.78,"NAN"
"2018-08-02 07:00:00",475,12.77,"NAN"
"2018-08-02 08:00:00",476,12.82,"NAN"
"2018-08-02 09:00:00",477,13.06,"NAN"
"2018-08-02 10:00:00",478,14.46,"NAN"
"2018-08-02 11:00:00",479,14.41,"NAN"
"2018-08-02 12:00:00",480,14.38,"NAN"
"2018-08-02 13:00:00",481,14.37,"NAN"
"2018-08-02 14:00:00",482,14.37,"NAN"
"2018-08-02 15:00:00",483,14.34,"NAN"
"2018-08-02 16:00:00",484,14.34,"NAN"
"2018-08-02 17:00:00",485,14.34,"NAN"
"2018-08-02 18:00:00",486,14.34,"NAN"
"2018-08-02 19:00:00",487,14.34,"NAN"
"2018-08-02 20:00:00",488,14.07,"NAN"
"2018-08-02 21:00:00",489,12.93,"NAN"
"2018-08-02 22:00:00",490,12.89,"NAN"
"2018-08-02 23:00:00",491,12.88,"NAN"
"2018-08-03 00:00:00",492,12.85,"NAN"
"2018-08-03 01:00:00",493,12.85,"NAN"
"2018-08-03 02:00:00",494,12.84,"NAN"
"2018-08-03 03:00:00",495,12.82,"NAN"
"2018-08-03 04:00:00",496,12.8,"NAN"
"2018-08-03 05:00:00",497,12.81,"NAN"
"2018-08-03 06:00:00",498,12.79,"NAN"
"2018-08-03 07:00:00",499,12.79,"NAN"
"2018-08-03 08:00:00",500,12.81,"NAN"
"2018-08-03 09:00:00",501,13.13,"NAN"
"2018-08-03 10:00:00",502,14.43,"NAN"
"2018-08-03 11:00:00",503,14.36,"NAN"
"2018-08-03 12:00:00",504,14.28,"NAN"
"2018-08-03 13:00:00",505,14.29,"NAN"
"2018-08-03 14:00:00",506,14.31,"NAN"
"2018-08-03 15:00:00",507,14.33,"NAN"
"2018-08-03 16:00:00",508,14.37,"NAN"
"2018-08-03 17:00:00",509,14.41,"NAN"
"2018-08-03 18:00:00",510,14.41,"NAN"
"2018-08-03 19:00:00",511,14.34,"NAN"
"2018-08-03 20:00:00",512,14.08,"NAN"
"2018-08-03 21:00:00",513,12.93,"NAN"
"2018-08-03 22:00:00",514,12.89,"NAN"
"2018-08-03 23:00:00",515,12.87,"NAN"
"2018-08-04 00:00:00",516,12.85,"NAN"
"2018-08-04 01:00:00",517,12.85,"NAN"
"2018-08-04 02:00:00",518,12.85,"NAN"
"2018-08-04 03:00:00",519,12.82,"NAN"
"2018-08-04 04:00:00",520,12.81,"NAN"
"2018-08-04 05:00:00",521,12.81,"NAN"
"2018-08-04 06:00:00",522,12.8,"NAN"
"2018-08-04 07:00:00",523,12.76,"NAN"
"2018-08-04 08:00:00",524,12.86,"NAN"
"2018-08-04 09:00:00",525,14.41,"NAN"
"2018-08-04 10:00:00",526,14.31,"NAN"
"2018-08-04 11:00:00",527,14.26,"NAN"
"2018-08-04 12:00:00",528,14.26,"NAN"
"2018-08-04 13:00:00",529,14.27,"NAN"
"2018-08-04 14:00:00",530,14.27,"NAN"
"2018-08-04 15:00:00",531,14.15,"NAN"
"2018-08-04 16:00:00",532,14.04,"NAN"
"2018-08-04 17:00:00",533,13.3,"NAN"
"2018-08-04 18:00:00",534,13.94,"NAN"
"2018-08-04 19:00:00",535,14.15,"NAN"
"2018-08-04 20:00:00",536,14.23,"NAN"
"2018-08-04 21:00:00",537,12.93,"NAN"
"2018-08-04 22:00:00",538,12.89,"NAN"
"2018-08-04 23:00:00",539,12.88,"NAN"
"2018-08-05 00:00:00",540,12.85,"NAN"
"2018-08-05 01:00:00",541,12.85,"NAN"
"2018-08-05 02:00:00",542,12.85,"NAN"
"2018-08-05 03:00:00",543,12.82,"NAN"
"2018-08-05 04:00:00",544,12.81,"NAN"
"2018-08-05 05:00:00",545,12.81,"NAN"
"2018-08-05 06:00:00",546,12.79,"NAN"
"2018-08-05 07:00:00",547,12.78,"NAN"
"2018-08-05 08:00:00",548,12.98,"NAN"
"2018-08-05 09:00:00",549,14.3,"NAN"
"2018-08-05 10:00:00",550,14.3,"NAN"
"2018-08-05 11:00:00",551,14.26,"NAN"
"2018-08-05 12:00:00",552,14.26,"NAN"
"2018-08-05 13:00:00",553,14.17,"NAN"
"2018-08-05 14:00:00",554,14.14,"NAN"
"2018-08-05 15:00:00",555,14.13,"NAN"
"2018-08-05 16:00:00",556,14.04,"NAN"
"2018-08-05 17:00:00",557,13.9,"NAN"
"2018-08-05 18:00:00",558,13.88,"NAN"
"2018-08-05 19:00:00",559,13.99,"NAN"
"2018-08-05 20:00:00",560,14.03,"NAN"
"2018-08-05 21:00:00",561,12.93,"NAN"
"2018-08-05 22:00:00",562,12.89,"NAN"
"2018-08-05 23:00:00",563,12.86,"NAN"
"2018-08-06 00:00:00",564,12.85,"NAN"
"2018-08-06 01:00:00",565,12.85,"NAN"
"2018-08-06 02:00:00",566,12.83,"NAN"
"2018-08-06 03:00:00",567,12.82,"NAN"
"2018-08-06 04:00:00",568,12.81,"NAN"
"2018-08-06 05:00:00",569,12.81,"NAN"
"2018-08-06 06:00:00",570,12.79,"NAN"
"2018-08-06 07:00:00",571,12.77,"NAN"
"2018-08-06 08:00:00",572,12.93,"NAN"
"2018-08-06 09:00:00",573,13.31,"NAN"
"2018-08-06 10:00:00",574,14.26,"NAN"
"2018-08-06 11:00:00",575,14.17,"NAN"
"2018-08-06 12:00:00",576,14.17,"NAN"
"2018-08-06 13:00:00",577,14.18,"NAN"
"2018-08-06 14:00:00",578,14.17,"NAN"
"2018-08-06 15:00:00",579,14.14,"NAN"
"2018-08-06 16:00:00",580,14,"NAN"
"2018-08-06 17:00:00",581,13.94,"NAN"
"2018-08-06 18:00:00",582,13.93,"NAN"
"2018-08-06 19:00:00",583,14.06,"NAN"
"2018-08-06 20:00:00",584,13.76,"NAN"
"2018-08-06 21:00:00",585,12.91,"NAN"
"2018-08-06 22:00:00",586,12.88,"NAN"
"2018-08-06 23:00:00",587,12.86,"NAN"
"2018-08-07 00:00:00",588,12.85,"NAN"
"2018-08-07 01:00:00",589,12.85,"NAN"
"2018-08-07 02:00:00",590,12.82,"NAN"
"2018-08-07 03:00:00",591,12.81,"NAN"
"2018-08-07 04:00:00",592,12.81,"NAN"
"2018-08-07 05:00:00",593,12.8,"NAN"
"2018-08-07 06:00:00",594,12.78,"NAN"
"2018-08-07 07:00:00",595,12.77,"NAN"
"2018-08-07 08:00:00",596,12.81,"NAN"
"2018-08-07 09:00:00",597,13.37,"NAN"
"2018-08-07 10:00:00",598,14.3,"NAN"
"2018-08-07 11:00:00",599,14.25,"NAN"
"2018-08-07 12:00:00",600,14.22,"NAN"
"2018-08-07 13:00:00",601,14.17,"NAN"
"2018-08-07 14:00:00",602,14.17,"NAN"
"2018-08-07 15:00:00",603,14.35,"NAN"
"2018-08-07 16:00:00",604,14.26,"NAN"
"2018-08-07 17:00:00",605,14.19,"NAN"
"2018-08-07 18:00:00",606,14.18,"NAN"
"2018-08-07 19:00:00",607,14.15,"NAN"
"2018-08-07 20:00:00",608,13.88,"NAN"
"2018-08-07 21:00:00",609,12.93,"NAN"
"2018-08-07 22:00:00",610,12.89,"NAN"
"2018-08-07 23:00:00",611,12.88,"NAN"
"2018-08-08 00:00:00",612,12.85,"NAN"
"2018-08-08 01:00:00",613,12.85,"NAN"
"2018-08-08 02:00:00",614,12.85,"NAN"
"2018-08-08 03:00:00",615,12.82,"NAN"
"2018-08-08 04:00:00",616,12.81,"NAN"
"2018-08-08 05:00:00",617,12.81,"NAN"
"2018-08-08 06:00:00",618,12.81,"NAN"
"2018-08-08 07:00:00",619,12.78,"NAN"
"2018-08-08 08:00:00",620,12.82,"NAN"
"2018-08-08 09:00:00",621,13.13,"NAN"
"2018-08-08 10:00:00",622,14.45,"NAN"
"2018-08-08 11:00:00",623,14.1,"NAN"
"2018-08-08 12:00:00",624,14.05,"NAN"
"2018-08-08 13:00:00",625,14.01,"NAN"
"2018-08-08 14:00:00",626,14.14,"NAN"
"2018-08-08 15:00:00",627,14.17,"NAN"
"2018-08-08 16:00:00",628,14.18,"NAN"
"2018-08-08 17:00:00",629,14.1,"NAN"
"2018-08-08 18:00:00",630,13.99,"NAN"
"2018-08-08 19:00:00",631,14.07,"NAN"
"2018-08-08 20:00:00",632,13.05,"NAN"
"2018-08-08 21:00:00",633,12.93,"NAN"
"2018-08-08 22:00:00",634,12.89,"NAN"
"2018-08-08 23:00:00",635,12.87,"NAN"
"2018-08-09 00:00:00",636,12.85,"NAN"
"2018-08-09 01:00:00",637,12.85,"NAN"
"2018-08-09 02:00:00",638,12.83,"NAN"
"2018-08-09 03:00:00",639,12.83,"NAN"
"2018-08-09 04:00:00",640,12.81,"NAN"
"2018-08-09 05:00:00",641,12.81,"NAN"
"2018-08-09 06:00:00",642,12.81,"NAN"
"2018-08-09 07:00:00",643,12.78,"NAN"
"2018-08-09 08:00:00",644,12.81,"NAN"
"2018-08-09 09:00:00",645,13.29,"NAN"
"2018-08-09 10:00:00",646,14.18,"NAN"
"2018-08-09 11:00:00",647,14.37,"NAN"
"2018-08-09 12:00:00",648,14.32,"NAN"
"2018-08-09 13:00:00",649,14.32,"NAN"
"2018-08-09 14:00:00",650,14.29,"NAN"
"2018-08-09 15:00:00",651,14.26,"NAN"
"2018-08-09 16:00:00",652,14.1,"NAN"
"2018-08-09 17:00:00",653,14.1,"NAN"
"2018-08-09 18:00:00",654,14.1,"NAN"
"2018-08-09 19:00:00",655,14.18,"NAN"
"2018-08-09 20:00:00",656,13.8,"NAN"
"2018-08-09 21:00:00",657,12.93,"NAN"
"2018-08-09 22:00:00",658,12.88,"NAN"
"2018-08-09 23:00:00",659,12.87,"NAN"
"2018-08-10 00:00:00",660,12.86,"NAN"
"2018-08-10 01:00:00",661,12.85,"NAN"
"2018-08-10 02:00:00",662,12.85,"NAN"
"2018-08-10 03:00:00",663,12.82,"NAN"
"2018-08-10 04:00:00",664,12.81,"NAN"
"2018-08-10 05:00:00",665,12.81,"NAN"
"2018-08-10 06:00:00",666,12.78,"NAN"
"2018-08-10 07:00:00",667,12.77,"NAN"
"2018-08-10 08:00:00",668,12.85,"NAN"
"2018-08-10 09:00:00",669,14.41,"NAN"
"2018-08-10 10:00:00",670,14.37,"NAN"
"2018-08-10 11:00:00",671,14.3,"NAN"
"2018-08-10 12:00:00",672,14.26,"NAN"
"2018-08-10 13:00:00",673,14.24,"NAN"
"2018-08-10 14:00:00",674,14.24,"NAN"
"2018-08-10 15:00:00",675,14.23,"NAN"
"2018-08-10 16:00:00",676,14.15,"NAN"
"2018-08-10 17:00:00",677,14.07,"NAN"
"2018-08-10 18:00:00",678,14.22,"NAN"
"2018-08-10 19:00:00",679,13.01,"NAN"
"2018-08-10 20:00:00",680,12.93,"NAN"
"2018-08-10 21:00:00",681,12.89,"NAN"
"2018-08-10 22:00:00",682,12.89,"NAN"
"2018-08-10 23:00:00",683,12.85,"NAN"
"2018-08-11 00:00:00",684,12.85,"NAN"
"2018-08-11 01:00:00",685,12.85,"NAN"
"2018-08-11 02:00:00",686,12.82,"NAN"
"2018-08-11 03:00:00",687,12.81,"NAN"
"2018-08-11 04:00:00",688,12.81,"NAN"
"2018-08-11 05:00:00",689,12.8,"NAN"
"2018-08-11 06:00:00",690,12.78,"NAN"
"2018-08-11 07:00:00",691,12.77,"NAN"
"2018-08-11 08:00:00",692,12.86,"NAN"
"2018-08-11 09:00:00",693,13.43,"NAN"
"2018-08-11 10:00:00",694,14.42,"NAN"
"2018-08-11 11:00:00",695,14.38,"NAN"
"2018-08-11 12:00:00",696,14.33,"NAN"
"2018-08-11 13:00:00",697,14.33,"NAN"
"2018-08-11 14:00:00",698,14.26,"NAN"
"2018-08-11 15:00:00",699,14.26,"NAN"
"2018-08-11 16:00:00",700,14.25,"NAN"
"2018-08-11 17:00:00",701,14.25,"NAN"
"2018-08-11 18:00:00",702,14.28,"NAN"
"2018-08-11 19:00:00",703,14.33,"NAN"
"2018-08-11 20:00:00",704,13.56,"NAN"
"2018-08-11 21:00:00",705,12.92,"NAN"
"2018-08-11 22:00:00",706,12.89,"NAN"
"2018-08-11 23:00:00",707,12.89,"NAN"
"2018-08-12 00:00:00",708,12.87,"NAN"
"2018-08-12 01:00:00",709,12.85,"NAN"
"2018-08-12 02:00:00",710,12.85,"NAN"
"2018-08-12 03:00:00",711,12.85,"NAN"
"2018-08-12 04:00:00",712,12.84,"NAN"
"2018-08-12 05:00:00",713,12.81,"NAN"
"2018-08-12 06:00:00",714,12.8,"NAN"
"2018-08-12 07:00:00",715,12.81,"NAN"
"2018-08-12 08:00:00",716,12.86,"NAN"
"2018-08-12 09:00:00",717,13.16,"NAN"
"2018-08-12 10:00:00",718,13.25,"NAN"
"2018-08-12 11:00:00",719,14.45,"NAN"
"2018-08-12 12:00:00",720,14.37,"NAN"
"2018-08-12 13:00:00",721,14.33,"NAN"
"2018-08-12 14:00:00",722,14.3,"NAN"
"2018-08-12 15:00:00",723,14.23,"NAN"
"2018-08-12 16:00:00",724,13.95,"NAN"
"2018-08-12 17:00:00",725,13.87,"NAN"
"2018-08-12 18:00:00",726,13.78,"NAN"
"2018-08-12 19:00:00",727,14.09,"NAN"
"2018-08-12 20:00:00",728,13.99,"NAN"
"2018-08-12 21:00:00",729,12.93,"NAN"
"2018-08-12 22:00:00",730,12.89,"NAN"
"2018-08-12 23:00:00",731,12.88,"NAN"
"2018-08-13 00:00:00",732,12.85,"NAN"
"2018-08-13 01:00:00",733,12.85,"NAN"
"2018-08-13 02:00:00",734,12.85,"NAN"
"2018-08-13 03:00:00",735,12.82,"NAN"
"2018-08-13 04:00:00",736,12.8,"NAN"
"2018-08-13 05:00:00",737,12.81,"NAN"
"2018-08-13 06:00:00",738,12.8,"NAN"
"2018-08-13 07:00:00",739,12.78,"NAN"
"2018-08-13 08:00:00",740,12.82,"NAN"
"2018-08-13 09:00:00",741,14.42,"NAN"
"2018-08-13 10:00:00",742,14.19,"NAN"
"2018-08-13 11:00:00",743,14.18,"NAN"
"2018-08-13 12:00:00",744,14.18,"NAN"
"2018-08-13 13:00:00",745,14.22,"NAN"
"2018-08-13 14:00:00",746,14.19,"NAN"
"2018-08-13 15:00:00",747,14.14,"NAN"
"2018-08-13 16:00:00",748,12.98,"NAN"
"2018-08-13 17:00:00",749,12.93,"NAN"
"2018-08-13 18:00:00",750,12.93,"NAN"
"2018-08-13 19:00:00",751,12.99,"NAN"
"2018-08-13 20:00:00",752,13.84,"NAN"
"2018-08-13 21:00:00",753,12.91,"NAN"
"2018-08-13 22:00:00",754,12.89,"NAN"
"2018-08-13 23:00:00",755,12.85,"NAN"
"2018-08-14 00:00:00",756,12.85,"NAN"
"2018-08-14 01:00:00",757,12.85,"NAN"
"2018-08-14 02:00:00",758,12.84,"NAN"
"2018-08-14 03:00:00",759,12.82,"NAN"
"2018-08-14 04:00:00",760,12.81,"NAN"
"2018-08-14 05:00:00",761,12.81,"NAN"
"2018-08-14 06:00:00",762,12.78,"NAN"
"2018-08-14 07:00:00",763,12.77,"NAN"
"2018-08-14 08:00:00",764,12.82,"NAN"
"2018-08-14 09:00:00",765,13.25,"NAN"
"2018-08-14 10:00:00",766,14.53,"NAN"
"2018-08-14 11:00:00",767,14.45,"NAN"
"2018-08-14 12:00:00",768,14.41,"NAN"
"2018-08-14 13:00:00",769,14.33,"NAN"
"2018-08-14 14:00:00",770,14.37,"NAN"
"2018-08-14 15:00:00",771,14.42,"NAN"
"2018-08-14 16:00:00",772,14.37,"NAN"
"2018-08-14 17:00:00",773,14.26,"NAN"
"2018-08-14 18:00:00",774,14.25,"NAN"
"2018-08-14 19:00:00",775,14.25,"NAN"
"2018-08-14 20:00:00",776,13.84,"NAN"
"2018-08-14 21:00:00",777,12.93,"NAN"
"2018-08-14 22:00:00",778,12.92,"NAN"
"2018-08-14 23:00:00",779,12.89,"NAN"
"2018-08-15 00:00:00",780,12.89,"NAN"
"2018-08-15 01:00:00",781,12.86,"NAN"
"2018-08-15 02:00:00",782,12.85,"NAN"
"2018-08-15 03:00:00",783,12.85,"NAN"
"2018-08-15 04:00:00",784,12.82,"NAN"
"2018-08-15 05:00:00",785,12.81,"NAN"
"2018-08-15 06:00:00",786,12.81,"NAN"
"2018-08-15 07:00:00",787,12.8,"NAN"
"2018-08-15 08:00:00",788,12.86,"NAN"
"2018-08-15 09:00:00",789,13.53,"NAN"
"2018-08-15 10:00:00",790,14.41,"NAN"
"2018-08-15 11:00:00",791,14.33,"NAN"
"2018-08-15 12:00:00",792,14.33,"NAN"
"2018-08-15 13:00:00",793,14.31,"NAN"
"2018-08-15 14:00:00",794,14.29,"NAN"
"2018-08-15 15:00:00",795,14.28,"NAN"
"2018-08-15 16:00:00",796,14.25,"NAN"
"2018-08-15 17:00:00",797,14.21,"NAN"
"2018-08-15 18:00:00",798,14.19,"NAN"
"2018-08-15 19:00:00",799,14.27,"NAN"
"2018-08-15 20:00:00",800,13.44,"NAN"
"2018-08-15 21:00:00",801,12.93,"NAN"
"2018-08-15 22:00:00",802,12.91,"NAN"
"2018-08-15 23:00:00",803,12.89,"NAN"
"2018-08-16 00:00:00",804,12.88,"NAN"
"2018-08-16 01:00:00",805,12.86,"NAN"
"2018-08-16 02:00:00",806,12.85,"NAN"
"2018-08-16 03:00:00",807,12.85,"NAN"
"2018-08-16 04:00:00",808,12.85,"NAN"
"2018-08-16 05:00:00",809,12.82,"NAN"
"2018-08-16 06:00:00",810,12.81,"NAN"
"2018-08-16 07:00:00",811,12.8,"NAN"
"2018-08-16 08:00:00",812,12.87,"NAN"
"2018-08-16 09:00:00",813,13.29,"NAN"
"2018-08-16 10:00:00",814,14.33,"NAN"
"2018-08-16 11:00:00",815,14.3,"NAN"
"2018-08-16 12:00:00",816,14.26,"NAN"
"2018-08-16 13:00:00",817,14.25,"NAN"
"2018-08-16 14:00:00",818,14.25,"NAN"
"2018-08-16 15:00:00",819,14.21,"NAN"
"2018-08-16 16:00:00",820,13.87,"NAN"
"2018-08-16 17:00:00",821,12.97,"NAN"
"2018-08-16 18:00:00",822,13.04,"NAN"
"2018-08-16 19:00:00",823,14.42,"NAN"
"2018-08-16 20:00:00",824,13.13,"NAN"
"2018-08-16 21:00:00",825,12.93,"NAN"
"2018-08-16 22:00:00",826,12.89,"NAN"
"2018-08-16 23:00:00",827,12.88,"NAN"
"2018-08-17 00:00:00",828,12.86,"NAN"
"2018-08-17 01:00:00",829,12.85,"NAN"
"2018-08-17 02:00:00",830,12.85,"NAN"
"2018-08-17 03:00:00",831,12.85,"NAN"
"2018-08-17 04:00:00",832,12.83,"NAN"
"2018-08-17 05:00:00",833,12.81,"NAN"
"2018-08-17 06:00:00",834,12.81,"NAN"
"2018-08-17 07:00:00",835,12.81,"NAN"
"2018-08-17 08:00:00",836,12.92,"NAN"
"2018-08-17 09:00:00",837,13.16,"NAN"
"2018-08-17 10:00:00",838,14.35,"NAN"
"2018-08-17 11:00:00",839,14.37,"NAN"
"2018-08-17 12:00:00",840,14.4,"NAN"
"2018-08-17 13:00:00",841,14.37,"NAN"
"2018-08-17 14:00:00",842,14.35,"NAN"
"2018-08-17 15:00:00",843,14.3,"NAN"
"2018-08-17 16:00:00",844,14.15,"NAN"
"2018-08-17 17:00:00",845,14.23,"NAN"
"2018-08-17 18:00:00",846,14.1,"NAN"
"2018-08-17 19:00:00",847,14.33,"NAN"
"2018-08-17 20:00:00",848,13.04,"NAN"
"2018-08-17 21:00:00",849,12.93,"NAN"
"2018-08-17 22:00:00",850,12.9,"NAN"
"2018-08-17 23:00:00",851,12.89,"NAN"
"2018-08-18 00:00:00",852,12.88,"NAN"
"2018-08-18 01:00:00",853,12.85,"NAN"
"2018-08-18 02:00:00",854,12.85,"NAN"
"2018-08-18 03:00:00",855,12.85,"NAN"
"2018-08-18 04:00:00",856,12.84,"NAN"
"2018-08-18 05:00:00",857,12.81,"NAN"
"2018-08-18 06:00:00",858,12.81,"NAN"
"2018-08-18 07:00:00",859,12.81,"NAN"
"2018-08-18 08:00:00",860,12.84,"NAN"
"2018-08-18 09:00:00",861,13.41,"NAN"
"2018-08-18 10:00:00",862,14.43,"NAN"
"2018-08-18 11:00:00",863,14.36,"NAN"
"2018-08-18 12:00:00",864,14.18,"NAN"
"2018-08-18 13:00:00",865,14.41,"NAN"
"2018-08-18 14:00:00",866,14.35,"NAN"
"2018-08-18 15:00:00",867,14.18,"NAN"
"2018-08-18 16:00:00",868,14.34,"NAN"
"2018-08-18 17:00:00",869,14.27,"NAN"
"2018-08-18 18:00:00",870,14.41,"NAN"
"2018-08-18 19:00:00",871,14.28,"NAN"
"2018-08-18 20:00:00",872,13.25,"NAN"
"2018-08-18 21:00:00",873,12.93,"NAN"
"2018-08-18 22:00:00",874,12.92,"NAN"
"2018-08-18 23:00:00",875,12.89,"NAN"
"2018-08-19 00:00:00",876,12.89,"NAN"
"2018-08-19 01:00:00",877,12.87,"NAN"
"2018-08-19 02:00:00",878,12.85,"NAN"
"2018-08-19 03:00:00",879,12.84,"NAN"
"2018-08-19 04:00:00",880,12.85,"NAN"
"2018-08-19 05:00:00",881,12.85,"NAN"
"2018-08-19 06:00:00",882,12.82,"NAN"
"2018-08-19 07:00:00",883,12.81,"NAN"
"2018-08-19 08:00:00",884,12.81,"NAN"
"2018-08-19 09:00:00",885,12.97,"NAN"
"2018-08-19 10:00:00",886,13.25,"NAN"
"2018-08-19 11:00:00",887,14.46,"NAN"
"2018-08-19 12:00:00",888,14.38,"NAN"
"2018-08-19 13:00:00",889,14.41,"NAN"
"2018-08-19 14:00:00",890,14.38,"NAN"
"2018-08-19 15:00:00",891,14.33,"NAN"
"2018-08-19 16:00:00",892,14.3,"NAN"
"2018-08-19 17:00:00",893,14.28,"NAN"
"2018-08-19 18:00:00",894,14.29,"NAN"
"2018-08-19 19:00:00",895,14.33,"NAN"
"2018-08-19 20:00:00",896,13.14,"NAN"
"2018-08-19 21:00:00",897,12.93,"NAN"
"2018-08-19 22:00:00",898,12.92,"NAN"
"2018-08-19 23:00:00",899,12.89,"NAN"
"2018-08-20 00:00:00",900,12.89,"NAN"
"2018-08-20 01:00:00",901,12.86,"NAN"
"2018-08-20 02:00:00",902,12.85,"NAN"
"2018-08-20 03:00:00",903,12.85,"NAN"
"2018-08-20 04:00:00",904,12.84,"NAN"
"2018-08-20 05:00:00",905,12.83,"NAN"
"2018-08-20 06:00:00",906,12.81,"NAN"
"2018-08-20 07:00:00",907,12.81,"NAN"
"2018-08-20 08:00:00",908,12.86,"NAN"
"2018-08-20 09:00:00",909,14.23,"NAN"
"2018-08-20 10:00:00",910,14.35,"NAN"
"2018-08-20 11:00:00",911,14.31,"NAN"
"2018-08-20 12:00:00",912,14.29,"NAN"
"2018-08-20 13:00:00",913,14.26,"NAN"
"2018-08-20 14:00:00",914,14.25,"NAN"
"2018-08-20 15:00:00",915,14.25,"NAN"
"2018-08-20 16:00:00",916,14.07,"NAN"
"2018-08-20 17:00:00",917,14.17,"NAN"
"2018-08-20 18:00:00",918,13.94,"NAN"
"2018-08-20 19:00:00",919,14.26,"NAN"
"2018-08-20 20:00:00",920,13.12,"NAN"
"2018-08-20 21:00:00",921,12.93,"NAN"
"2018-08-20 22:00:00",922,12.93,"NAN"
"2018-08-20 23:00:00",923,12.89,"NAN"
"2018-08-21 00:00:00",924,12.89,"NAN"
"2018-08-21 01:00:00",925,12.88,"NAN"
"2018-08-21 02:00:00",926,12.86,"NAN"
"2018-08-21 03:00:00",927,12.85,"NAN"
"2018-08-21 04:00:00",928,12.85,"NAN"
"2018-08-21 05:00:00",929,12.84,"NAN"
"2018-08-21 06:00:00",930,12.82,"NAN"
"2018-08-21 07:00:00",931,12.81,"NAN"
"2018-08-21 08:00:00",932,12.86,"NAN"
"2018-08-21 09:00:00",933,13.37,"NAN"
"2018-08-21 10:00:00",934,14.42,"NAN"
"2018-08-21 11:00:00",935,14.34,"NAN"
"2018-08-21 12:00:00",936,14.29,"NAN"
"2018-08-21 13:00:00",937,14.29,"NAN"
"2018-08-21 14:00:00",938,14.31,"NAN"
"2018-08-21 15:00:00",939,14.3,"NAN"
"2018-08-21 16:00:00",940,14.34,"NAN"
"2018-08-21 17:00:00",941,14.26,"NAN"
"2018-08-21 18:00:00",942,14.29,"NAN"
"2018-08-21 19:00:00",943,14.38,"NAN"
"2018-08-21 20:00:00",944,13.17,"NAN"
"2018-08-21 21:00:00",945,12.92,"NAN"
"2018-08-21 22:00:00",946,12.92,"NAN"
"2018-08-21 23:00:00",947,12.89,"NAN"
"2018-08-22 00:00:00",948,12.89,"NAN"
"2018-08-22 01:00:00",949,12.87,"NAN"
"2018-08-22 02:00:00",950,12.86,"NAN"
"2018-08-22 03:00:00",951,12.85,"NAN"
"2018-08-22 04:00:00",952,12.85,"NAN"
"2018-08-22 05:00:00",953,12.85,"NAN"
"2018-08-22 06:00:00",954,12.82,"NAN"
"2018-08-22 07:00:00",955,12.81,"NAN"
"2018-08-22 08:00:00",956,12.83,"NAN"
"2018-08-22 09:00:00",957,13.13,"NAN"
"2018-08-22 10:00:00",958,14.45,"NAN"
"2018-08-22 11:00:00",959,14.09,"NAN"
"2018-08-22 12:00:00",960,14.08,"NAN"
"2018-08-22 13:00:00",961,14.11,"NAN"
"2018-08-22 14:00:00",962,14.1,"NAN"
"2018-08-22 15:00:00",963,14.07,"NAN"
"2018-08-22 16:00:00",964,14.18,"NAN"
"2018-08-22 17:00:00",965,14.23,"NAN"
"2018-08-22 18:00:00",966,14.35,"NAN"
"2018-08-22 19:00:00",967,14.41,"NAN"
"2018-08-22 20:00:00",968,13.08,"NAN"
"2018-08-22 21:00:00",969,12.93,"NAN"
"2018-08-22 22:00:00",970,12.9,"NAN"
"2018-08-22 23:00:00",971,12.89,"NAN"
"2018-08-23 00:00:00",972,12.89,"NAN"
"2018-08-23 01:00:00",973,12.86,"NAN"
"2018-08-23 02:00:00",974,12.85,"NAN"
"2018-08-23 03:00:00",975,12.85,"NAN"
"2018-08-23 04:00:00",976,12.82,"NAN"
"2018-08-23 05:00:00",977,12.81,"NAN"
"2018-08-23 06:00:00",978,12.81,"NAN"
"2018-08-23 07:00:00",979,12.81,"NAN"
"2018-08-23 08:00:00",980,12.86,"NAN"
"2018-08-23 09:00:00",981,14.32,"NAN"
"2018-08-23 10:00:00",982,14.45,"NAN"
"2018-08-23 11:00:00",983,14.41,"NAN"
"2018-08-23 12:00:00",984,14.41,"NAN"
"2018-08-23 13:00:00",985,14.41,"NAN"
"2018-08-23 14:00:00",986,14.41,"NAN"
"2018-08-23 15:00:00",987,14.39,"NAN"
"2018-08-23 16:00:00",988,14.27,"NAN"
"2018-08-23 17:00:00",989,14.24,"NAN"
"2018-08-23 18:00:00",990,14.25,"NAN"
"2018-08-23 19:00:00",991,14.3,"NAN"
"2018-08-23 20:00:00",992,13.04,"NAN"
"2018-08-23 21:00:00",993,12.93,"NAN"
"2018-08-23 22:00:00",994,12.93,"NAN"
"2018-08-23 23:00:00",995,12.89,"NAN"
"2018-08-24 00:00:00",996,12.89,"NAN"
"2018-08-24 01:00:00",997,12.87,"NAN"
"2018-08-24 02:00:00",998,12.85,"NAN"
"2018-08-24 03:00:00",999,12.85,"NAN"
"2018-08-24 04:00:00",1000,12.84,"NAN"
"2018-08-24 05:00:00",1001,12.81,"NAN"
"2018-08-24 06:00:00",1002,12.81,"NAN"
"2018-08-24 07:00:00",1003,12.81,"NAN"
"2018-08-24 08:00:00",1004,12.86,"NAN"
"2018-08-24 09:00:00",1005,14.42,"NAN"
"2018-08-24 10:00:00",1006,14.39,"NAN"
"2018-08-24 11:00:00",1007,14.33,"NAN"
"2018-08-24 12:00:00",1008,14.3,"NAN"
"2018-08-24 13:00:00",1009,14.29,"NAN"
"2018-08-24 14:00:00",1010,14.29,"NAN"
"2018-08-24 15:00:00",1011,14.26,"NAN"
"2018-08-24 16:00:00",1012,14.1,"NAN"
"2018-08-24 17:00:00",1013,14.06,"NAN"
"2018-08-24 18:00:00",1014,14.05,"NAN"
"2018-08-24 19:00:00",1015,14.15,"NAN"
"2018-08-24 20:00:00",1016,13.02,"NAN"
"2018-08-24 21:00:00",1017,12.93,"NAN"
"2018-08-24 22:00:00",1018,12.92,"NAN"
"2018-08-24 23:00:00",1019,12.91,"NAN"
"2018-08-25 00:00:00",1020,12.89,"NAN"
"2018-08-25 01:00:00",1021,12.89,"NAN"
"2018-08-25 02:00:00",1022,12.86,"NAN"
"2018-08-25 03:00:00",1023,12.85,"NAN"
"2018-08-25 04:00:00",1024,12.85,"NAN"
"2018-08-25 05:00:00",1025,12.82,"NAN"
"2018-08-25 06:00:00",1026,12.82,"NAN"
"2018-08-25 07:00:00",1027,12.8,"NAN"
"2018-08-25 08:00:00",1028,12.82,"NAN"
"2018-08-25 09:00:00",1029,13.25,"NAN"
"2018-08-25 10:00:00",1030,14.38,"NAN"
"2018-08-25 11:00:00",1031,14.31,"NAN"
"2018-08-25 12:00:00",1032,14.33,"NAN"
"2018-08-25 13:00:00",1033,14.28,"NAN"
"2018-08-25 14:00:00",1034,14.25,"NAN"
"2018-08-25 15:00:00",1035,14.24,"NAN"
"2018-08-25 16:00:00",1036,14.26,"NAN"
"2018-08-25 17:00:00",1037,14.37,"NAN"
"2018-08-25 18:00:00",1038,14.37,"NAN"
"2018-08-25 19:00:00",1039,14.37,"NAN"
"2018-08-25 20:00:00",1040,13.01,"NAN"
"2018-08-25 21:00:00",1041,12.93,"NAN"
"2018-08-25 22:00:00",1042,12.93,"NAN"
"2018-08-25 23:00:00",1043,12.9,"NAN"
"2018-08-26 00:00:00",1044,12.88,"NAN"
"2018-08-26 01:00:00",1045,12.88,"NAN"
"2018-08-26 02:00:00",1046,12.83,"NAN"
"2018-08-26 03:00:00",1047,12.85,"NAN"
"2018-08-26 04:00:00",1048,12.85,"NAN"
"2018-08-26 05:00:00",1049,12.84,"NAN"
"2018-08-26 06:00:00",1050,12.82,"NAN"
"2018-08-26 07:00:00",1051,12.81,"NAN"
"2018-08-26 08:00:00",1052,12.81,"NAN"
"2018-08-26 09:00:00",1053,13.12,"NAN"
"2018-08-26 10:00:00",1054,13.26,"NAN"
"2018-08-26 11:00:00",1055,14.45,"NAN"
"2018-08-26 12:00:00",1056,14.45,"NAN"
"2018-08-26 13:00:00",1057,14.43,"NAN"
"2018-08-26 14:00:00",1058,14.38,"NAN"
"2018-08-26 15:00:00",1059,14.36,"NAN"
"2018-08-26 16:00:00",1060,14.37,"NAN"
"2018-08-26 17:00:00",1061,14.37,"NAN"
"2018-08-26 18:00:00",1062,14.37,"NAN"
"2018-08-26 19:00:00",1063,14.36,"NAN"
"2018-08-26 20:00:00",1064,12.98,"NAN"
"2018-08-26 21:00:00",1065,12.93,"NAN"
"2018-08-26 22:00:00",1066,12.92,"NAN"
"2018-08-26 23:00:00",1067,12.9,"NAN"
"2018-08-27 00:00:00",1068,12.89,"NAN"
"2018-08-27 01:00:00",1069,12.89,"NAN"
"2018-08-27 02:00:00",1070,12.87,"NAN"
"2018-08-27 03:00:00",1071,12.85,"NAN"
"2018-08-27 04:00:00",1072,12.85,"NAN"
"2018-08-27 05:00:00",1073,12.85,"NAN"
"2018-08-27 06:00:00",1074,12.83,"NAN"
"2018-08-27 07:00:00",1075,12.81,"NAN"
"2018-08-27 08:00:00",1076,12.85,"NAN"
"2018-08-27 09:00:00",1077,13.33,"NAN"
"2018-08-27 10:00:00",1078,14.41,"NAN"
"2018-08-27 11:00:00",1079,14.26,"NAN"
"2018-08-27 12:00:00",1080,14.17,"NAN"
"2018-08-27 13:00:00",1081,14.16,"NAN"
"2018-08-27 14:00:00",1082,14.17,"NAN"
"2018-08-27 15:00:00",1083,14.17,"NAN"
"2018-08-27 16:00:00",1084,14.03,"NAN"
"2018-08-27 17:00:00",1085,14.02,"NAN"
"2018-08-27 18:00:00",1086,13.99,"NAN"
"2018-08-27 19:00:00",1087,14.23,"NAN"
"2018-08-27 20:00:00",1088,13.09,"NAN"
"2018-08-27 21:00:00",1089,12.93,"NAN"
"2018-08-27 22:00:00",1090,12.92,"NAN"
"2018-08-27 23:00:00",1091,12.9,"NAN"
"2018-08-28 00:00:00",1092,12.89,"NAN"
"2018-08-28 01:00:00",1093,12.88,"NAN"
"2018-08-28 02:00:00",1094,12.86,"NAN"
"2018-08-28 03:00:00",1095,12.85,"NAN"
"2018-08-28 04:00:00",1096,12.85,"NAN"
"2018-08-28 05:00:00",1097,12.85,"NAN"
"2018-08-28 06:00:00",1098,12.82,"NAN"
"2018-08-28 07:00:00",1099,12.81,"NAN"
"2018-08-28 08:00:00",1100,12.85,"NAN"
"2018-08-28 09:00:00",1101,14.34,"NAN"
"2018-08-28 10:00:00",1102,14.2,"NAN"
"2018-08-28 11:00:00",1103,14.13,"NAN"
"2018-08-28 12:00:00",1104,14.12,"NAN"
"2018-08-28 13:00:00",1105,14.11,"NAN"
"2018-08-28 14:00:00",1106,14.18,"NAN"
"2018-08-28 15:00:00",1107,14.13,"NAN"
"2018-08-28 16:00:00",1108,14.06,"NAN"
"2018-08-28 17:00:00",1109,14.01,"NAN"
"2018-08-28 18:00:00",1110,14.03,"NAN"
"2018-08-28 19:00:00",1111,13.92,"NAN"
"2018-08-28 20:00:00",1112,12.98,"NAN"
"2018-08-28 21:00:00",1113,12.92,"NAN"
"2018-08-28 22:00:00",1114,12.92,"NAN"
"2018-08-28 23:00:00",1115,12.9,"NAN"
"2018-08-29 00:00:00",1116,12.88,"NAN"
"2018-08-29 01:00:00",1117,12.89,"NAN"
"2018-08-29 02:00:00",1118,12.85,"NAN"
"2018-08-29 03:00:00",1119,12.84,"NAN"
"2018-08-29 04:00:00",1120,12.85,"NAN"
"2018-08-29 05:00:00",1121,12.82,"NAN"
"2018-08-29 06:00:00",1122,12.81,"NAN"
"2018-08-29 07:00:00",1123,12.81,"NAN"
"2018-08-29 08:00:00",1124,12.85,"NAN"
"2018-08-29 09:00:00",1125,14.34,"NAN"
"2018-08-29 10:00:00",1126,14.2,"NAN"
"2018-08-29 11:00:00",1127,14.15,"NAN"
"2018-08-29 12:00:00",1128,14.13,"NAN"
"2018-08-29 13:00:00",1129,14.11,"NAN"
"2018-08-29 14:00:00",1130,14.15,"NAN"
"2018-08-29 15:00:00",1131,14.14,"NAN"
"2018-08-29 16:00:00",1132,14.17,"NAN"
"2018-08-29 17:00:00",1133,14.18,"NAN"
"2018-08-29 18:00:00",1134,14.14,"NAN"
"2018-08-29 19:00:00",1135,14.17,"NAN"
"2018-08-29 20:00:00",1136,12.97,"NAN"
"2018-08-29 21:00:00",1137,12.93,"NAN"
"2018-08-29 22:00:00",1138,12.93,"NAN"
"2018-08-29 23:00:00",1139,12.9,"NAN"
"2018-08-30 00:00:00",1140,12.89,"NAN"
"2018-08-30 01:00:00",1141,12.88,"NAN"
"2018-08-30 02:00:00",1142,12.85,"NAN"
"2018-08-30 03:00:00",1143,12.85,"NAN"
"2018-08-30 04:00:00",1144,12.85,"NAN"
"2018-08-30 05:00:00",1145,12.82,"NAN"
"2018-08-30 06:00:00",1146,12.81,"NAN"
"2018-08-30 07:00:00",1147,12.81,"NAN"
"2018-08-30 08:00:00",1148,12.82,"NAN"
"2018-08-30 09:00:00",1149,13.01,"NAN"
"2018-08-30 10:00:00",1150,13.55,"NAN"
"2018-08-30 11:00:00",1151,14.3,"NAN"
"2018-08-30 12:00:00",1152,14.26,"NAN"
"2018-08-30 13:00:00",1153,14.26,"NAN"
"2018-08-30 14:00:00",1154,14.26,"NAN"
"2018-08-30 15:00:00",1155,14.25,"NAN"
"2018-08-30 16:00:00",1156,14.19,"NAN"
"2018-08-30 17:00:00",1157,14.18,"NAN"
"2018-08-30 18:00:00",1158,14.25,"NAN"
"2018-08-30 19:00:00",1159,14.15,"NAN"
"2018-08-30 20:00:00",1160,13.02,"NAN"
"2018-08-30 21:00:00",1161,12.93,"NAN"
"2018-08-30 22:00:00",1162,12.92,"NAN"
"2018-08-30 23:00:00",1163,12.91,"NAN"
"2018-08-31 00:00:00",1164,12.89,"NAN"
"2018-08-31 01:00:00",1165,12.89,"NAN"
"2018-08-31 02:00:00",1166,12.86,"NAN"
"2018-08-31 03:00:00",1167,12.85,"NAN"
"2018-08-31 04:00:00",1168,12.85,"NAN"
"2018-08-31 05:00:00",1169,12.84,"NAN"
"2018-08-31 06:00:00",1170,12.82,"NAN"
"2018-08-31 07:00:00",1171,12.8,"NAN"
"2018-08-31 08:00:00",1172,12.81,"NAN"
"2018-08-31 09:00:00",1173,13.05,"NAN"
"2018-08-31 10:00:00",1174,13.2,"NAN"
"2018-08-31 11:00:00",1175,14.27,"NAN"
"2018-08-31 12:00:00",1176,14.27,"NAN"
"2018-08-31 13:00:00",1177,14.25,"NAN"
"2018-08-31 14:00:00",1178,14.25,"NAN"
"2018-08-31 15:00:00",1179,14.22,"NAN"
"2018-08-31 16:00:00",1180,14.15,"NAN"
"2018-08-31 17:00:00",1181,14.14,"NAN"
"2018-08-31 18:00:00",1182,14.17,"NAN"
"2018-08-31 19:00:00",1183,14.21,"NAN"
"2018-08-31 20:00:00",1184,12.97,"NAN"
"2018-08-31 21:00:00",1185,12.92,"NAN"
"2018-08-31 22:00:00",1186,12.92,"NAN"
"2018-08-31 23:00:00",1187,12.89,"NAN"
"2018-09-01 00:00:00",1188,12.89,"NAN"
"2018-09-01 01:00:00",1189,12.87,"NAN"
"2018-09-01 02:00:00",1190,12.85,"NAN"
"2018-09-01 03:00:00",1191,12.85,"NAN"
"2018-09-01 04:00:00",1192,12.84,"NAN"
"2018-09-01 05:00:00",1193,12.81,"NAN"
"2018-09-01 06:00:00",1194,12.8,"NAN"
"2018-09-01 07:00:00",1195,12.81,"NAN"
"2018-09-01 08:00:00",1196,12.82,"NAN"
"2018-09-01 09:00:00",1197,14.11,"NAN"
"2018-09-01 10:00:00",1198,14.21,"NAN"
"2018-09-01 11:00:00",1199,14.23,"NAN"
"2018-09-01 12:00:00",1200,14.26,"NAN"
"2018-09-01 13:00:00",1201,14.24,"NAN"
"2018-09-01 14:00:00",1202,14.21,"NAN"
"2018-09-01 15:00:00",1203,14.15,"NAN"
"2018-09-01 16:00:00",1204,14.1,"NAN"
"2018-09-01 17:00:00",1205,14.26,"NAN"
"2018-09-01 18:00:00",1206,14.27,"NAN"
"2018-09-01 19:00:00",1207,14.27,"NAN"
"2018-09-01 20:00:00",1208,12.98,"NAN"
"2018-09-01 21:00:00",1209,12.93,"NAN"
"2018-09-01 22:00:00",1210,12.93,"NAN"
"2018-09-01 23:00:00",1211,12.92,"NAN"
"2018-09-02 00:00:00",1212,12.89,"NAN"
"2018-09-02 01:00:00",1213,12.89,"NAN"
"2018-09-02 02:00:00",1214,12.88,"NAN"
"2018-09-02 03:00:00",1215,12.85,"NAN"
"2018-09-02 04:00:00",1216,12.85,"NAN"
"2018-09-02 05:00:00",1217,12.84,"NAN"
"2018-09-02 06:00:00",1218,12.81,"NAN"
"2018-09-02 07:00:00",1219,12.81,"NAN"
"2018-09-02 08:00:00",1220,12.82,"NAN"
"2018-09-02 09:00:00",1221,14.19,"NAN"
"2018-09-02 10:00:00",1222,14.23,"NAN"
"2018-09-02 11:00:00",1223,14.18,"NAN"
"2018-09-02 12:00:00",1224,14.1,"NAN"
"2018-09-02 13:00:00",1225,14.1,"NAN"
"2018-09-02 14:00:00",1226,14.14,"NAN"
"2018-09-02 15:00:00",1227,14.16,"NAN"
"2018-09-02 16:00:00",1228,14.03,"NAN"
"2018-09-02 17:00:00",1229,13.99,"NAN"
"2018-09-02 18:00:00",1230,14.09,"NAN"
"2018-09-02 19:00:00",1231,14.13,"NAN"
"2018-09-02 20:00:00",1232,12.97,"NAN"
"2018-09-02 21:00:00",1233,12.93,"NAN"
"2018-09-02 22:00:00",1234,12.93,"NAN"
"2018-09-02 23:00:00",1235,12.92,"NAN"
"2018-09-03 00:00:00",1236,12.9,"NAN"
"2018-09-03 01:00:00",1237,12.89,"NAN"
"2018-09-03 02:00:00",1238,12.88,"NAN"
"2018-09-03 03:00:00",1239,12.85,"NAN"
"2018-09-03 04:00:00",1240,12.85,"NAN"
"2018-09-03 05:00:00",1241,12.84,"NAN"
"2018-09-03 06:00:00",1242,12.81,"NAN"
"2018-09-03 07:00:00",1243,12.81,"NAN"
"2018-09-03 08:00:00",1244,12.82,"NAN"
"2018-09-03 09:00:00",1245,14.11,"NAN"
"2018-09-03 10:00:00",1246,14.17,"NAN"
"2018-09-03 11:00:00",1247,14.14,"NAN"
"2018-09-03 12:00:00",1248,14.09,"NAN"
"2018-09-03 13:00:00",1249,14.07,"NAN"
"2018-09-03 14:00:00",1250,14.13,"NAN"
"2018-09-03 15:00:00",1251,14.08,"NAN"
"2018-09-03 16:00:00",1252,13.95,"NAN"
"2018-09-03 17:00:00",1253,13.89,"NAN"
"2018-09-03 18:00:00",1254,14.02,"NAN"
"2018-09-03 19:00:00",1255,14.1,"NAN"
"2018-09-03 20:00:00",1256,12.97,"NAN"
"2018-09-03 21:00:00",1257,12.93,"NAN"
"2018-09-03 22:00:00",1258,12.92,"NAN"
"2018-09-03 23:00:00",1259,12.9,"NAN"
"2018-09-04 00:00:00",1260,12.89,"NAN"
"2018-09-04 01:00:00",1261,12.89,"NAN"
"2018-09-04 02:00:00",1262,12.84,"NAN"
"2018-09-04 03:00:00",1263,12.85,"NAN"
"2018-09-04 04:00:00",1264,12.85,"NAN"
"2018-09-04 05:00:00",1265,12.82,"NAN"
"2018-09-04 06:00:00",1266,12.81,"NAN"
"2018-09-04 07:00:00",1267,12.81,"NAN"
"2018-09-04 08:00:00",1268,12.82,"NAN"
"2018-09-04 09:00:00",1269,14.1,"NAN"
"2018-09-04 10:00:00",1270,14.15,"NAN"
"2018-09-04 11:00:00",1271,14.13,"NAN"
"2018-09-04 12:00:00",1272,14.06,"NAN"
"2018-09-04 13:00:00",1273,14.05,"NAN"
"2018-09-04 14:00:00",1274,14.06,"NAN"
"2018-09-04 15:00:00",1275,14.1,"NAN"
"2018-09-04 16:00:00",1276,13.99,"NAN"
"2018-09-04 17:00:00",1277,13.94,"NAN"
"2018-09-04 18:00:00",1278,13.94,"NAN"
"2018-09-04 19:00:00",1279,14.09,"NAN"
"2018-09-04 20:00:00",1280,12.98,"NAN"
"2018-09-04 21:00:00",1281,12.93,"NAN"
"2018-09-04 22:00:00",1282,12.92,"NAN"
"2018-09-04 23:00:00",1283,12.92,"NAN"
"2018-09-05 00:00:00",1284,12.88,"NAN"
"2018-09-05 01:00:00",1285,12.88,"NAN"
"2018-09-05 02:00:00",1286,12.86,"NAN"
"2018-09-05 03:00:00",1287,12.85,"NAN"
"2018-09-05 04:00:00",1288,12.85,"NAN"
"2018-09-05 05:00:00",1289,12.82,"NAN"
"2018-09-05 06:00:00",1290,12.81,"NAN"
"2018-09-05 07:00:00",1291,12.81,"NAN"
"2018-09-05 08:00:00",1292,12.82,"NAN"
"2018-09-05 09:00:00",1293,14.2,"NAN"
"2018-09-05 10:00:00",1294,14.17,"NAN"
"2018-09-05 11:00:00",1295,14.11,"NAN"
"2018-09-05 12:00:00",1296,14.06,"NAN"
"2018-09-05 13:00:00",1297,14.06,"NAN"
"2018-09-05 14:00:00",1298,14.1,"NAN"
"2018-09-05 15:00:00",1299,14.08,"NAN"
"2018-09-05 16:00:00",1300,13.94,"NAN"
"2018-09-05 17:00:00",1301,13.96,"NAN"
"2018-09-05 18:00:00",1302,14.01,"NAN"
"2018-09-05 19:00:00",1303,14.13,"NAN"
"2018-09-05 20:00:00",1304,12.97,"NAN"
"2018-09-05 21:00:00",1305,12.92,"NAN"
"2018-09-05 22:00:00",1306,12.93,"NAN"
"2018-09-05 23:00:00",1307,12.91,"NAN"
"2018-09-06 00:00:00",1308,12.89,"NAN"
"2018-09-06 01:00:00",1309,12.89,"NAN"
"2018-09-06 02:00:00",1310,12.86,"NAN"
"2018-09-06 03:00:00",1311,12.85,"NAN"
"2018-09-06 04:00:00",1312,12.84,"NAN"
"2018-09-06 05:00:00",1313,12.82,"NAN"
"2018-09-06 06:00:00",1314,12.81,"NAN"
"2018-09-06 07:00:00",1315,12.81,"NAN"
"2018-09-06 08:00:00",1316,12.81,"NAN"
"2018-09-06 09:00:00",1317,13.76,"NAN"
"2018-09-06 10:00:00",1318,14.21,"NAN"
"2018-09-06 11:00:00",1319,14.21,"NAN"
"2018-09-06 12:00:00",1320,14.1,"NAN"
"2018-09-06 13:00:00",1321,14.1,"NAN"
"2018-09-06 14:00:00",1322,14.1,"NAN"
"2018-09-06 15:00:00",1323,14.1,"NAN"
"2018-09-06 16:00:00",1324,14.19,"NAN"
"2018-09-06 17:00:00",1325,14.37,"NAN"
"2018-09-06 18:00:00",1326,14.4,"NAN"
"2018-09-06 19:00:00",1327,14.41,"NAN"
"2018-09-06 20:00:00",1328,12.98,"NAN"
"2018-09-06 21:00:00",1329,12.92,"NAN"
"2018-09-06 22:00:00",1330,12.93,"NAN"
"2018-09-06 23:00:00",1331,12.91,"NAN"
"2018-09-07 00:00:00",1332,12.89,"NAN"
"2018-09-07 01:00:00",1333,12.88,"NAN"
"2018-09-07 02:00:00",1334,12.89,"NAN"
"2018-09-07 03:00:00",1335,12.86,"NAN"
"2018-09-07 04:00:00",1336,12.85,"NAN"
"2018-09-07 05:00:00",1337,12.85,"NAN"
"2018-09-07 06:00:00",1338,12.82,"NAN"
"2018-09-07 07:00:00",1339,12.81,"NAN"
"2018-09-07 08:00:00",1340,12.81,"NAN"
"2018-09-07 09:00:00",1341,13.05,"NAN"
"2018-09-07 10:00:00",1342,13.37,"NAN"
"2018-09-07 11:00:00",1343,14.37,"NAN"
"2018-09-07 12:00:00",1344,14.26,"NAN"
"2018-09-07 13:00:00",1345,14.18,"NAN"
"2018-09-07 14:00:00",1346,14.17,"NAN"
"2018-09-07 15:00:00",1347,14.14,"NAN"
"2018-09-07 16:00:00",1348,14.06,"NAN"
"2018-09-07 17:00:00",1349,14.05,"NAN"
"2018-09-07 18:00:00",1350,14.07,"NAN"
"2018-09-07 19:00:00",1351,14.23,"NAN"
"2018-09-07 20:00:00",1352,12.97,"NAN"
"2018-09-07 21:00:00",1353,12.93,"NAN"
"2018-09-07 22:00:00",1354,12.93,"NAN"
"2018-09-07 23:00:00",1355,12.92,"NAN"
"2018-09-08 00:00:00",1356,12.89,"NAN"
"2018-09-08 01:00:00",1357,12.89,"NAN"
"2018-09-08 02:00:00",1358,12.87,"NAN"
"2018-09-08 03:00:00",1359,12.85,"NAN"
"2018-09-08 04:00:00",1360,12.85,"NAN"
"2018-09-08 05:00:00",1361,12.85,"NAN"
"2018-09-08 06:00:00",1362,12.81,"NAN"
"2018-09-08 07:00:00",1363,12.81,"NAN"
"2018-09-08 08:00:00",1364,12.81,"NAN"
"2018-09-08 09:00:00",1365,12.82,"NAN"
"2018-09-08 10:00:00",1366,12.89,"NAN"
"2018-09-08 11:00:00",1367,13.33,"NAN"
"2018-09-08 12:00:00",1368,14.5,"NAN"
"2018-09-08 13:00:00",1369,14.49,"NAN"
"2018-09-08 14:00:00",1370,14.46,"NAN"
"2018-09-08 15:00:00",1371,14.41,"NAN"
"2018-09-08 16:00:00",1372,14.45,"NAN"
"2018-09-08 17:00:00",1373,14.51,"NAN"
"2018-09-08 18:00:00",1374,13.21,"NAN"
"2018-09-08 19:00:00",1375,13.06,"NAN"
"2018-09-08 20:00:00",1376,12.96,"NAN"
"2018-09-08 21:00:00",1377,12.93,"NAN"
"2018-09-08 22:00:00",1378,12.93,"NAN"
"2018-09-08 23:00:00",1379,12.91,"NAN"
"2018-09-09 00:00:00",1380,12.89,"NAN"
"2018-09-09 01:00:00",1381,12.89,"NAN"
"2018-09-09 02:00:00",1382,12.88,"NAN"
"2018-09-09 03:00:00",1383,12.86,"NAN"
"2018-09-09 04:00:00",1384,12.85,"NAN"
"2018-09-09 05:00:00",1385,12.85,"NAN"
"2018-09-09 06:00:00",1386,12.82,"NAN"
"2018-09-09 07:00:00",1387,12.81,"NAN"
"2018-09-09 08:00:00",1388,12.78,"NAN"
"2018-09-09 09:00:00",1389,12.81,"NAN"
"2018-09-09 10:00:00",1390,12.82,"NAN"
"2018-09-09 11:00:00",1391,13.17,"NAN"
"2018-09-09 12:00:00",1392,13.46,"NAN"
"2018-09-09 13:00:00",1393,14.65,"NAN"
"2018-09-09 14:00:00",1394,14.65,"NAN"
"2018-09-09 15:00:00",1395,14.5,"NAN"
"2018-09-09 16:00:00",1396,14.64,"NAN"
"2018-09-09 17:00:00",1397,14.65,"NAN"
"2018-09-09 18:00:00",1398,14.64,"NAN"
"2018-09-09 19:00:00",1399,13.13,"NAN"
"2018-09-09 20:00:00",1400,12.98,"NAN"
"2018-09-09 21:00:00",1401,12.96,"NAN"
"2018-09-09 22:00:00",1402,12.93,"NAN"
"2018-09-09 23:00:00",1403,12.93,"NAN"
"2018-09-10 00:00:00",1404,12.93,"NAN"
"2018-09-10 01:00:00",1405,12.91,"NAN"
"2018-09-10 02:00:00",1406,12.9,"NAN"
"2018-09-10 03:00:00",1407,12.89,"NAN"
"2018-09-10 04:00:00",1408,12.89,"NAN"
"2018-09-10 05:00:00",1409,12.86,"NAN"
"2018-09-10 06:00:00",1410,12.85,"NAN"
"2018-09-10 07:00:00",1411,12.85,"NAN"
"2018-09-10 08:00:00",1412,12.85,"NAN"
"2018-09-10 09:00:00",1413,12.96,"NAN"
"2018-09-10 10:00:00",1414,13.25,"NAN"
"2018-09-10 11:00:00",1415,13.32,"NAN"
"2018-09-10 12:00:00",1416,13.8,"NAN"
"2018-09-10 13:00:00",1417,14.53,"NAN"
"2018-09-10 14:00:00",1418,14.53,"NAN"
"2018-09-10 15:00:00",1419,14.53,"NAN"
"2018-09-10 16:00:00",1420,14.53,"NAN"
"2018-09-10 17:00:00",1421,14.53,"NAN"
"2018-09-10 18:00:00",1422,14.04,"NAN"
"2018-09-10 19:00:00",1423,13.05,"NAN"
"2018-09-10 20:00:00",1424,12.97,"NAN"
"2018-09-10 21:00:00",1425,12.93,"NAN"
"2018-09-10 22:00:00",1426,12.93,"NAN"
"2018-09-10 23:00:00",1427,12.93,"NAN"
"2018-09-11 00:00:00",1428,12.92,"NAN"
"2018-09-11 01:00:00",1429,12.89,"NAN"
"2018-09-11 02:00:00",1430,12.89,"NAN"
"2018-09-11 03:00:00",1431,12.89,"NAN"
"2018-09-11 04:00:00",1432,12.86,"NAN"
"2018-09-11 05:00:00",1433,12.85,"NAN"
"2018-09-11 06:00:00",1434,12.85,"NAN"
"2018-09-11 07:00:00",1435,12.82,"NAN"
"2018-09-11 08:00:00",1436,12.83,"NAN"
"2018-09-11 09:00:00",1437,12.98,"NAN"
"2018-09-11 10:00:00",1438,13.33,"NAN"
"2018-09-11 11:00:00",1439,14.57,"NAN"
"2018-09-11 12:00:00",1440,14.5,"NAN"
"2018-09-11 13:00:00",1441,14.49,"NAN"
"2018-09-11 14:00:00",1442,14.49,"NAN"
"2018-09-11 15:00:00",1443,14.49,"NAN"
"2018-09-11 16:00:00",1444,14.48,"NAN"
"2018-09-11 17:00:00",1445,14.46,"NAN"
"2018-09-11 18:00:00",1446,14.49,"NAN"
"2018-09-11 19:00:00",1447,14.38,"NAN"
"2018-09-11 20:00:00",1448,13,"NAN"
"2018-09-11 21:00:00",1449,12.97,"NAN"
"2018-09-11 22:00:00",1450,12.93,"NAN"
"2018-09-11 23:00:00",1451,12.92,"NAN"
"2018-09-12 00:00:00",1452,12.92,"NAN"
"2018-09-12 01:00:00",1453,12.93,"NAN"
"2018-09-12 02:00:00",1454,12.88,"NAN"
"2018-09-12 03:00:00",1455,12.89,"NAN"
"2018-09-12 04:00:00",1456,12.89,"NAN"
"2018-09-12 05:00:00",1457,12.86,"NAN"
"2018-09-12 06:00:00",1458,12.85,"NAN"
"2018-09-12 07:00:00",1459,12.85,"NAN"
"2018-09-12 08:00:00",1460,12.85,"NAN"
"2018-09-12 09:00:00",1461,13.15,"NAN"
"2018-09-12 10:00:00",1462,13.36,"NAN"
"2018-09-12 11:00:00",1463,14.26,"NAN"
"2018-09-12 12:00:00",1464,14.27,"NAN"
"2018-09-12 13:00:00",1465,14.43,"NAN"
"2018-09-12 14:00:00",1466,14.5,"NAN"
"2018-09-12 15:00:00",1467,14.21,"NAN"
"2018-09-12 16:00:00",1468,14.35,"NAN"
"2018-09-12 17:00:00",1469,14.33,"NAN"
"2018-09-12 18:00:00",1470,14.34,"NAN"
"2018-09-12 19:00:00",1471,14.38,"NAN"
"2018-09-12 20:00:00",1472,13,"NAN"
"2018-09-12 21:00:00",1473,12.96,"NAN"
"2018-09-12 22:00:00",1474,12.93,"NAN"
"2018-09-12 23:00:00",1475,12.93,"NAN"
"2018-09-13 00:00:00",1476,12.93,"NAN"
"2018-09-13 01:00:00",1477,12.9,"NAN"
"2018-09-13 02:00:00",1478,12.89,"NAN"
"2018-09-13 03:00:00",1479,12.89,"NAN"
"2018-09-13 04:00:00",1480,12.88,"NAN"
"2018-09-13 05:00:00",1481,12.86,"NAN"
"2018-09-13 06:00:00",1482,12.85,"NAN"
"2018-09-13 07:00:00",1483,12.85,"NAN"
"2018-09-13 08:00:00",1484,12.85,"NAN"
"2018-09-13 09:00:00",1485,13.88,"NAN"
"2018-09-13 10:00:00",1486,14.44,"NAN"
"2018-09-13 11:00:00",1487,14.41,"NAN"
"2018-09-13 12:00:00",1488,14.33,"NAN"
"2018-09-13 13:00:00",1489,14.3,"NAN"
"2018-09-13 14:00:00",1490,14.29,"NAN"
"2018-09-13 15:00:00",1491,14.29,"NAN"
"2018-09-13 16:00:00",1492,14.26,"NAN"
"2018-09-13 17:00:00",1493,14.24,"NAN"
"2018-09-13 18:00:00",1494,14.15,"NAN"
"2018-09-13 19:00:00",1495,13.88,"NAN"
"2018-09-13 20:00:00",1496,12.98,"NAN"
"2018-09-13 21:00:00",1497,12.94,"NAN"
"2018-09-13 22:00:00",1498,12.93,"NAN"
"2018-09-13 23:00:00",1499,12.93,"NAN"
"2018-09-14 00:00:00",1500,12.92,"NAN"
"2018-09-14 01:00:00",1501,12.92,"NAN"
"2018-09-14 02:00:00",1502,12.89,"NAN"
"2018-09-14 03:00:00",1503,12.89,"NAN"
"2018-09-14 04:00:00",1504,12.87,"NAN"
"2018-09-14 05:00:00",1505,12.85,"NAN"
"2018-09-14 06:00:00",1506,12.85,"NAN"
"2018-09-14 07:00:00",1507,12.85,"NAN"
"2018-09-14 08:00:00",1508,12.85,"NAN"
"2018-09-14 09:00:00",1509,13.28,"NAN"
"2018-09-14 10:00:00",1510,14.41,"NAN"
"2018-09-14 11:00:00",1511,14.33,"NAN"
"2018-09-14 12:00:00",1512,14.26,"NAN"
"2018-09-14 13:00:00",1513,14.26,"NAN"
"2018-09-14 14:00:00",1514,14.25,"NAN"
"2018-09-14 15:00:00",1515,14.37,"NAN"
"2018-09-14 16:00:00",1516,14.37,"NAN"
"2018-09-14 17:00:00",1517,14.36,"NAN"
"2018-09-14 18:00:00",1518,14.38,"NAN"
"2018-09-14 19:00:00",1519,14.41,"NAN"
"2018-09-14 20:00:00",1520,13,"NAN"
"2018-09-14 21:00:00",1521,12.95,"NAN"
"2018-09-14 22:00:00",1522,12.93,"NAN"
"2018-09-14 23:00:00",1523,12.92,"NAN"
"2018-09-15 00:00:00",1524,12.93,"NAN"
"2018-09-15 01:00:00",1525,12.9,"NAN"
"2018-09-15 02:00:00",1526,12.89,"NAN"
"2018-09-15 03:00:00",1527,12.89,"NAN"
"2018-09-15 04:00:00",1528,12.88,"NAN"
"2018-09-15 05:00:00",1529,12.85,"NAN"
"2018-09-15 06:00:00",1530,12.85,"NAN"
"2018-09-15 07:00:00",1531,12.85,"NAN"
"2018-09-15 08:00:00",1532,12.85,"NAN"
"2018-09-15 09:00:00",1533,13.37,"NAN"
"2018-09-15 10:00:00",1534,14.49,"NAN"
"2018-09-15 11:00:00",1535,14.45,"NAN"
"2018-09-15 12:00:00",1536,14.45,"NAN"
"2018-09-15 13:00:00",1537,14.42,"NAN"
"2018-09-15 14:00:00",1538,14.42,"NAN"
"2018-09-15 15:00:00",1539,14.41,"NAN"
"2018-09-15 16:00:00",1540,14.41,"NAN"
"2018-09-15 17:00:00",1541,14.41,"NAN"
"2018-09-15 18:00:00",1542,14.42,"NAN"
"2018-09-15 19:00:00",1543,14.45,"NAN"
"2018-09-15 20:00:00",1544,12.99,"NAN"
"2018-09-15 21:00:00",1545,12.95,"NAN"
"2018-09-15 22:00:00",1546,12.93,"NAN"
"2018-09-15 23:00:00",1547,12.93,"NAN"
"2018-09-16 00:00:00",1548,12.93,"NAN"
"2018-09-16 01:00:00",1549,12.92,"NAN"
"2018-09-16 02:00:00",1550,12.89,"NAN"
"2018-09-16 03:00:00",1551,12.89,"NAN"
"2018-09-16 04:00:00",1552,12.88,"NAN"
"2018-09-16 05:00:00",1553,12.85,"NAN"
"2018-09-16 06:00:00",1554,12.85,"NAN"
"2018-09-16 07:00:00",1555,12.85,"NAN"
"2018-09-16 08:00:00",1556,12.84,"NAN"
"2018-09-16 09:00:00",1557,13.36,"NAN"
"2018-09-16 10:00:00",1558,14.49,"NAN"
"2018-09-16 11:00:00",1559,14.46,"NAN"
"2018-09-16 12:00:00",1560,14.45,"NAN"
"2018-09-16 13:00:00",1561,14.41,"NAN"
"2018-09-16 14:00:00",1562,14.41,"NAN"
"2018-09-16 15:00:00",1563,14.41,"NAN"
"2018-09-16 16:00:00",1564,14.41,"NAN"
"2018-09-16 17:00:00",1565,14.41,"NAN"
"2018-09-16 18:00:00",1566,14.41,"NAN"
"2018-09-16 19:00:00",1567,13.76,"NAN"
"2018-09-16 20:00:00",1568,12.97,"NAN"
"2018-09-16 21:00:00",1569,12.96,"NAN"
"2018-09-16 22:00:00",1570,12.93,"NAN"
"2018-09-16 23:00:00",1571,12.93,"NAN"
"2018-09-17 00:00:00",1572,12.93,"NAN"
"2018-09-17 01:00:00",1573,12.93,"NAN"
"2018-09-17 02:00:00",1574,12.9,"NAN"
"2018-09-17 03:00:00",1575,12.89,"NAN"
"2018-09-17 04:00:00",1576,12.89,"NAN"
"2018-09-17 05:00:00",1577,12.86,"NAN"
"2018-09-17 06:00:00",1578,12.85,"NAN"
"2018-09-17 07:00:00",1579,12.85,"NAN"
"2018-09-17 08:00:00",1580,12.85,"NAN"
"2018-09-17 09:00:00",1581,12.85,"NAN"
"2018-09-17 10:00:00",1582,12.97,"NAN"
"2018-09-17 11:00:00",1583,13.16,"NAN"
"2018-09-17 12:00:00",1584,14.49,"NAN"
"2018-09-17 13:00:00",1585,14.45,"NAN"
"2018-09-17 14:00:00",1586,14.43,"NAN"
"2018-09-17 15:00:00",1587,14.42,"NAN"
"2018-09-17 16:00:00",1588,14.26,"NAN"
"2018-09-17 17:00:00",1589,14.44,"NAN"
"2018-09-17 18:00:00",1590,14.42,"NAN"
"2018-09-17 19:00:00",1591,13.07,"NAN"
"2018-09-17 20:00:00",1592,12.98,"NAN"
"2018-09-17 21:00:00",1593,12.97,"NAN"
"2018-09-17 22:00:00",1594,12.93,"NAN"
"2018-09-17 23:00:00",1595,12.93,"NAN"
"2018-09-18 00:00:00",1596,12.93,"NAN"
"2018-09-18 01:00:00",1597,12.93,"NAN"
"2018-09-18 02:00:00",1598,12.91,"NAN"
"2018-09-18 03:00:00",1599,12.89,"NAN"
"2018-09-18 04:00:00",1600,12.89,"NAN"
"2018-09-18 05:00:00",1601,12.85,"NAN"
"2018-09-18 06:00:00",1602,12.85,"NAN"
"2018-09-18 07:00:00",1603,12.85,"NAN"
"2018-09-18 08:00:00",1604,12.83,"NAN"
"2018-09-18 09:00:00",1605,12.85,"NAN"
"2018-09-18 10:00:00",1606,13.02,"NAN"
"2018-09-18 11:00:00",1607,14.49,"NAN"
"2018-09-18 12:00:00",1608,14.47,"NAN"
"2018-09-18 13:00:00",1609,14.45,"NAN"
"2018-09-18 14:00:00",1610,14.45,"NAN"
"2018-09-18 15:00:00",1611,14.45,"NAN"
"2018-09-18 16:00:00",1612,14.41,"NAN"
"2018-09-18 17:00:00",1613,14.41,"NAN"
"2018-09-18 18:00:00",1614,14.41,"NAN"
"2018-09-18 19:00:00",1615,14.07,"NAN"
"2018-09-18 20:00:00",1616,13,"NAN"
"2018-09-18 21:00:00",1617,12.97,"NAN"
"2018-09-18 22:00:00",1618,12.93,"NAN"
"2018-09-18 23:00:00",1619,12.92,"NAN"
"2018-09-19 00:00:00",1620,12.92,"NAN"
"2018-09-19 01:00:00",1621,12.93,"NAN"
"2018-09-19 02:00:00",1622,12.88,"NAN"
"2018-09-19 03:00:00",1623,12.89,"NAN"
"2018-09-19 04:00:00",1624,12.89,"NAN"
"2018-09-19 05:00:00",1625,12.86,"NAN"
"2018-09-19 06:00:00",1626,12.85,"NAN"
"2018-09-19 07:00:00",1627,12.85,"NAN"
"2018-09-19 08:00:00",1628,12.84,"NAN"
"2018-09-19 09:00:00",1629,13.04,"NAN"
"2018-09-19 10:00:00",1630,13.32,"NAN"
"2018-09-19 11:00:00",1631,14.49,"NAN"
"2018-09-19 12:00:00",1632,14.45,"NAN"
"2018-09-19 13:00:00",1633,14.45,"NAN"
"2018-09-19 14:00:00",1634,14.43,"NAN"
"2018-09-19 15:00:00",1635,14.41,"NAN"
"2018-09-19 16:00:00",1636,14.41,"NAN"
"2018-09-19 17:00:00",1637,14.41,"NAN"
"2018-09-19 18:00:00",1638,14.41,"NAN"
"2018-09-19 19:00:00",1639,13.95,"NAN"
"2018-09-19 20:00:00",1640,12.98,"NAN"
"2018-09-19 21:00:00",1641,12.96,"NAN"
"2018-09-19 22:00:00",1642,12.93,"NAN"
"2018-09-19 23:00:00",1643,12.93,"NAN"
"2018-09-20 00:00:00",1644,12.93,"NAN"
"2018-09-20 01:00:00",1645,12.92,"NAN"
"2018-09-20 02:00:00",1646,12.89,"NAN"
"2018-09-20 03:00:00",1647,12.89,"NAN"
"2018-09-20 04:00:00",1648,12.88,"NAN"
"2018-09-20 05:00:00",1649,12.85,"NAN"
"2018-09-20 06:00:00",1650,12.85,"NAN"
"2018-09-20 07:00:00",1651,12.84,"NAN"
"2018-09-20 08:00:00",1652,12.84,"NAN"
"2018-09-20 09:00:00",1653,13.13,"NAN"
"2018-09-20 10:00:00",1654,14.5,"NAN"
"2018-09-20 11:00:00",1655,14.46,"NAN"
"2018-09-20 12:00:00",1656,14.45,"NAN"
"2018-09-20 13:00:00",1657,14.41,"NAN"
"2018-09-20 14:00:00",1658,14.41,"NAN"
"2018-09-20 15:00:00",1659,14.41,"NAN"
"2018-09-20 16:00:00",1660,14.37,"NAN"
"2018-09-20 17:00:00",1661,14.37,"NAN"
"2018-09-20 18:00:00",1662,14.38,"NAN"
"2018-09-20 19:00:00",1663,14.09,"NAN"
"2018-09-20 20:00:00",1664,13,"NAN"
"2018-09-20 21:00:00",1665,12.97,"NAN"
"2018-09-20 22:00:00",1666,12.95,"NAN"
"2018-09-20 23:00:00",1667,12.92,"NAN"
"2018-09-21 00:00:00",1668,12.92,"NAN"
"2018-09-21 01:00:00",1669,12.93,"NAN"
"2018-09-21 02:00:00",1670,12.91,"NAN"
"2018-09-21 03:00:00",1671,12.9,"NAN"
"2018-09-21 04:00:00",1672,12.88,"NAN"
"2018-09-21 05:00:00",1673,12.86,"NAN"
"2018-09-21 06:00:00",1674,12.85,"NAN"
"2018-09-21 07:00:00",1675,12.85,"NAN"
"2018-09-21 08:00:00",1676,12.84,"NAN"
"2018-09-21 09:00:00",1677,13.18,"NAN"
"2018-09-21 10:00:00",1678,14.45,"NAN"
"2018-09-21 11:00:00",1679,14.45,"NAN"
"2018-09-21 12:00:00",1680,14.41,"NAN"
"2018-09-21 13:00:00",1681,14.41,"NAN"
"2018-09-21 14:00:00",1682,14.39,"NAN"
"2018-09-21 15:00:00",1683,14.19,"NAN"
"2018-09-21 16:00:00",1684,14.14,"NAN"
"2018-09-21 17:00:00",1685,14.18,"NAN"
"2018-09-21 18:00:00",1686,14.23,"NAN"
"2018-09-21 19:00:00",1687,13.33,"NAN"
"2018-09-21 20:00:00",1688,12.97,"NAN"
"2018-09-21 21:00:00",1689,12.97,"NAN"
"2018-09-21 22:00:00",1690,12.94,"NAN"
"2018-09-21 23:00:00",1691,12.93,"NAN"
"2018-09-22 00:00:00",1692,12.93,"NAN"
"2018-09-22 01:00:00",1693,12.92,"NAN"
"2018-09-22 02:00:00",1694,12.9,"NAN"
"2018-09-22 03:00:00",1695,12.89,"NAN"
"2018-09-22 04:00:00",1696,12.88,"NAN"
"2018-09-22 05:00:00",1697,12.85,"NAN"
"2018-09-22 06:00:00",1698,12.84,"NAN"
"2018-09-22 07:00:00",1699,12.84,"NAN"
"2018-09-22 08:00:00",1700,12.83,"NAN"
