"TOA5","CR6Series","CR6","3767","CR6.Std.04 CR6-WIFI.01","CPU:ew_fullsun_code Rev1.CR6","51073","Wind"
"TIMESTAMP","RECORD","WS_ms_S_WVT","WindDir_D1_WVT","WindDir_SD1_WVT"
"TS","RN","meters/second","Deg","Deg"
"","","WVc","WVc","WVc"
"2018-07-13 12:00:00",0,0.442,34.47,68.03
"2018-07-13 13:00:00",1,0.49,35.46,76.49
"2018-07-13 14:00:00",2,0.842,111.9,87.1
"2018-07-13 15:00:00",3,0.774,174.8,55.65
"2018-07-13 16:00:00",4,0.737,159.3,84.1
"2018-07-13 17:00:00",5,0.561,129.2,75.81
"2018-07-13 18:00:00",6,0.339,349.7,72.58
"2018-07-13 19:00:00",7,0.391,342,36.19
"2018-07-13 20:00:00",8,0.026,342.9,11.59
"2018-07-13 21:00:00",9,0.504,341.2,14.67
"2018-07-13 22:00:00",10,0.951,334.6,12.7
"2018-07-13 23:00:00",11,0.934,332.2,10.75
"2018-07-14 00:00:00",12,0.858,330.1,7.792
"2018-07-14 01:00:00",13,0.669,330.5,8.97
"2018-07-14 02:00:00",14,0.439,302.4,13.6
"2018-07-14 03:00:00",15,0.496,302.9,12.92
"2018-07-14 04:00:00",16,0.533,310.3,11.32
"2018-07-14 05:00:00",17,0.522,320.2,4.75
"2018-07-14 06:00:00",18,0.335,319.3,4.732
"2018-07-14 07:00:00",19,0.102,313.9,1.995
"2018-07-14 08:00:00",20,0,317.1,0.004
"2018-07-14 09:00:00",21,0.308,346.2,16.13
"2018-07-14 10:00:00",22,0.605,44.76,65.91
"2018-07-14 11:00:00",23,1.139,80.2,44.52
"2018-07-14 12:00:00",24,1.132,63.81,51.96
"2018-07-14 13:00:00",25,1.084,100.9,46.4
"2018-07-14 14:00:00",26,1.091,71.82,61.79
"2018-07-14 15:00:00",27,0.826,84.1,58.55
"2018-07-14 16:00:00",28,1.018,104.1,33.69
"2018-07-14 17:00:00",29,0.808,95.1,33.91
"2018-07-14 18:00:00",30,0.851,86.3,30.61
"2018-07-14 19:00:00",31,0.724,91.1,33.88
"2018-07-14 20:00:00",32,0.42,86.4,23.33
"2018-07-14 21:00:00",33,0.39,62.28,14.84
"2018-07-14 22:00:00",34,0.705,307.2,11.69
"2018-07-14 23:00:00",35,0.389,303.6,6.199
"2018-07-15 00:00:00",36,0.769,315.1,7.539
"2018-07-15 01:00:00",37,0.578,290.4,10.4
"2018-07-15 02:00:00",38,0.081,282.2,6.394
"2018-07-15 03:00:00",39,0.083,288.1,0.057
"2018-07-15 04:00:00",40,0.127,299.8,15.9
"2018-07-15 05:00:00",41,0.123,286.9,6.72
"2018-07-15 06:00:00",42,0.005,210.1,2.78
"2018-07-15 07:00:00",43,0.009,158.7,1.507
"2018-07-15 08:00:00",44,0.006,166.2,8.35
"2018-07-15 09:00:00",45,0.182,324.2,31.13
"2018-07-15 10:00:00",46,0.309,60.59,67.85
"2018-07-15 11:00:00",47,0.597,65.62,42.67
"2018-07-15 12:00:00",48,0.678,64.11,54.34
"2018-07-15 13:00:00",49,0.717,40.13,74.51
"2018-07-15 14:00:00",50,0.833,28.29,62.11
"2018-07-15 15:00:00",51,0.804,140,79.55
"2018-07-15 16:00:00",52,1.419,107.7,48.04
"2018-07-15 17:00:00",53,0.602,299.5,32.78
"2018-07-15 18:00:00",54,0.42,327,23.92
"2018-07-15 19:00:00",55,0.338,327.4,20.28
"2018-07-15 20:00:00",56,0.1,344.7,18.27
"2018-07-15 21:00:00",57,0.525,319.1,9.82
"2018-07-15 22:00:00",58,0.581,307.6,13.93
"2018-07-15 23:00:00",59,0.232,286.9,27.94
"2018-07-16 00:00:00",60,0.282,294,8.74
"2018-07-16 01:00:00",61,0.239,281.4,7.283
"2018-07-16 02:00:00",62,0.269,280.3,0.058
"2018-07-16 03:00:00",63,0.165,292.3,6.331
"2018-07-16 04:00:00",64,0.429,305,8.51
"2018-07-16 05:00:00",65,0.432,295,8.59
"2018-07-16 06:00:00",66,0.195,299.7,0.311
"2018-07-16 07:00:00",67,0.028,299.3,0.04
"2018-07-16 08:00:00",68,0.059,314.6,9.56
"2018-07-16 09:00:00",69,0.211,339.1,21.75
"2018-07-16 10:00:00",70,0.342,345.1,41.1
"2018-07-16 11:00:00",71,0.695,39.52,62.95
"2018-07-16 12:00:00",72,0.878,46.77,63.38
"2018-07-16 13:00:00",73,0.943,71,60.53
"2018-07-16 14:00:00",74,0.823,60.41,70.16
"2018-07-16 15:00:00",75,0.578,339.8,78.7
"2018-07-16 16:00:00",76,0.831,43.55,67.89
"2018-07-16 17:00:00",77,0.775,73.08,66.81
"2018-07-16 18:00:00",78,1.366,80.2,67.92
"2018-07-16 19:00:00",79,0.877,24.83,75.86
"2018-07-16 20:00:00",80,0.643,28.95,70.86
"2018-07-16 21:00:00",81,0.296,323.4,61.64
"2018-07-16 22:00:00",82,0.429,310.6,20.84
"2018-07-16 23:00:00",83,0.144,303.9,21.24
"2018-07-17 00:00:00",84,0.32,102.2,63.36
"2018-07-17 01:00:00",85,0.076,286.3,34.11
"2018-07-17 02:00:00",86,0.257,291.8,7.239
"2018-07-17 03:00:00",87,0.047,141.5,31.33
"2018-07-17 04:00:00",88,0.171,282.6,50.5
"2018-07-17 05:00:00",89,0.16,280.3,11.12
"2018-07-17 06:00:00",90,0.093,270.4,35.21
"2018-07-17 07:00:00",91,0.11,100.6,34.95
"2018-07-17 08:00:00",92,0.088,25.55,32.14
"2018-07-17 09:00:00",93,0.495,97.2,20.27
"2018-07-17 10:00:00",94,0.916,84.1,28.55
"2018-07-17 11:00:00",95,1.135,77.33,26.3
"2018-07-17 12:00:00",96,1.192,288,85
"2018-07-17 13:00:00",97,1.354,264,41.51
"2018-07-17 14:00:00",98,0.761,298.7,55.48
"2018-07-17 15:00:00",99,1.259,289,43.04
"2018-07-17 16:00:00",100,1.34,321.7,49.07
"2018-07-17 17:00:00",101,1.505,320.2,46.56
"2018-07-17 18:00:00",102,1.708,312.8,44.21
"2018-07-17 19:00:00",103,1.423,326.8,45.94
"2018-07-17 20:00:00",104,1.213,309.8,43.67
"2018-07-17 21:00:00",105,0.599,293.9,35.86
"2018-07-17 22:00:00",106,0.604,349.9,70.52
"2018-07-17 23:00:00",107,0.897,62.84,29.94
"2018-07-18 00:00:00",108,0.966,66.67,21.35
"2018-07-18 01:00:00",109,0.861,54.78,17.58
"2018-07-18 02:00:00",110,0.436,51.78,23.8
"2018-07-18 03:00:00",111,0,0,0
"2018-07-18 04:00:00",112,0.037,93.1,8.75
"2018-07-18 05:00:00",113,0.276,123.6,8.35
"2018-07-18 06:00:00",114,0.041,77.13,13.5
"2018-07-18 07:00:00",115,0.006,52.99,8.48
"2018-07-18 08:00:00",116,0.07,16.35,16.01
"2018-07-18 09:00:00",117,0.607,9.06,44.27
"2018-07-18 10:00:00",118,0.958,37.83,42.75
"2018-07-18 11:00:00",119,1.021,322.6,61.9
"2018-07-18 12:00:00",120,1.001,322.4,63.18
"2018-07-18 13:00:00",121,1.024,341.3,60.24
"2018-07-18 14:00:00",122,1.088,342.9,56.9
"2018-07-18 15:00:00",123,1.146,315.7,55.91
"2018-07-18 16:00:00",124,1.182,312.4,50.34
"2018-07-18 17:00:00",125,0.941,319.3,53.39
"2018-07-18 18:00:00",126,1.046,302.2,48.09
"2018-07-18 19:00:00",127,0.754,314.2,41.85
"2018-07-18 20:00:00",128,0.492,331.5,33.11
"2018-07-18 21:00:00",129,0.044,322.3,14.59
"2018-07-18 22:00:00",130,0.414,93.7,46.46
"2018-07-18 23:00:00",131,0.797,123.4,13.04
"2018-07-19 00:00:00",132,0.656,133.2,12.01
"2018-07-19 01:00:00",133,0.805,129.7,16.89
"2018-07-19 02:00:00",134,1.002,127.9,13.01
"2018-07-19 03:00:00",135,0.204,132.2,14.04
"2018-07-19 04:00:00",136,0.209,168.6,47.28
"2018-07-19 05:00:00",137,0.512,80.1,51.63
"2018-07-19 06:00:00",138,0.413,124.3,14.16
"2018-07-19 07:00:00",139,0.269,140.2,9.22
"2018-07-19 08:00:00",140,0.315,218.9,28.03
"2018-07-19 09:00:00",141,0.32,221.1,23.8
"2018-07-19 10:00:00",142,0.529,51.94,58.98
"2018-07-19 11:00:00",143,0.703,125.8,63.29
"2018-07-19 12:00:00",144,0.813,157.1,55.66
"2018-07-19 13:00:00",145,0.813,181.3,72.57
"2018-07-19 14:00:00",146,1.001,208.6,74.17
"2018-07-19 15:00:00",147,1.023,210,77.78
"2018-07-19 16:00:00",148,0.899,150.1,67.06
"2018-07-19 17:00:00",149,0.945,180.8,77.9
"2018-07-19 18:00:00",150,0.353,156.5,68.17
"2018-07-19 19:00:00",151,0.36,273.4,46.02
"2018-07-19 20:00:00",152,0.045,52.82,9.65
"2018-07-19 21:00:00",153,0.218,128,40.57
"2018-07-19 22:00:00",154,0.977,151.2,9.36
"2018-07-19 23:00:00",155,1.054,152.1,10.35
"2018-07-20 00:00:00",156,1.06,153.2,9.59
"2018-07-20 01:00:00",157,1.302,147.7,8.25
"2018-07-20 02:00:00",158,1.327,147.6,8.72
"2018-07-20 03:00:00",159,1.025,145.6,10.08
"2018-07-20 04:00:00",160,0.706,147.9,17.29
"2018-07-20 05:00:00",161,1.041,148.4,9.13
"2018-07-20 06:00:00",162,0.805,159.7,13.6
"2018-07-20 07:00:00",163,0.797,156.3,13.2
"2018-07-20 08:00:00",164,0.77,155.8,24.2
"2018-07-20 09:00:00",165,0.868,152.9,33.78
"2018-07-20 10:00:00",166,0.985,157.5,34.82
"2018-07-20 11:00:00",167,0.954,153.4,47.86
"2018-07-20 12:00:00",168,1.018,153.7,50.34
"2018-07-20 13:00:00",169,1.045,155.1,52.85
"2018-07-20 14:00:00",170,1.211,156.3,62.06
"2018-07-20 15:00:00",171,0.908,149.1,47.74
"2018-07-20 16:00:00",172,1.036,142.5,67.54
"2018-07-20 17:00:00",173,1.508,249.2,87.2
"2018-07-20 18:00:00",174,1.171,219.1,78.77
"2018-07-20 19:00:00",175,0.747,129.2,38.54
"2018-07-20 20:00:00",176,0.815,143.6,23.67
"2018-07-20 21:00:00",177,0.485,137.1,24.96
"2018-07-20 22:00:00",178,0.358,131.4,23.27
"2018-07-20 23:00:00",179,0.621,203.7,61.82
"2018-07-21 00:00:00",180,1.559,143.9,17.39
"2018-07-21 01:00:00",181,1.294,141,23.65
"2018-07-21 02:00:00",182,1.258,147.6,14.81
"2018-07-21 03:00:00",183,0.534,139.5,25.96
"2018-07-21 04:00:00",184,0.237,134.2,9.62
"2018-07-21 05:00:00",185,0.937,145.9,10.24
"2018-07-21 06:00:00",186,0.617,190.4,62.77
"2018-07-21 07:00:00",187,0.088,153.7,32.71
"2018-07-21 08:00:00",188,0.344,135.4,15.33
"2018-07-21 09:00:00",189,0.406,149.5,20.96
"2018-07-21 10:00:00",190,0.627,152.7,25.15
"2018-07-21 11:00:00",191,0.747,155.4,34.45
"2018-07-21 12:00:00",192,1.281,151.4,36.63
"2018-07-21 13:00:00",193,1.125,152.2,39.02
"2018-07-21 14:00:00",194,0.917,161.8,38.43
"2018-07-21 15:00:00",195,0.891,160.7,49.11
"2018-07-21 16:00:00",196,1.093,219.7,52.24
"2018-07-21 17:00:00",197,0.408,108.3,39.53
"2018-07-21 18:00:00",198,0.726,153.5,50.22
"2018-07-21 19:00:00",199,0.929,161.6,61.09
"2018-07-21 20:00:00",200,0.852,158.2,62.6
"2018-07-21 21:00:00",201,1.141,133.8,65.26
"2018-07-21 22:00:00",202,0.952,69.54,55.74
"2018-07-21 23:00:00",203,0.631,39.92,78.18
"2018-07-22 00:00:00",204,0.503,89.7,68.96
"2018-07-22 01:00:00",205,0.356,52.61,70.99
"2018-07-22 02:00:00",206,0.321,168.8,49.61
"2018-07-22 03:00:00",207,0.116,4.024,29.37
"2018-07-22 04:00:00",208,0.165,26.95,20.77
"2018-07-22 05:00:00",209,0.086,57.41,6.857
"2018-07-22 06:00:00",210,0.019,294.6,13.77
"2018-07-22 07:00:00",211,0.003,181.7,5.637
"2018-07-22 08:00:00",212,0.22,303.7,47.53
"2018-07-22 09:00:00",213,0.201,129.1,21.73
"2018-07-22 10:00:00",214,0.333,106.5,32.29
"2018-07-22 11:00:00",215,0.475,131.7,56.76
"2018-07-22 12:00:00",216,0.267,146.1,39.65
"2018-07-22 13:00:00",217,0.626,178.4,58.54
"2018-07-22 14:00:00",218,0.787,226.2,52.64
"2018-07-22 15:00:00",219,0.513,102.4,77.23
"2018-07-22 16:00:00",220,0.289,121.7,48.5
"2018-07-22 17:00:00",221,0.832,259.3,73.07
"2018-07-22 18:00:00",222,0.525,98.7,21.48
"2018-07-22 19:00:00",223,0.278,50.44,32.78
"2018-07-22 20:00:00",224,0.535,79.38,46.37
"2018-07-22 21:00:00",225,0.255,6.591,37.33
"2018-07-22 22:00:00",226,0.341,348.1,53.03
"2018-07-22 23:00:00",227,0.616,150.8,15.79
"2018-07-23 00:00:00",228,0.142,134.7,6.084
"2018-07-23 01:00:00",229,0.16,125.1,9.15
"2018-07-23 02:00:00",230,0.082,209.3,20.72
"2018-07-23 03:00:00",231,0.159,226.9,35.13
"2018-07-23 04:00:00",232,0.046,108,25.97
"2018-07-23 05:00:00",233,0.112,208.3,46.5
"2018-07-23 06:00:00",234,0.464,351.6,33.51
"2018-07-23 07:00:00",235,0.396,74.09,66.23
"2018-07-23 08:00:00",236,0.406,163.8,66.29
"2018-07-23 09:00:00",237,0.316,161.6,38.23
"2018-07-23 10:00:00",238,0.334,152.4,24.77
"2018-07-23 11:00:00",239,0.472,153.5,40.73
"2018-07-23 12:00:00",240,0.521,163.1,35.49
"2018-07-23 13:00:00",241,0.498,157.7,28.02
"2018-07-23 14:00:00",242,0.664,150.4,41.53
"2018-07-23 15:00:00",243,0.922,161.8,37.52
"2018-07-23 16:00:00",244,1.028,187.1,57.71
"2018-07-23 17:00:00",245,1.37,244.7,57.48
"2018-07-23 18:00:00",246,0.585,121.6,55.38
"2018-07-23 19:00:00",247,0.604,250.9,62.06
"2018-07-23 20:00:00",248,0.764,324.5,41.74
"2018-07-23 21:00:00",249,0.127,129.4,18.24
"2018-07-23 22:00:00",250,0.743,139.8,7.039
"2018-07-23 23:00:00",251,0.43,143.8,6.678
"2018-07-24 00:00:00",252,0.702,145.2,6.815
"2018-07-24 01:00:00",253,0.756,145,7.835
"2018-07-24 02:00:00",254,0.775,138.8,9.42
"2018-07-24 03:00:00",255,0.6,134.1,7.655
"2018-07-24 04:00:00",256,0.658,139.8,5
"2018-07-24 05:00:00",257,0.73,147.4,6.584
"2018-07-24 06:00:00",258,0.347,147.7,28.05
"2018-07-24 07:00:00",259,0.602,142.5,4.866
"2018-07-24 08:00:00",260,0.888,144,4.748
"2018-07-24 09:00:00",261,0.569,147,16.09
"2018-07-24 10:00:00",262,0.385,146.2,23.98
"2018-07-24 11:00:00",263,0.594,140.9,51.1
"2018-07-24 12:00:00",264,0.584,184.5,48.91
"2018-07-24 13:00:00",265,0.646,160.2,36.05
"2018-07-24 14:00:00",266,0.6,150.5,40.27
"2018-07-24 15:00:00",267,0.837,282.6,73.85
"2018-07-24 16:00:00",268,0.889,313.8,36.43
"2018-07-24 17:00:00",269,0.941,277.4,32.88
"2018-07-24 18:00:00",270,0.501,180.4,46.41
"2018-07-24 19:00:00",271,0.321,150.2,17.21
"2018-07-24 20:00:00",272,0.03,136.3,0.061
"2018-07-24 21:00:00",273,0.276,276.5,34.04
"2018-07-24 22:00:00",274,0.32,277,19.29
"2018-07-24 23:00:00",275,0.252,102,56.14
"2018-07-25 00:00:00",276,0.142,110,10.47
"2018-07-25 01:00:00",277,0.131,109.4,29.2
"2018-07-25 02:00:00",278,0.006,87,0.015
"2018-07-25 03:00:00",279,0.016,310.8,9.49
"2018-07-25 04:00:00",280,0.096,110.6,12.38
"2018-07-25 05:00:00",281,0.073,276.9,31.09
"2018-07-25 06:00:00",282,0.175,355,54.92
"2018-07-25 07:00:00",283,0.107,267.3,22.18
"2018-07-25 08:00:00",284,0.355,258.3,33.65
"2018-07-25 09:00:00",285,0.665,260.8,31.55
"2018-07-25 10:00:00",286,0.453,247.3,39.12
"2018-07-25 11:00:00",287,0.651,263.2,37.18
"2018-07-25 12:00:00",288,0.742,298.1,36.17
"2018-07-25 13:00:00",289,0.879,262.4,32.77
"2018-07-25 14:00:00",290,0.958,298.6,38.67
"2018-07-25 15:00:00",291,0.427,273.7,67.04
"2018-07-25 16:00:00",292,0.533,110,41.45
"2018-07-25 17:00:00",293,0.424,44.42,43.37
"2018-07-25 18:00:00",294,0.45,22.37,55.96
"2018-07-25 19:00:00",295,0.723,278.6,74.4
"2018-07-25 20:00:00",296,0.721,288.7,59.07
"2018-07-25 21:00:00",297,0.355,168.8,37.39
"2018-07-25 22:00:00",298,0.427,115.8,25.65
"2018-07-25 23:00:00",299,0.34,262.3,40.67
"2018-07-26 00:00:00",300,0.617,276.7,30.87
"2018-07-26 01:00:00",301,0.572,281.4,25.17
"2018-07-26 02:00:00",302,0.232,192,59.52
"2018-07-26 03:00:00",303,0.091,237.8,28.23
"2018-07-26 04:00:00",304,0.482,253.4,34.36
"2018-07-26 05:00:00",305,0.323,213.4,55.11
"2018-07-26 06:00:00",306,0.574,211.4,59.13
"2018-07-26 07:00:00",307,0.366,240.1,46.64
"2018-07-26 08:00:00",308,0.231,167.7,33.31
"2018-07-26 09:00:00",309,0.466,225,50.01
"2018-07-26 10:00:00",310,0.729,246.6,65.48
"2018-07-26 11:00:00",311,0.791,250.1,46.64
"2018-07-26 12:00:00",312,1.182,258.5,51.76
"2018-07-26 13:00:00",313,1.044,242.8,55.82
"2018-07-26 14:00:00",314,1.21,260.9,41.01
"2018-07-26 15:00:00",315,1.101,233,57.41
"2018-07-26 16:00:00",316,1.115,248.7,59.55
"2018-07-26 17:00:00",317,1.227,260.4,42.36
"2018-07-26 18:00:00",318,1.396,265,35.32
"2018-07-26 19:00:00",319,1.103,273.7,43.22
"2018-07-26 20:00:00",320,0.428,280.5,34.99
"2018-07-26 21:00:00",321,0.109,291.2,45.46
"2018-07-26 22:00:00",322,0.024,66.71,8.81
"2018-07-26 23:00:00",323,0.053,63.09,26.32
"2018-07-27 00:00:00",324,0.159,106.7,12.6
"2018-07-27 01:00:00",325,0.539,116.5,19.93
"2018-07-27 02:00:00",326,0.412,119,28.87
"2018-07-27 03:00:00",327,0.164,105.1,20.6
"2018-07-27 04:00:00",328,0.125,76.21,32.99
"2018-07-27 05:00:00",329,0.486,325.5,60.1
"2018-07-27 06:00:00",330,0.275,99.3,29.2
"2018-07-27 07:00:00",331,0.064,89.3,9.01
"2018-07-27 08:00:00",332,0.32,123.9,47.33
"2018-07-27 09:00:00",333,0.396,136.2,52.85
"2018-07-27 10:00:00",334,0.488,217.3,60.89
"2018-07-27 11:00:00",335,0.462,170.2,56.52
"2018-07-27 12:00:00",336,0.639,259.8,50.64
"2018-07-27 13:00:00",337,0.638,273,40.95
"2018-07-27 14:00:00",338,0.401,231.9,47.8
"2018-07-27 15:00:00",339,1.39,263.1,31.09
"2018-07-27 16:00:00",340,1.891,257.9,35.56
"2018-07-27 17:00:00",341,1.747,258.7,45.25
"2018-07-27 18:00:00",342,1.651,261.1,34.03
"2018-07-27 19:00:00",343,1.659,258.5,29.7
"2018-07-27 20:00:00",344,1.281,271.7,37.08
"2018-07-27 21:00:00",345,0.972,249.9,24.96
"2018-07-27 22:00:00",346,1.028,246.2,21.24
"2018-07-27 23:00:00",347,0.919,244.1,16.9
"2018-07-28 00:00:00",348,0.344,225.8,26.99
"2018-07-28 01:00:00",349,0.244,173.4,35.65
"2018-07-28 02:00:00",350,0.518,138.1,11.78
"2018-07-28 03:00:00",351,0.34,150,12.14
"2018-07-28 04:00:00",352,0.501,140.1,22.5
"2018-07-28 05:00:00",353,0.726,137.5,11.46
"2018-07-28 06:00:00",354,0.424,142.2,20.4
"2018-07-28 07:00:00",355,0.29,159,31.54
"2018-07-28 08:00:00",356,0.083,157.8,20.11
"2018-07-28 09:00:00",357,0.46,224.9,30.19
"2018-07-28 10:00:00",358,0.863,255,41.3
"2018-07-28 11:00:00",359,0.982,260.7,50.07
"2018-07-28 12:00:00",360,1.289,272.1,42.34
"2018-07-28 13:00:00",361,1.46,268.8,39.73
"2018-07-28 14:00:00",362,1.49,289.9,41.09
"2018-07-28 15:00:00",363,1.247,289.2,48.46
"2018-07-28 16:00:00",364,1.398,292.2,48.67
"2018-07-28 17:00:00",365,1.449,313.4,46.5
"2018-07-28 18:00:00",366,1.222,310.1,42.79
"2018-07-28 19:00:00",367,1.05,304.6,39.08
"2018-07-28 20:00:00",368,0.252,300.3,27.13
"2018-07-28 21:00:00",369,0.101,305.3,38.36
"2018-07-28 22:00:00",370,0.2,132.3,8.52
"2018-07-28 23:00:00",371,0.537,137.3,22.32
"2018-07-29 00:00:00",372,0.701,126.3,26.13
"2018-07-29 01:00:00",373,0.531,148.1,13.45
"2018-07-29 02:00:00",374,0.572,152.2,14.7
"2018-07-29 03:00:00",375,0.301,131.9,12.22
"2018-07-29 04:00:00",376,0.281,127,4.768
"2018-07-29 05:00:00",377,0.437,172,12.52
"2018-07-29 06:00:00",378,0.373,143.5,13.73
"2018-07-29 07:00:00",379,0.211,157.6,11.13
"2018-07-29 08:00:00",380,0.063,218.3,29.64
"2018-07-29 09:00:00",381,0.286,215.6,22.37
"2018-07-29 10:00:00",382,0.46,174.3,58.74
"2018-07-29 11:00:00",383,0.604,81,59.2
"2018-07-29 12:00:00",384,1.095,49.14,49.86
"2018-07-29 13:00:00",385,0.996,299.1,75.7
"2018-07-29 14:00:00",386,0.768,345.4,63.46
"2018-07-29 15:00:00",387,1.169,262.1,52.62
"2018-07-29 16:00:00",388,1.204,279.4,42.4
"2018-07-29 17:00:00",389,0.939,331.8,47.17
"2018-07-29 18:00:00",390,0.919,334.4,46.69
"2018-07-29 19:00:00",391,0.19,1.205,49.04
"2018-07-29 20:00:00",392,0.464,323.5,19.65
"2018-07-29 21:00:00",393,0.295,74.66,55.31
"2018-07-29 22:00:00",394,0.769,116.3,7.455
"2018-07-29 23:00:00",395,0.424,113.8,18.27
"2018-07-30 00:00:00",396,0.711,146.2,12.61
"2018-07-30 01:00:00",397,0.682,146,5.157
"2018-07-30 02:00:00",398,0.061,118.9,21.54
"2018-07-30 03:00:00",399,0.662,141.2,10.52
"2018-07-30 04:00:00",400,0.753,143.1,5.077
"2018-07-30 05:00:00",401,0.692,141.9,5.981
"2018-07-30 06:00:00",402,0.516,145.7,6.354
"2018-07-30 07:00:00",403,0.544,139.9,6.625
"2018-07-30 08:00:00",404,0.409,8.86,50.46
"2018-07-30 09:00:00",405,0.202,19.26,27.97
"2018-07-30 10:00:00",406,0.272,151.7,25.31
"2018-07-30 11:00:00",407,0.467,155.1,50.13
"2018-07-30 12:00:00",408,0.324,139.1,26.79
"2018-07-30 13:00:00",409,0.546,153.4,41.71
"2018-07-30 14:00:00",410,0.989,268.7,35.24
"2018-07-30 15:00:00",411,0.448,173.9,65.21
"2018-07-30 16:00:00",412,0.648,199.1,64.12
"2018-07-30 17:00:00",413,0.705,239.9,74.14
"2018-07-30 18:00:00",414,0.651,37.32,44.86
"2018-07-30 19:00:00",415,0.498,35.03,38.51
"2018-07-30 20:00:00",416,0.61,31.51,22.82
"2018-07-30 21:00:00",417,0.304,164.4,53.58
"2018-07-30 22:00:00",418,0.689,161.3,30.99
"2018-07-30 23:00:00",419,0.895,164,23.9
"2018-07-31 00:00:00",420,0.846,158.9,25.08
"2018-07-31 01:00:00",421,0.646,167.7,30.31
"2018-07-31 02:00:00",422,0.415,155.7,15.58
"2018-07-31 03:00:00",423,0.085,87.8,40.79
"2018-07-31 04:00:00",424,0.312,131.4,2.954
"2018-07-31 05:00:00",425,0.058,133.8,0.043
"2018-07-31 06:00:00",426,0.498,138.3,21.28
"2018-07-31 07:00:00",427,0.124,115,33.85
"2018-07-31 08:00:00",428,0.36,144.4,8.43
"2018-07-31 09:00:00",429,0.303,139.6,31.52
"2018-07-31 10:00:00",430,0.513,138.8,39.58
"2018-07-31 11:00:00",431,0.574,148.5,37.43
"2018-07-31 12:00:00",432,0.759,160.7,40.18
"2018-07-31 13:00:00",433,0.832,158.2,40.42
"2018-07-31 14:00:00",434,0.775,151.8,38.78
"2018-07-31 15:00:00",435,0.856,167.3,63.72
"2018-07-31 16:00:00",436,1.437,324.8,64.75
"2018-07-31 17:00:00",437,0.715,27.11,70.15
"2018-07-31 18:00:00",438,0.62,102,55.61
"2018-07-31 19:00:00",439,0.703,163.2,22.52
"2018-07-31 20:00:00",440,0.849,149,24.11
"2018-07-31 21:00:00",441,0.757,150.3,23.3
"2018-07-31 22:00:00",442,0.649,142.3,20.78
"2018-07-31 23:00:00",443,0.321,214.4,51.71
"2018-08-01 00:00:00",444,0.422,161.3,45.53
"2018-08-01 01:00:00",445,0.443,261,79.39
"2018-08-01 02:00:00",446,0.447,293.4,40.7
"2018-08-01 03:00:00",447,0.423,103.6,55.32
"2018-08-01 04:00:00",448,0.508,286.6,33.94
"2018-08-01 05:00:00",449,0.42,115.1,4.51
"2018-08-01 06:00:00",450,0.168,121.4,14.02
"2018-08-01 07:00:00",451,0.508,335.7,37.46
"2018-08-01 08:00:00",452,0.647,327.7,81.9
"2018-08-01 09:00:00",453,0.549,141.5,12.83
"2018-08-01 10:00:00",454,0.3,165.1,56.98
"2018-08-01 11:00:00",455,0.63,246.2,48.44
"2018-08-01 12:00:00",456,0.671,233.5,59.17
"2018-08-01 13:00:00",457,0.905,237.2,60.96
"2018-08-01 14:00:00",458,0.939,244.2,53.22
"2018-08-01 15:00:00",459,0.963,253.9,59.3
"2018-08-01 16:00:00",460,0.921,224.7,65.8
"2018-08-01 17:00:00",461,0.986,261.3,43.64
"2018-08-01 18:00:00",462,1.692,269.8,26.18
"2018-08-01 19:00:00",463,1.435,259,25.51
"2018-08-01 20:00:00",464,1.703,263.2,27.12
"2018-08-01 21:00:00",465,0.829,261.4,51.38
"2018-08-01 22:00:00",466,0.38,301.9,64.74
"2018-08-01 23:00:00",467,0.142,117.5,19.3
"2018-08-02 00:00:00",468,0.317,106,44.56
"2018-08-02 01:00:00",469,0.348,137.9,64.9
"2018-08-02 02:00:00",470,0.28,111.1,45.93
"2018-08-02 03:00:00",471,0.485,106,2.867
"2018-08-02 04:00:00",472,0.44,129.2,19.82
"2018-08-02 05:00:00",473,0.285,119.6,11.74
"2018-08-02 06:00:00",474,0.334,142.2,10.7
"2018-08-02 07:00:00",475,0.203,132.5,16.96
"2018-08-02 08:00:00",476,0.537,138.6,11.91
"2018-08-02 09:00:00",477,0.197,17.98,38.59
"2018-08-02 10:00:00",478,0.336,150.4,35.09
"2018-08-02 11:00:00",479,0.397,146.5,38.11
"2018-08-02 12:00:00",480,0.414,149,41.62
"2018-08-02 13:00:00",481,0.389,146,45.37
"2018-08-02 14:00:00",482,0.372,237.6,58.34
"2018-08-02 15:00:00",483,0.667,279.9,56.37
"2018-08-02 16:00:00",484,0.692,269.6,33.69
"2018-08-02 17:00:00",485,0.55,213.1,63.61
"2018-08-02 18:00:00",486,0.314,254.1,49.63
"2018-08-02 19:00:00",487,0.262,231.8,42.61
"2018-08-02 20:00:00",488,0.007,211.8,2.443
"2018-08-02 21:00:00",489,0.047,101.2,0.428
"2018-08-02 22:00:00",490,0.146,101.7,2.932
"2018-08-02 23:00:00",491,0.075,108.1,5.538
"2018-08-03 00:00:00",492,0.078,34.88,34.23
"2018-08-03 01:00:00",493,0.094,316.7,26.44
"2018-08-03 02:00:00",494,0.65,111.3,26.94
"2018-08-03 03:00:00",495,0.176,124.1,10.9
"2018-08-03 04:00:00",496,0.123,154,14.79
"2018-08-03 05:00:00",497,0.481,143.3,7.551
"2018-08-03 06:00:00",498,0.467,147.7,5.34
"2018-08-03 07:00:00",499,0.276,136.8,15.83
"2018-08-03 08:00:00",500,0.135,130,10.74
"2018-08-03 09:00:00",501,0.221,140.2,16.77
"2018-08-03 10:00:00",502,0.363,162.6,34.31
"2018-08-03 11:00:00",503,0.503,188,51.3
"2018-08-03 12:00:00",504,0.488,157.4,66.05
"2018-08-03 13:00:00",505,0.461,221.7,68.09
"2018-08-03 14:00:00",506,1.081,266,34.48
"2018-08-03 15:00:00",507,0.999,267.1,32.26
"2018-08-03 16:00:00",508,1.198,267.2,29.37
"2018-08-03 17:00:00",509,0.397,256.2,52.98
"2018-08-03 18:00:00",510,0.168,138,17.86
"2018-08-03 19:00:00",511,0.344,145.2,46.58
"2018-08-03 20:00:00",512,0.232,248.1,48.93
"2018-08-03 21:00:00",513,0.167,317.2,35.05
"2018-08-03 22:00:00",514,0.205,96.3,20.74
"2018-08-03 23:00:00",515,0.186,120.6,10.43
"2018-08-04 00:00:00",516,0.167,114.6,33.8
"2018-08-04 01:00:00",517,0.078,319.4,10.14
"2018-08-04 02:00:00",518,0.212,101.4,11.03
"2018-08-04 03:00:00",519,0.18,114.8,6.977
"2018-08-04 04:00:00",520,0.021,152.4,19.58
"2018-08-04 05:00:00",521,0.365,132.2,5.937
"2018-08-04 06:00:00",522,0.323,134.4,3.419
"2018-08-04 07:00:00",523,0.054,146.1,4.944
"2018-08-04 08:00:00",524,0.325,155.7,18.28
"2018-08-04 09:00:00",525,0.329,164,45.03
"2018-08-04 10:00:00",526,0.67,212.6,58.19
"2018-08-04 11:00:00",527,0.917,238.4,57.47
"2018-08-04 12:00:00",528,1.36,257.3,45.31
"2018-08-04 13:00:00",529,1.33,265.1,44
"2018-08-04 14:00:00",530,1.528,263.3,42.54
"2018-08-04 15:00:00",531,1.405,262.6,46.64
"2018-08-04 16:00:00",532,1.522,267.4,38.79
"2018-08-04 17:00:00",533,1.446,264.4,33.24
"2018-08-04 18:00:00",534,0.972,274.5,35.19
"2018-08-04 19:00:00",535,0.796,5.785,78.17
"2018-08-04 20:00:00",536,0.397,145.7,17.39
"2018-08-04 21:00:00",537,0.09,127.8,11
"2018-08-04 22:00:00",538,0.379,111.1,7.741
"2018-08-04 23:00:00",539,0.551,99.9,24.6
"2018-08-05 00:00:00",540,0.293,45.87,72.86
"2018-08-05 01:00:00",541,0.457,104.4,10.56
"2018-08-05 02:00:00",542,0.269,108.3,10.15
"2018-08-05 03:00:00",543,0.148,104.8,7.511
"2018-08-05 04:00:00",544,0.238,96.2,0.259
"2018-08-05 05:00:00",545,0.22,96.8,0.133
"2018-08-05 06:00:00",546,0.065,131.6,8.96
"2018-08-05 07:00:00",547,0.001,117.6,0.001
"2018-08-05 08:00:00",548,0.023,162.3,15.38
"2018-08-05 09:00:00",549,0.257,164.2,29.11
"2018-08-05 10:00:00",550,0.563,243.3,39.53
"2018-08-05 11:00:00",551,0.987,254,37.88
"2018-08-05 12:00:00",552,1.111,258.6,35.32
"2018-08-05 13:00:00",553,1.385,264.5,38.59
"2018-08-05 14:00:00",554,1.303,257.3,39.67
"2018-08-05 15:00:00",555,1.331,266.4,41.54
"2018-08-05 16:00:00",556,1.54,271.8,41.21
"2018-08-05 17:00:00",557,1.237,274,36.34
"2018-08-05 18:00:00",558,0.921,282.9,45.17
"2018-08-05 19:00:00",559,0.847,309.4,43.53
"2018-08-05 20:00:00",560,0.31,303.8,73.82
"2018-08-05 21:00:00",561,0.169,260.7,11.11
"2018-08-05 22:00:00",562,0.288,169.9,33.65
"2018-08-05 23:00:00",563,0.41,98.3,13.38
"2018-08-06 00:00:00",564,0.196,89.8,15.77
"2018-08-06 01:00:00",565,0.333,112,5.438
"2018-08-06 02:00:00",566,0.263,100.9,6.698
"2018-08-06 03:00:00",567,0.294,111,27.71
"2018-08-06 04:00:00",568,0.31,121.4,30.74
"2018-08-06 05:00:00",569,0.231,136.3,0.048
"2018-08-06 06:00:00",570,0.338,136.3,0.116
"2018-08-06 07:00:00",571,0.291,217.6,66.79
"2018-08-06 08:00:00",572,0.159,167.7,24.23
"2018-08-06 09:00:00",573,0.257,158.8,38.6
"2018-08-06 10:00:00",574,0.577,203.8,66.04
"2018-08-06 11:00:00",575,0.861,239.5,49.48
"2018-08-06 12:00:00",576,1.198,260.7,39.18
"2018-08-06 13:00:00",577,1.134,251.9,54.38
"2018-08-06 14:00:00",578,1.212,257.1,56.09
"2018-08-06 15:00:00",579,0.717,266.2,47.03
"2018-08-06 16:00:00",580,1.16,245,57.87
"2018-08-06 17:00:00",581,1.216,255.2,37.76
"2018-08-06 18:00:00",582,1.224,270.9,39.17
"2018-08-06 19:00:00",583,0.995,266.6,29.9
"2018-08-06 20:00:00",584,0.628,253.1,14.09
"2018-08-06 21:00:00",585,0.119,95.8,8.08
"2018-08-06 22:00:00",586,0.729,98.3,9.27
"2018-08-06 23:00:00",587,0.586,95.5,6.226
"2018-08-07 00:00:00",588,0.05,168.3,28.86
"2018-08-07 01:00:00",589,0.114,294.6,32.55
"2018-08-07 02:00:00",590,0.029,82.8,1.244
"2018-08-07 03:00:00",591,0.144,98.2,22.13
"2018-08-07 04:00:00",592,0.522,117.5,16.54
"2018-08-07 05:00:00",593,0.523,127.2,14.58
"2018-08-07 06:00:00",594,0.437,125.1,18.52
"2018-08-07 07:00:00",595,0.383,122.2,33.48
"2018-08-07 08:00:00",596,0.346,207.3,51.79
"2018-08-07 09:00:00",597,0.58,165.7,55.68
"2018-08-07 10:00:00",598,0.589,218.5,74.23
"2018-08-07 11:00:00",599,0.809,251.6,71.72
"2018-08-07 12:00:00",600,0.769,237.5,77.02
"2018-08-07 13:00:00",601,0.883,247.4,62.71
"2018-08-07 14:00:00",602,1.717,287,55.8
"2018-08-07 15:00:00",603,0.72,159.2,53.98
"2018-08-07 16:00:00",604,0.741,137,35.48
"2018-08-07 17:00:00",605,0.623,116,46.3
"2018-08-07 18:00:00",606,0.499,129.5,57.52
"2018-08-07 19:00:00",607,0.489,216.5,69.96
"2018-08-07 20:00:00",608,0.235,113,18.32
"2018-08-07 21:00:00",609,0.497,118.2,13.2
"2018-08-07 22:00:00",610,0.369,117.2,71.02
"2018-08-07 23:00:00",611,0.289,117.7,11.22
"2018-08-08 00:00:00",612,0.377,101,54.58
"2018-08-08 01:00:00",613,0.395,252,77.65
"2018-08-08 02:00:00",614,0.325,118.8,29.03
"2018-08-08 03:00:00",615,0.501,253.8,62.3
"2018-08-08 04:00:00",616,0.506,254.4,46.35
"2018-08-08 05:00:00",617,0.698,271.5,43.82
"2018-08-08 06:00:00",618,0.343,239.7,48.57
"2018-08-08 07:00:00",619,0.288,142.3,55.56
"2018-08-08 08:00:00",620,0.498,226.8,63.23
"2018-08-08 09:00:00",621,0.838,244.8,46.09
"2018-08-08 10:00:00",622,1.08,256.9,43.53
"2018-08-08 11:00:00",623,1.213,251.2,42.14
"2018-08-08 12:00:00",624,0.419,231.7,65.72
"2018-08-08 13:00:00",625,0.951,250.3,53.76
"2018-08-08 14:00:00",626,1.412,262.3,38.55
"2018-08-08 15:00:00",627,1.22,262.9,51.74
"2018-08-08 16:00:00",628,1.488,264.3,33.24
"2018-08-08 17:00:00",629,1.626,260.6,43.94
"2018-08-08 18:00:00",630,1.311,302,48.88
"2018-08-08 19:00:00",631,0.574,12.47,49.19
"2018-08-08 20:00:00",632,1.029,70.22,45.41
"2018-08-08 21:00:00",633,0.193,150.6,39.72
"2018-08-08 22:00:00",634,0.394,112.6,17.95
"2018-08-08 23:00:00",635,0.139,86.2,13.77
"2018-08-09 00:00:00",636,0.157,105.9,7.557
"2018-08-09 01:00:00",637,0.4,278.3,35.66
"2018-08-09 02:00:00",638,0.593,272.7,32.83
"2018-08-09 03:00:00",639,1.3,266.5,25.54
"2018-08-09 04:00:00",640,0.874,267.9,48.34
"2018-08-09 05:00:00",641,1.099,269.3,26.77
"2018-08-09 06:00:00",642,1.282,266.7,23.9
"2018-08-09 07:00:00",643,1.313,267,25.3
"2018-08-09 08:00:00",644,1.51,260.5,25.03
"2018-08-09 09:00:00",645,1.361,268.3,29
"2018-08-09 10:00:00",646,0.978,288.2,37.46
"2018-08-09 11:00:00",647,1.405,282.1,48.08
"2018-08-09 12:00:00",648,1.504,277.6,45.18
"2018-08-09 13:00:00",649,1.389,291.3,47.25
"2018-08-09 14:00:00",650,1.217,301.8,46.67
"2018-08-09 15:00:00",651,1.145,303.6,44.03
"2018-08-09 16:00:00",652,1.333,276,45.54
"2018-08-09 17:00:00",653,1.317,297,43.01
"2018-08-09 18:00:00",654,1.172,284.4,45.9
"2018-08-09 19:00:00",655,1.189,260.6,32.73
"2018-08-09 20:00:00",656,0.489,262.3,32.65
"2018-08-09 21:00:00",657,0.709,228.4,17.9
"2018-08-09 22:00:00",658,0.424,188.1,50.87
"2018-08-09 23:00:00",659,0.11,197.2,30.33
"2018-08-10 00:00:00",660,0.294,118.2,16.78
"2018-08-10 01:00:00",661,0.522,109.6,13.57
"2018-08-10 02:00:00",662,0.279,122.1,15.03
"2018-08-10 03:00:00",663,0.381,122,13.24
"2018-08-10 04:00:00",664,0.095,131.5,9.18
"2018-08-10 05:00:00",665,0.102,125.3,27.07
"2018-08-10 06:00:00",666,0.315,126.6,14.02
"2018-08-10 07:00:00",667,0.272,117.9,14.43
"2018-08-10 08:00:00",668,0.284,142.3,21.82
"2018-08-10 09:00:00",669,0.354,189.5,48.63
"2018-08-10 10:00:00",670,0.539,230.6,55.14
"2018-08-10 11:00:00",671,1.198,260.5,45.16
"2018-08-10 12:00:00",672,1.165,261.4,43.94
"2018-08-10 13:00:00",673,1.263,270.4,45.37
"2018-08-10 14:00:00",674,0.691,161.9,65.76
"2018-08-10 15:00:00",675,1.138,263.2,55.95
"2018-08-10 16:00:00",676,0.98,253,59.12
"2018-08-10 17:00:00",677,0.989,271.3,43.57
"2018-08-10 18:00:00",678,0.887,273.2,23.85
"2018-08-10 19:00:00",679,0.824,264.5,29.04
"2018-08-10 20:00:00",680,1.149,252.3,49.93
"2018-08-10 21:00:00",681,0.323,235.5,34.18
"2018-08-10 22:00:00",682,0.436,151.6,43.65
"2018-08-10 23:00:00",683,0.571,130.9,25.87
"2018-08-11 00:00:00",684,0.464,332.2,41.49
"2018-08-11 01:00:00",685,0.313,303.2,47.19
"2018-08-11 02:00:00",686,0.216,324.8,24.24
"2018-08-11 03:00:00",687,0.072,96.7,38.39
"2018-08-11 04:00:00",688,0.103,321.7,39.79
"2018-08-11 05:00:00",689,0.118,143,40.74
"2018-08-11 06:00:00",690,0.036,205.4,14.68
"2018-08-11 07:00:00",691,0.044,127.6,6.329
"2018-08-11 08:00:00",692,0.129,136.6,21.3
"2018-08-11 09:00:00",693,0.277,201,44.55
"2018-08-11 10:00:00",694,0.796,261,36.99
"2018-08-11 11:00:00",695,1.045,261.8,40.82
"2018-08-11 12:00:00",696,1.126,274.3,39.09
"2018-08-11 13:00:00",697,1.044,293.8,41.17
"2018-08-11 14:00:00",698,1.286,309.9,51.17
"2018-08-11 15:00:00",699,1.231,306.3,40.53
"2018-08-11 16:00:00",700,0.736,339,56.25
"2018-08-11 17:00:00",701,0.708,324.8,55.85
"2018-08-11 18:00:00",702,0.409,314.3,31.27
"2018-08-11 19:00:00",703,0.123,330,17.24
"2018-08-11 20:00:00",704,0.217,338.9,19.15
"2018-08-11 21:00:00",705,0.257,307.2,15.58
"2018-08-11 22:00:00",706,0.482,134.5,23.55
"2018-08-11 23:00:00",707,0.372,135.9,6.906
"2018-08-12 00:00:00",708,0.319,133.8,3.469
"2018-08-12 01:00:00",709,0.653,141.1,21.49
"2018-08-12 02:00:00",710,0.252,119.3,15.82
"2018-08-12 03:00:00",711,0.151,124.2,3.4
"2018-08-12 04:00:00",712,0.348,114.5,63.86
"2018-08-12 05:00:00",713,0.126,137.8,34.13
"2018-08-12 06:00:00",714,0.084,309.9,30.95
"2018-08-12 07:00:00",715,0.066,192.1,43.92
"2018-08-12 08:00:00",716,0.147,88.9,40.79
"2018-08-12 09:00:00",717,0.121,297.4,37.16
"2018-08-12 10:00:00",718,0.216,311,50.74
"2018-08-12 11:00:00",719,0.377,331.1,46.39
"2018-08-12 12:00:00",720,0.565,15.89,59.6
"2018-08-12 13:00:00",721,0.937,327.3,57.51
"2018-08-12 14:00:00",722,1.005,346.5,57.32
"2018-08-12 15:00:00",723,1.052,5.543,62.4
"2018-08-12 16:00:00",724,0.937,339.5,60.57
"2018-08-12 17:00:00",725,0.671,355.5,62.04
"2018-08-12 18:00:00",726,0.817,0.864,63.39
"2018-08-12 19:00:00",727,0.535,339.4,45.05
"2018-08-12 20:00:00",728,0.468,44.77,71.03
"2018-08-12 21:00:00",729,0.348,179.9,35.63
"2018-08-12 22:00:00",730,0.393,164.2,69.73
"2018-08-12 23:00:00",731,0.67,170.1,17.95
"2018-08-13 00:00:00",732,0.336,342.5,28.37
"2018-08-13 01:00:00",733,0.381,344.7,43.22
"2018-08-13 02:00:00",734,0.668,131.8,62.14
"2018-08-13 03:00:00",735,0.259,14.95,43.99
"2018-08-13 04:00:00",736,0.176,125.4,36.34
"2018-08-13 05:00:00",737,0.262,164.8,48.95
"2018-08-13 06:00:00",738,0.382,196.1,73.58
"2018-08-13 07:00:00",739,0.314,154.1,21.15
"2018-08-13 08:00:00",740,0.258,338,60.51
"2018-08-13 09:00:00",741,0.367,181.1,55.33
"2018-08-13 10:00:00",742,0.469,188.8,53.07
"2018-08-13 11:00:00",743,0.775,314.1,65.1
"2018-08-13 12:00:00",744,0.822,314.6,66.44
"2018-08-13 13:00:00",745,1.139,285.2,56.61
"2018-08-13 14:00:00",746,1.013,316.9,70.53
"2018-08-13 15:00:00",747,0.933,282.5,60.93
"2018-08-13 16:00:00",748,1.584,341.5,82.4
"2018-08-13 17:00:00",749,0.596,178.8,56.2
"2018-08-13 18:00:00",750,0.801,248,67.97
"2018-08-13 19:00:00",751,0.725,95.7,39.75
"2018-08-13 20:00:00",752,0.71,253.8,51.52
"2018-08-13 21:00:00",753,0.159,249.2,33.98
"2018-08-13 22:00:00",754,0.108,80.6,34.97
"2018-08-13 23:00:00",755,0.301,114.4,31.33
"2018-08-14 00:00:00",756,0.04,50.7,0.249
"2018-08-14 01:00:00",757,0.022,75.23,5.143
"2018-08-14 02:00:00",758,0.172,7.633,52.49
"2018-08-14 03:00:00",759,0.029,120,1.826
"2018-08-14 04:00:00",760,0.088,276.7,4.473
"2018-08-14 05:00:00",761,0.011,192.3,20.65
"2018-08-14 06:00:00",762,0.085,98.7,0.083
"2018-08-14 07:00:00",763,0.095,255.4,40.34
"2018-08-14 08:00:00",764,0.078,147.4,6.317
"2018-08-14 09:00:00",765,0.501,211.2,44.48
"2018-08-14 10:00:00",766,0.541,241.9,47.65
"2018-08-14 11:00:00",767,1.147,254.5,37.85
"2018-08-14 12:00:00",768,1.045,246.9,46.01
"2018-08-14 13:00:00",769,1.268,272.8,40.85
"2018-08-14 14:00:00",770,0.416,348,70.8
"2018-08-14 15:00:00",771,0.908,249.9,39.67
"2018-08-14 16:00:00",772,0.539,138.4,29.91
"2018-08-14 17:00:00",773,0.459,144.8,49
"2018-08-14 18:00:00",774,0.572,221.7,64.5
"2018-08-14 19:00:00",775,0.695,246.6,54.37
"2018-08-14 20:00:00",776,0.309,114.9,69.15
"2018-08-14 21:00:00",777,0.213,71.68,36.63
"2018-08-14 22:00:00",778,0.314,289.7,52.05
"2018-08-14 23:00:00",779,0.174,167.3,63.88
"2018-08-15 00:00:00",780,0.234,116.8,39.74
"2018-08-15 01:00:00",781,0.459,119.2,24.61
"2018-08-15 02:00:00",782,0.489,116.6,14.89
"2018-08-15 03:00:00",783,0.34,119.1,19.57
"2018-08-15 04:00:00",784,0.4,118.6,14.61
"2018-08-15 05:00:00",785,0.187,110.6,8.96
"2018-08-15 06:00:00",786,0.111,117.9,13.06
"2018-08-15 07:00:00",787,0.269,125.7,11.2
"2018-08-15 08:00:00",788,0.191,127.7,12.67
"2018-08-15 09:00:00",789,0.336,170.4,40.86
"2018-08-15 10:00:00",790,0.644,230.5,42.48
"2018-08-15 11:00:00",791,1.036,251.6,37.44
"2018-08-15 12:00:00",792,0.933,250.8,46.58
"2018-08-15 13:00:00",793,0.998,238.3,53.5
"2018-08-15 14:00:00",794,1.208,254.2,42.78
"2018-08-15 15:00:00",795,1.107,262.5,42.75
"2018-08-15 16:00:00",796,1.499,267.4,33.15
"2018-08-15 17:00:00",797,0.869,277.9,41.6
"2018-08-15 18:00:00",798,0.871,256.7,29.71
"2018-08-15 19:00:00",799,0.504,250.2,15.13
"2018-08-15 20:00:00",800,0.006,6.727,10.22
"2018-08-15 21:00:00",801,0.45,106.3,13.26
"2018-08-15 22:00:00",802,0.601,104.4,9.45
"2018-08-15 23:00:00",803,0.63,107.6,12.64
"2018-08-16 00:00:00",804,0.594,103.2,12.08
"2018-08-16 01:00:00",805,0.331,95.4,0.047
"2018-08-16 02:00:00",806,0.437,111.1,10.91
"2018-08-16 03:00:00",807,0.41,113.4,7.173
"2018-08-16 04:00:00",808,0.106,78.78,11.2
"2018-08-16 05:00:00",809,0.007,83.5,6.413
"2018-08-16 06:00:00",810,0.2,110.9,24.57
"2018-08-16 07:00:00",811,0.556,104.4,11.78
"2018-08-16 08:00:00",812,0.36,118.7,12.88
"2018-08-16 09:00:00",813,0.338,151.2,19.1
"2018-08-16 10:00:00",814,0.461,149.2,54.86
"2018-08-16 11:00:00",815,0.522,149.4,52.87
"2018-08-16 12:00:00",816,0.763,188.2,74.22
"2018-08-16 13:00:00",817,0.694,222.3,64.93
"2018-08-16 14:00:00",818,0.953,256.4,61.98
"2018-08-16 15:00:00",819,1.263,263.9,48.33
"2018-08-16 16:00:00",820,0.848,257.3,67.71
"2018-08-16 17:00:00",821,1.905,273.5,38.41
"2018-08-16 18:00:00",822,0.733,129.6,21.93
"2018-08-16 19:00:00",823,0.592,122.7,37.41
"2018-08-16 20:00:00",824,0.752,135.1,23.3
"2018-08-16 21:00:00",825,0.611,146.7,12.57
"2018-08-16 22:00:00",826,0.064,159.8,18.77
"2018-08-16 23:00:00",827,0.865,138.1,11.3
"2018-08-17 00:00:00",828,0.72,148.2,17.51
"2018-08-17 01:00:00",829,0.951,146.1,65.45
"2018-08-17 02:00:00",830,1.084,140.5,15.87
"2018-08-17 03:00:00",831,0.913,131.8,23.65
"2018-08-17 04:00:00",832,0.632,131.4,31.84
"2018-08-17 05:00:00",833,0.718,124.2,25.65
"2018-08-17 06:00:00",834,0.654,124.6,43.54
"2018-08-17 07:00:00",835,1.097,132.9,33.67
"2018-08-17 08:00:00",836,0.603,137.7,60.45
"2018-08-17 09:00:00",837,0.347,159.3,49.16
"2018-08-17 10:00:00",838,0.796,233,54.35
"2018-08-17 11:00:00",839,1.225,271.2,52.97
"2018-08-17 12:00:00",840,1.263,259,52.53
"2018-08-17 13:00:00",841,1.36,253.3,44.96
"2018-08-17 14:00:00",842,1.533,259.4,50.12
"2018-08-17 15:00:00",843,1.665,258.3,44.21
"2018-08-17 16:00:00",844,1.613,260.9,46.93
"2018-08-17 17:00:00",845,1.087,260.7,52.31
"2018-08-17 18:00:00",846,1.146,258.9,51.99
"2018-08-17 19:00:00",847,0.956,266.2,48
"2018-08-17 20:00:00",848,0.708,279.7,35.09
"2018-08-17 21:00:00",849,0.211,276.8,23.8
"2018-08-17 22:00:00",850,0.65,357.3,56.46
"2018-08-17 23:00:00",851,0.827,329.1,79.6
"2018-08-18 00:00:00",852,0.257,129.3,8.12
"2018-08-18 01:00:00",853,0.052,122.6,26.1
"2018-08-18 02:00:00",854,0.426,287.8,27.55
"2018-08-18 03:00:00",855,0.49,269.1,42.81
"2018-08-18 04:00:00",856,0.425,257.8,50.73
"2018-08-18 05:00:00",857,0.33,235.9,61.46
"2018-08-18 06:00:00",858,0.607,269,44.36
"2018-08-18 07:00:00",859,0.741,277.8,30.37
"2018-08-18 08:00:00",860,0.512,243.5,52.85
"2018-08-18 09:00:00",861,0.56,256.9,48.14
"2018-08-18 10:00:00",862,1.015,261.2,36.53
"2018-08-18 11:00:00",863,1.029,249.7,55.84
"2018-08-18 12:00:00",864,0.867,260.6,55.19
"2018-08-18 13:00:00",865,0.503,197.7,55.7
"2018-08-18 14:00:00",866,0.435,302.8,76.94
"2018-08-18 15:00:00",867,0.901,262.2,27.36
"2018-08-18 16:00:00",868,0.896,254.9,34.63
"2018-08-18 17:00:00",869,0.718,260.2,40.3
"2018-08-18 18:00:00",870,0.683,302.4,42.33
"2018-08-18 19:00:00",871,0.413,335.2,49.93
"2018-08-18 20:00:00",872,0.177,165.3,62.59
"2018-08-18 21:00:00",873,0.186,110.1,21.93
"2018-08-18 22:00:00",874,0.036,71.7,10.51
"2018-08-18 23:00:00",875,0.264,47.11,70.2
"2018-08-19 00:00:00",876,0.269,112.4,17.71
"2018-08-19 01:00:00",877,0.301,111.9,21.48
"2018-08-19 02:00:00",878,0.144,297.9,30.53
"2018-08-19 03:00:00",879,0.134,98.6,21.07
"2018-08-19 04:00:00",880,0.152,352.2,26.12
"2018-08-19 05:00:00",881,0.154,11.77,30.06
"2018-08-19 06:00:00",882,0.203,42.05,27.11
"2018-08-19 07:00:00",883,0.161,31.45,29.43
"2018-08-19 08:00:00",884,0.48,348.7,45.09
"2018-08-19 09:00:00",885,0.523,17.56,42.11
"2018-08-19 10:00:00",886,0.559,18.05,29.28
"2018-08-19 11:00:00",887,0.736,32.1,36.86
"2018-08-19 12:00:00",888,0.581,23.98,57.2
"2018-08-19 13:00:00",889,0.597,346.2,54.3
"2018-08-19 14:00:00",890,0.617,348.4,52.17
"2018-08-19 15:00:00",891,0.832,354.1,51.22
"2018-08-19 16:00:00",892,0.949,46.09,53.68
"2018-08-19 17:00:00",893,1.001,34.36,50.91
"2018-08-19 18:00:00",894,0.717,8.45,56.98
"2018-08-19 19:00:00",895,0.423,327.7,44.33
"2018-08-19 20:00:00",896,0.143,26.63,30.28
"2018-08-19 21:00:00",897,0.274,53.43,26.07
"2018-08-19 22:00:00",898,0.529,54.23,22.46
"2018-08-19 23:00:00",899,0.265,29.84,29.65
"2018-08-20 00:00:00",900,0.305,89.9,49.65
"2018-08-20 01:00:00",901,0.309,164.1,56.07
"2018-08-20 02:00:00",902,0.228,22.9,51.58
"2018-08-20 03:00:00",903,0.346,92.6,53
"2018-08-20 04:00:00",904,0.379,108.9,51.02
"2018-08-20 05:00:00",905,0.636,152.9,34.66
"2018-08-20 06:00:00",906,0.938,159.4,23.3
"2018-08-20 07:00:00",907,0.832,149.1,13.95
"2018-08-20 08:00:00",908,0.517,121,68.71
"2018-08-20 09:00:00",909,0.316,80.1,67.74
"2018-08-20 10:00:00",910,0.54,168.2,37.44
"2018-08-20 11:00:00",911,0.54,160.2,42.35
"2018-08-20 12:00:00",912,0.662,166.9,58.04
"2018-08-20 13:00:00",913,0.615,169.8,59.1
"2018-08-20 14:00:00",914,0.725,152.9,51.01
"2018-08-20 15:00:00",915,0.49,149.2,50.98
"2018-08-20 16:00:00",916,0.512,156,44.19
"2018-08-20 17:00:00",917,0.468,115.5,51.03
"2018-08-20 18:00:00",918,0.762,176.1,34.06
"2018-08-20 19:00:00",919,0.867,158,23.72
"2018-08-20 20:00:00",920,0.82,158.3,29.52
"2018-08-20 21:00:00",921,0.785,154.8,23.19
"2018-08-20 22:00:00",922,1.044,154.9,17.64
"2018-08-20 23:00:00",923,0.981,150.4,13.28
"2018-08-21 00:00:00",924,0.952,148.1,10.2
"2018-08-21 01:00:00",925,0.851,148,20.12
"2018-08-21 02:00:00",926,0.792,145.4,15.06
"2018-08-21 03:00:00",927,0.768,145.4,15.1
"2018-08-21 04:00:00",928,0.653,144.8,22.43
"2018-08-21 05:00:00",929,0.823,151.5,24.72
"2018-08-21 06:00:00",930,0.886,154.8,19.42
"2018-08-21 07:00:00",931,0.971,150.7,26.02
"2018-08-21 08:00:00",932,1.108,146.7,26.08
"2018-08-21 09:00:00",933,1.146,144.6,31.51
"2018-08-21 10:00:00",934,0.753,150.5,58.46
"2018-08-21 11:00:00",935,1,145.5,38.97
"2018-08-21 12:00:00",936,0.906,141.6,63.31
"2018-08-21 13:00:00",937,0.995,248.4,57.01
"2018-08-21 14:00:00",938,1.47,259.7,62.63
"2018-08-21 15:00:00",939,1.462,244.4,51.33
"2018-08-21 16:00:00",940,1.136,252,43.21
"2018-08-21 17:00:00",941,0.989,247.2,52.92
"2018-08-21 18:00:00",942,0.271,293.6,63.13
"2018-08-21 19:00:00",943,0.486,151,48.67
"2018-08-21 20:00:00",944,0.773,129.1,43.69
"2018-08-21 21:00:00",945,0.64,136.7,47.22
"2018-08-21 22:00:00",946,0.618,259,44.94
"2018-08-21 23:00:00",947,0.527,222.1,54.14
"2018-08-22 00:00:00",948,0.759,245.3,50.3
"2018-08-22 01:00:00",949,0.916,258.4,46.36
"2018-08-22 02:00:00",950,1.082,262.1,27.91
"2018-08-22 03:00:00",951,1.507,264.5,25.76
"2018-08-22 04:00:00",952,1.318,262.1,25.03
"2018-08-22 05:00:00",953,1.207,274.4,36.88
"2018-08-22 06:00:00",954,1.037,298.2,48.22
"2018-08-22 07:00:00",955,0.697,338.6,31.62
"2018-08-22 08:00:00",956,0.445,327.3,29.68
"2018-08-22 09:00:00",957,0.922,324.3,37.63
"2018-08-22 10:00:00",958,0.866,298.7,39.55
"2018-08-22 11:00:00",959,1.031,293,44.56
"2018-08-22 12:00:00",960,1.265,300.4,42.75
"2018-08-22 13:00:00",961,1.892,289.7,40.2
"2018-08-22 14:00:00",962,1.793,292.4,40.26
"2018-08-22 15:00:00",963,1.527,279.2,43.09
"2018-08-22 16:00:00",964,1.802,285,38.95
"2018-08-22 17:00:00",965,1.835,294.5,46.48
"2018-08-22 18:00:00",966,1.765,315.4,47.33
"2018-08-22 19:00:00",967,1.274,335.5,43.57
"2018-08-22 20:00:00",968,1.2,307.8,43.31
"2018-08-22 21:00:00",969,0.459,317.7,48.4
"2018-08-22 22:00:00",970,0.213,284.6,26.51
"2018-08-22 23:00:00",971,0.436,345,39.63
"2018-08-23 00:00:00",972,0.523,270.6,34.76
"2018-08-23 01:00:00",973,0.603,262.8,18.67
"2018-08-23 02:00:00",974,0.317,264.4,18.92
"2018-08-23 03:00:00",975,0.608,243.3,19.8
"2018-08-23 04:00:00",976,0.562,238.7,15.34
"2018-08-23 05:00:00",977,0.436,231.6,12.56
"2018-08-23 06:00:00",978,0.218,180.1,22.88
"2018-08-23 07:00:00",979,0.25,164.1,5.103
"2018-08-23 08:00:00",980,0.263,186.8,27.64
"2018-08-23 09:00:00",981,0.349,176.8,38.85
"2018-08-23 10:00:00",982,0.684,230.8,55.22
"2018-08-23 11:00:00",983,0.793,287.1,71.67
"2018-08-23 12:00:00",984,0.836,322.3,60.67
"2018-08-23 13:00:00",985,0.896,301.4,71.63
"2018-08-23 14:00:00",986,0.909,320.7,67.12
"2018-08-23 15:00:00",987,0.968,314.3,58.15
"2018-08-23 16:00:00",988,1.292,292,48.48
"2018-08-23 17:00:00",989,1.021,300.8,51.9
"2018-08-23 18:00:00",990,0.854,309.6,46.64
"2018-08-23 19:00:00",991,0.693,277.1,40.19
"2018-08-23 20:00:00",992,0.429,263.1,19.21
"2018-08-23 21:00:00",993,0.357,151.7,27.82
"2018-08-23 22:00:00",994,0.877,131.5,10.66
"2018-08-23 23:00:00",995,1.033,134.9,14.36
"2018-08-24 00:00:00",996,0.597,125.5,17.74
"2018-08-24 01:00:00",997,0.649,139.5,10.56
"2018-08-24 02:00:00",998,0.524,159.5,13.32
"2018-08-24 03:00:00",999,0.267,171.7,12.29
"2018-08-24 04:00:00",1000,0.122,190.5,25.55
"2018-08-24 05:00:00",1001,0.147,331.3,10.14
"2018-08-24 06:00:00",1002,0.146,273.8,52.99
"2018-08-24 07:00:00",1003,0.076,199.1,1.251
"2018-08-24 08:00:00",1004,0.152,195.1,4.073
"2018-08-24 09:00:00",1005,0.548,180.6,15.37
"2018-08-24 10:00:00",1006,0.465,174.9,41.14
"2018-08-24 11:00:00",1007,0.636,172.5,43.34
"2018-08-24 12:00:00",1008,0.947,164.7,39.2
"2018-08-24 13:00:00",1009,0.695,159.1,62.02
"2018-08-24 14:00:00",1010,0.948,207.5,70.52
"2018-08-24 15:00:00",1011,0.894,142.8,74.14
"2018-08-24 16:00:00",1012,0.798,144.3,52.79
"2018-08-24 17:00:00",1013,0.765,153.1,66.69
"2018-08-24 18:00:00",1014,1.075,266.3,42.72
"2018-08-24 19:00:00",1015,0.903,273,21.35
"2018-08-24 20:00:00",1016,0.469,127.2,63.16
"2018-08-24 21:00:00",1017,0.705,121.8,31.48
"2018-08-24 22:00:00",1018,0.922,116.8,11.4
"2018-08-24 23:00:00",1019,0.577,124.6,10.48
"2018-08-25 00:00:00",1020,1.17,133,12.31
"2018-08-25 01:00:00",1021,1.169,141.8,12.61
"2018-08-25 02:00:00",1022,1.168,145.8,10.33
"2018-08-25 03:00:00",1023,1.01,138.7,22.97
"2018-08-25 04:00:00",1024,0.815,139.1,28.23
"2018-08-25 05:00:00",1025,0.467,121.2,39.88
"2018-08-25 06:00:00",1026,0.3,135.1,9.88
"2018-08-25 07:00:00",1027,0.885,131.7,4.896
"2018-08-25 08:00:00",1028,0.743,137,4.903
"2018-08-25 09:00:00",1029,0.661,137.4,9.97
"2018-08-25 10:00:00",1030,0.568,145.4,30.79
"2018-08-25 11:00:00",1031,0.795,180.6,67.75
"2018-08-25 12:00:00",1032,0.433,207.9,61.29
"2018-08-25 13:00:00",1033,0.6,187.1,66.11
"2018-08-25 14:00:00",1034,0.576,130.2,42.03
"2018-08-25 15:00:00",1035,0.593,144.6,48.69
"2018-08-25 16:00:00",1036,0.253,222.3,56.42
"2018-08-25 17:00:00",1037,0.188,127.1,35.77
"2018-08-25 18:00:00",1038,0.491,135,20.6
"2018-08-25 19:00:00",1039,0.671,129.2,27.7
"2018-08-25 20:00:00",1040,0.784,142.3,18.06
"2018-08-25 21:00:00",1041,0.518,132.8,8.93
"2018-08-25 22:00:00",1042,0.593,140.3,9.25
"2018-08-25 23:00:00",1043,0.107,121,6.727
"2018-08-26 00:00:00",1044,0.546,128.8,13.24
"2018-08-26 01:00:00",1045,0.384,127.6,15.85
"2018-08-26 02:00:00",1046,0.304,117,14.42
"2018-08-26 03:00:00",1047,0.45,118.8,19.69
"2018-08-26 04:00:00",1048,0.404,120.7,19.68
"2018-08-26 05:00:00",1049,0.545,121.1,20.24
"2018-08-26 06:00:00",1050,0.405,140.7,69.46
"2018-08-26 07:00:00",1051,0.633,119.8,65.52
"2018-08-26 08:00:00",1052,0.412,122,27.24
"2018-08-26 09:00:00",1053,0.647,238.2,67.97
"2018-08-26 10:00:00",1054,0.616,138.9,37.18
"2018-08-26 11:00:00",1055,0.578,151.4,59.41
"2018-08-26 12:00:00",1056,0.96,252.8,49.75
"2018-08-26 13:00:00",1057,0.721,197.3,77.74
"2018-08-26 14:00:00",1058,0.979,209.8,71.11
"2018-08-26 15:00:00",1059,1.041,252.1,59.83
"2018-08-26 16:00:00",1060,0.85,251.9,56.93
"2018-08-26 17:00:00",1061,0.807,255.7,47.25
"2018-08-26 18:00:00",1062,0.398,174.4,64.03
"2018-08-26 19:00:00",1063,0.374,129,25.21
"2018-08-26 20:00:00",1064,0.35,119,18.02
"2018-08-26 21:00:00",1065,0.395,115.9,16.29
"2018-08-26 22:00:00",1066,0.468,124.8,13.15
"2018-08-26 23:00:00",1067,0.517,120.4,11.92
"2018-08-27 00:00:00",1068,0.399,112.5,16.04
"2018-08-27 01:00:00",1069,0.28,109.7,16.1
"2018-08-27 02:00:00",1070,0.274,114.6,19.45
"2018-08-27 03:00:00",1071,0.335,118.2,50.39
"2018-08-27 04:00:00",1072,0.218,159.5,48.2
"2018-08-27 05:00:00",1073,0.191,119.9,45.78
"2018-08-27 06:00:00",1074,0.338,119.7,48.01
"2018-08-27 07:00:00",1075,0.316,110.3,42.91
"2018-08-27 08:00:00",1076,0.291,117.2,19.47
"2018-08-27 09:00:00",1077,0.377,139.4,53.05
"2018-08-27 10:00:00",1078,0.468,167.1,60.03
"2018-08-27 11:00:00",1079,0.667,243.6,63.53
"2018-08-27 12:00:00",1080,0.964,250.2,54.77
"2018-08-27 13:00:00",1081,0.869,240.7,49.59
"2018-08-27 14:00:00",1082,1.068,239.4,60.24
"2018-08-27 15:00:00",1083,0.74,256.8,50.41
"2018-08-27 16:00:00",1084,0.875,225,58.4
"2018-08-27 17:00:00",1085,0.946,263.9,36.24
"2018-08-27 18:00:00",1086,1.135,153.8,70.94
"2018-08-27 19:00:00",1087,0.411,125.5,25.46
"2018-08-27 20:00:00",1088,0.339,118.1,15.4
"2018-08-27 21:00:00",1089,0.524,107.3,5.882
"2018-08-27 22:00:00",1090,0.58,102.6,10.12
"2018-08-27 23:00:00",1091,0.394,113,14.17
"2018-08-28 00:00:00",1092,0.765,120.6,9.53
"2018-08-28 01:00:00",1093,0.188,136.7,8.44
"2018-08-28 02:00:00",1094,0.19,131,3.073
"2018-08-28 03:00:00",1095,0.168,111.5,8.45
"2018-08-28 04:00:00",1096,0.031,81.2,0.05
"2018-08-28 05:00:00",1097,0.019,126.6,11.75
"2018-08-28 06:00:00",1098,0.021,94,4.513
"2018-08-28 07:00:00",1099,0.094,111.1,10.88
"2018-08-28 08:00:00",1100,0.098,117.8,7.054
"2018-08-28 09:00:00",1101,0.212,143.3,27.71
"2018-08-28 10:00:00",1102,0.677,235.8,49.61
"2018-08-28 11:00:00",1103,0.935,257,50.68
"2018-08-28 12:00:00",1104,1.487,262.2,39.93
"2018-08-28 13:00:00",1105,1.794,260.7,36.05
"2018-08-28 14:00:00",1106,1.514,269.2,34.52
"2018-08-28 15:00:00",1107,1.554,269.8,34.07
"2018-08-28 16:00:00",1108,1.563,265.3,31.11
"2018-08-28 17:00:00",1109,1.19,261.6,46.4
"2018-08-28 18:00:00",1110,0.973,264.3,51.03
"2018-08-28 19:00:00",1111,0.674,285.3,44.79
"2018-08-28 20:00:00",1112,0.223,327.8,63.47
"2018-08-28 21:00:00",1113,0.026,102.1,7.546
"2018-08-28 22:00:00",1114,0.078,108.4,0.054
"2018-08-28 23:00:00",1115,0.545,99.4,6.522
"2018-08-29 00:00:00",1116,0.439,99.5,6.012
"2018-08-29 01:00:00",1117,0.23,100.9,6.084
"2018-08-29 02:00:00",1118,0.082,109,9.9
"2018-08-29 03:00:00",1119,0.273,117.1,5.741
"2018-08-29 04:00:00",1120,0.192,118.6,1.84
"2018-08-29 05:00:00",1121,0.14,108.3,18.96
"2018-08-29 06:00:00",1122,0.165,101.6,15.28
"2018-08-29 07:00:00",1123,0.242,116,19.24
"2018-08-29 08:00:00",1124,0.144,117.7,20.5
"2018-08-29 09:00:00",1125,0.286,166.3,51.43
"2018-08-29 10:00:00",1126,0.745,239.3,52.63
"2018-08-29 11:00:00",1127,1.137,249.9,58.51
"2018-08-29 12:00:00",1128,1.552,254.4,46.58
"2018-08-29 13:00:00",1129,1.575,255,47.38
"2018-08-29 14:00:00",1130,1.535,250.3,59.41
"2018-08-29 15:00:00",1131,1.307,240.7,65.54
"2018-08-29 16:00:00",1132,1.6,260.6,58.81
"2018-08-29 17:00:00",1133,0.544,166,62.49
"2018-08-29 18:00:00",1134,0.716,215.8,68.52
"2018-08-29 19:00:00",1135,1.187,265.6,35.38
"2018-08-29 20:00:00",1136,0.375,292.6,33.2
"2018-08-29 21:00:00",1137,0.222,122.4,19.69
"2018-08-29 22:00:00",1138,0.519,303.9,51.8
"2018-08-29 23:00:00",1139,1.05,274.9,63.05
"2018-08-30 00:00:00",1140,0.615,80.6,82.9
"2018-08-30 01:00:00",1141,0.354,145.5,27.12
"2018-08-30 02:00:00",1142,0.303,236.5,43.07
"2018-08-30 03:00:00",1143,0.337,138.3,57.33
"2018-08-30 04:00:00",1144,0.218,141.4,24.49
"2018-08-30 05:00:00",1145,0.044,97.9,15.44
"2018-08-30 06:00:00",1146,0.253,290.4,24.46
"2018-08-30 07:00:00",1147,0.215,349.3,19.33
"2018-08-30 08:00:00",1148,0.112,27.37,20.94
"2018-08-30 09:00:00",1149,0.254,1.535,26.78
"2018-08-30 10:00:00",1150,0.441,352.2,50.33
"2018-08-30 11:00:00",1151,0.693,6.307,40.81
"2018-08-30 12:00:00",1152,0.819,39.13,52.1
"2018-08-30 13:00:00",1153,0.751,352.9,65.6
"2018-08-30 14:00:00",1154,0.659,358.2,57.58
"2018-08-30 15:00:00",1155,0.651,14.42,63.87
"2018-08-30 16:00:00",1156,0.99,34.48,60.04
"2018-08-30 17:00:00",1157,0.854,45.34,40.01
"2018-08-30 18:00:00",1158,0.155,52.67,19.48
"2018-08-30 19:00:00",1159,0.188,304.8,15.42
"2018-08-30 20:00:00",1160,0.112,29.02,44.54
"2018-08-30 21:00:00",1161,0.431,65.11,19.65
"2018-08-30 22:00:00",1162,0.197,20.54,49.81
"2018-08-30 23:00:00",1163,0.228,65.32,30.41
"2018-08-31 00:00:00",1164,0.379,34.15,61.2
"2018-08-31 01:00:00",1165,0.221,142.6,9.93
"2018-08-31 02:00:00",1166,0.114,138,31.21
"2018-08-31 03:00:00",1167,0.596,13.31,67.42
"2018-08-31 04:00:00",1168,0.18,111.2,10.96
"2018-08-31 05:00:00",1169,0.07,273.6,26.78
"2018-08-31 06:00:00",1170,0.211,135.8,15.47
"2018-08-31 07:00:00",1171,0.156,141.3,4.421
"2018-08-31 08:00:00",1172,0.131,148.8,34
"2018-08-31 09:00:00",1173,0.156,156.3,31.67
"2018-08-31 10:00:00",1174,0.15,166.1,35.99
"2018-08-31 11:00:00",1175,0.477,240.1,56.13
"2018-08-31 12:00:00",1176,0.748,302.4,53.54
"2018-08-31 13:00:00",1177,0.919,275.9,43.47
"2018-08-31 14:00:00",1178,1.071,289.2,48.25
"2018-08-31 15:00:00",1179,1.211,280.3,44.72
"2018-08-31 16:00:00",1180,1.102,273.5,38.73
"2018-08-31 17:00:00",1181,0.96,272.4,37.47
"2018-08-31 18:00:00",1182,0.621,285,34.2
"2018-08-31 19:00:00",1183,0.374,300.8,33.17
"2018-08-31 20:00:00",1184,0.246,337.7,14.53
"2018-08-31 21:00:00",1185,0.813,120.9,21.13
"2018-08-31 22:00:00",1186,0.477,148.8,26.52
"2018-08-31 23:00:00",1187,0.673,129.1,14.1
"2018-09-01 00:00:00",1188,0.18,159.6,10.02
"2018-09-01 01:00:00",1189,0.008,149.4,0.011
"2018-09-01 02:00:00",1190,0.029,148.8,0.111
"2018-09-01 03:00:00",1191,0.22,172.7,31.31
"2018-09-01 04:00:00",1192,0.589,147.5,7.047
"2018-09-01 05:00:00",1193,0.563,149.8,8.61
"2018-09-01 06:00:00",1194,0.263,128.1,8.25
"2018-09-01 07:00:00",1195,0.21,106.7,10.02
"2018-09-01 08:00:00",1196,0.622,131.4,12.96
"2018-09-01 09:00:00",1197,0.402,141.1,27.82
"2018-09-01 10:00:00",1198,0.494,186.3,41.08
"2018-09-01 11:00:00",1199,0.518,204.8,50
"2018-09-01 12:00:00",1200,0.475,267.8,29.59
"2018-09-01 13:00:00",1201,0.78,231.4,54.17
"2018-09-01 14:00:00",1202,1.228,259.7,52.14
"2018-09-01 15:00:00",1203,1.194,264.1,45.88
"2018-09-01 16:00:00",1204,1.224,259.8,45.04
"2018-09-01 17:00:00",1205,0.671,272,35.31
"2018-09-01 18:00:00",1206,0.466,151.6,59.14
"2018-09-01 19:00:00",1207,0.502,124.2,36.32
"2018-09-01 20:00:00",1208,0.49,126.3,33.19
"2018-09-01 21:00:00",1209,0.697,126.1,27.41
"2018-09-01 22:00:00",1210,0.563,128.8,27.33
"2018-09-01 23:00:00",1211,0.858,136.2,17.41
"2018-09-02 00:00:00",1212,0.547,130.6,21.14
"2018-09-02 01:00:00",1213,0.008,144.2,0.63
"2018-09-02 02:00:00",1214,0.085,317.9,8.19
"2018-09-02 03:00:00",1215,0.218,74.74,14.78
"2018-09-02 04:00:00",1216,0.221,83.8,15.79
"2018-09-02 05:00:00",1217,0.375,109,13.05
"2018-09-02 06:00:00",1218,0.078,96,0.13
"2018-09-02 07:00:00",1219,0.014,95.8,0.072
"2018-09-02 08:00:00",1220,0.245,96.3,0.133
"2018-09-02 09:00:00",1221,0.154,163.6,17.13
"2018-09-02 10:00:00",1222,0.46,211.3,49.51
"2018-09-02 11:00:00",1223,0.849,257.1,41.41
"2018-09-02 12:00:00",1224,0.947,231.9,62.48
"2018-09-02 13:00:00",1225,0.988,269.8,51.5
"2018-09-02 14:00:00",1226,1.195,260.4,58.79
"2018-09-02 15:00:00",1227,1.034,252.3,66.72
"2018-09-02 16:00:00",1228,0.859,202.7,78.67
"2018-09-02 17:00:00",1229,0.821,262.7,46.63
"2018-09-02 18:00:00",1230,0.872,260.5,31.29
"2018-09-02 19:00:00",1231,0.572,259.6,22.18
"2018-09-02 20:00:00",1232,0.271,218,53.97
"2018-09-02 21:00:00",1233,0.612,115.1,15.67
"2018-09-02 22:00:00",1234,0.606,123.2,6.504
"2018-09-02 23:00:00",1235,0.756,129.3,7.151
"2018-09-03 00:00:00",1236,0.67,152.2,12.48
"2018-09-03 01:00:00",1237,0.444,135.4,12.78
"2018-09-03 02:00:00",1238,0.022,116.9,1.122
"2018-09-03 03:00:00",1239,0.014,147.1,5.904
"2018-09-03 04:00:00",1240,0.018,81.4,9
"2018-09-03 05:00:00",1241,0.139,95.1,6.483
"2018-09-03 06:00:00",1242,0.401,92.9,12.31
"2018-09-03 07:00:00",1243,0.09,85,0.096
"2018-09-03 08:00:00",1244,0.013,140,1.383
"2018-09-03 09:00:00",1245,0.281,167.1,13.31
"2018-09-03 10:00:00",1246,0.384,184.7,48.53
"2018-09-03 11:00:00",1247,0.657,235.1,56.76
"2018-09-03 12:00:00",1248,0.886,253.2,45.24
"2018-09-03 13:00:00",1249,1.031,287.3,54.88
"2018-09-03 14:00:00",1250,0.899,280.2,67.93
"2018-09-03 15:00:00",1251,0.872,268.2,74.5
"2018-09-03 16:00:00",1252,0.937,257.6,52.37
"2018-09-03 17:00:00",1253,0.842,287.8,49.13
"2018-09-03 18:00:00",1254,0.612,318.7,39.17
"2018-09-03 19:00:00",1255,0.388,310.5,36.66
"2018-09-03 20:00:00",1256,0.088,290.6,13
"2018-09-03 21:00:00",1257,0.919,118.7,54.02
"2018-09-03 22:00:00",1258,0.658,137.6,17.62
"2018-09-03 23:00:00",1259,0.281,143,12.68
"2018-09-04 00:00:00",1260,0.204,158.6,19.04
"2018-09-04 01:00:00",1261,0.136,220.9,13.04
"2018-09-04 02:00:00",1262,0.322,153.5,24.11
"2018-09-04 03:00:00",1263,0.112,128.4,0.104
"2018-09-04 04:00:00",1264,0.098,113.8,44.39
"2018-09-04 05:00:00",1265,0.247,130.1,36.06
"2018-09-04 06:00:00",1266,0.295,2.335,17.72
"2018-09-04 07:00:00",1267,0.348,32.51,56.45
"2018-09-04 08:00:00",1268,0.342,27.34,69.29
"2018-09-04 09:00:00",1269,0.065,103.2,14.62
"2018-09-04 10:00:00",1270,0.288,180.1,48.55
"2018-09-04 11:00:00",1271,0.554,332.9,41.2
"2018-09-04 12:00:00",1272,0.555,6.113,63.27
"2018-09-04 13:00:00",1273,0.853,295,84.2
"2018-09-04 14:00:00",1274,0.815,357.6,75.74
"2018-09-04 15:00:00",1275,0.701,350.2,81.8
"2018-09-04 16:00:00",1276,0.654,326.6,63.32
"2018-09-04 17:00:00",1277,0.663,279,62.88
"2018-09-04 18:00:00",1278,0.401,155.1,31.01
"2018-09-04 19:00:00",1279,0.057,144.9,7.281
"2018-09-04 20:00:00",1280,0.663,137.9,27.37
"2018-09-04 21:00:00",1281,0.228,152.2,43.29
"2018-09-04 22:00:00",1282,0.173,247.5,33.32
"2018-09-04 23:00:00",1283,0.156,178.2,4.535
"2018-09-05 00:00:00",1284,0.102,189.3,10.88
"2018-09-05 01:00:00",1285,0.015,219.1,0.071
"2018-09-05 02:00:00",1286,0.022,218.8,0.011
"2018-09-05 03:00:00",1287,0.09,199.7,23.95
"2018-09-05 04:00:00",1288,0.233,328.5,0.473
"2018-09-05 05:00:00",1289,0.195,327.3,58.33
"2018-09-05 06:00:00",1290,0.027,293.3,15.68
"2018-09-05 07:00:00",1291,0.283,123.5,22.49
"2018-09-05 08:00:00",1292,0.221,137.6,4.627
"2018-09-05 09:00:00",1293,0.164,173.1,18.89
"2018-09-05 10:00:00",1294,0.489,166.9,33.66
"2018-09-05 11:00:00",1295,0.623,162.7,59.08
"2018-09-05 12:00:00",1296,0.658,213.9,76.94
"2018-09-05 13:00:00",1297,0.975,242.4,64.39
"2018-09-05 14:00:00",1298,0.905,244.4,63.66
"2018-09-05 15:00:00",1299,0.91,271.6,68.24
"2018-09-05 16:00:00",1300,0.742,265.7,64.13
"2018-09-05 17:00:00",1301,0.86,253.2,37.94
"2018-09-05 18:00:00",1302,0.75,269.1,26.57
"2018-09-05 19:00:00",1303,0.294,285.9,26.93
"2018-09-05 20:00:00",1304,0.246,242.5,23.52
"2018-09-05 21:00:00",1305,0.555,109.2,48.32
"2018-09-05 22:00:00",1306,0.669,128.6,8.29
"2018-09-05 23:00:00",1307,0.356,136.3,3.106
"2018-09-06 00:00:00",1308,0.209,138,2.835
"2018-09-06 01:00:00",1309,0.097,125,5.663
"2018-09-06 02:00:00",1310,0.32,139.5,0.165
"2018-09-06 03:00:00",1311,0.109,142.6,11.79
"2018-09-06 04:00:00",1312,0.028,280,10.4
"2018-09-06 05:00:00",1313,0.122,272.8,0.139
"2018-09-06 06:00:00",1314,0.322,113.3,22.26
"2018-09-06 07:00:00",1315,0.063,119.3,0.15
"2018-09-06 08:00:00",1316,0.226,125.5,13.7
"2018-09-06 09:00:00",1317,0.347,152.6,25
"2018-09-06 10:00:00",1318,0.849,218.2,69.46
"2018-09-06 11:00:00",1319,0.903,276.8,49.3
"2018-09-06 12:00:00",1320,0.663,116.7,67.33
"2018-09-06 13:00:00",1321,0.881,270.9,64.78
"2018-09-06 14:00:00",1322,0.871,277.8,72.02
"2018-09-06 15:00:00",1323,0.711,290.2,55.09
"2018-09-06 16:00:00",1324,1.024,26.9,62.82
"2018-09-06 17:00:00",1325,0.413,75.81,65.93
"2018-09-06 18:00:00",1326,0.65,345.5,45.86
"2018-09-06 19:00:00",1327,0.534,134.3,47.94
"2018-09-06 20:00:00",1328,0.251,273.7,62.12
"2018-09-06 21:00:00",1329,0.129,136.7,10.29
"2018-09-06 22:00:00",1330,0.263,283,45.9
"2018-09-06 23:00:00",1331,0.36,354.8,46.32
"2018-09-07 00:00:00",1332,0.229,20.86,54.6
"2018-09-07 01:00:00",1333,0.437,37.68,54.33
"2018-09-07 02:00:00",1334,0.576,2.596,55.4
"2018-09-07 03:00:00",1335,0.213,84.6,25.58
"2018-09-07 04:00:00",1336,0.205,5.883,30.78
"2018-09-07 05:00:00",1337,0.196,7.425,24.51
"2018-09-07 06:00:00",1338,0.37,42.3,31.66
"2018-09-07 07:00:00",1339,0.379,50.68,20.37
"2018-09-07 08:00:00",1340,0.267,46.7,33.31
"2018-09-07 09:00:00",1341,0.263,9.53,35.65
"2018-09-07 10:00:00",1342,0.225,7.654,41.9
"2018-09-07 11:00:00",1343,0.348,236.9,78.95
"2018-09-07 12:00:00",1344,0.731,351.3,42.07
"2018-09-07 13:00:00",1345,0.665,342.7,70.25
"2018-09-07 14:00:00",1346,0.979,314.2,46.07
"2018-09-07 15:00:00",1347,0.896,345.3,56.8
"2018-09-07 16:00:00",1348,1.045,355.8,57.51
"2018-09-07 17:00:00",1349,0.707,30.76,58.37
"2018-09-07 18:00:00",1350,0.773,334.7,54.77
"2018-09-07 19:00:00",1351,0.623,46,76.14
"2018-09-07 20:00:00",1352,0.39,49.8,44.39
"2018-09-07 21:00:00",1353,0.137,62.99,44.59
"2018-09-07 22:00:00",1354,0.136,172.8,24.74
"2018-09-07 23:00:00",1355,0.37,359.7,40.84
"2018-09-08 00:00:00",1356,0.079,82.6,28.76
"2018-09-08 01:00:00",1357,0.192,114.4,50.66
"2018-09-08 02:00:00",1358,0.205,0.738,27.34
"2018-09-08 03:00:00",1359,0.496,24.63,20.87
"2018-09-08 04:00:00",1360,0.687,39.96,22.1
"2018-09-08 05:00:00",1361,0.696,14.36,19.88
"2018-09-08 06:00:00",1362,0.411,18.49,13.97
"2018-09-08 07:00:00",1363,0.418,34.62,27.53
"2018-09-08 08:00:00",1364,0.453,10.58,40.02
"2018-09-08 09:00:00",1365,1.528,29.79,53.03
"2018-09-08 10:00:00",1366,2.136,54.55,30.34
"2018-09-08 11:00:00",1367,1.826,48.47,29.19
"2018-09-08 12:00:00",1368,1.682,39.33,39.69
"2018-09-08 13:00:00",1369,1.797,38.75,41.25
"2018-09-08 14:00:00",1370,1.521,41.2,45.28
"2018-09-08 15:00:00",1371,0.954,47.34,52.47
"2018-09-08 16:00:00",1372,1.147,47.86,58.13
"2018-09-08 17:00:00",1373,1.379,44.94,44.75
"2018-09-08 18:00:00",1374,1.184,41.34,58.48
"2018-09-08 19:00:00",1375,1.306,45.56,43.7
"2018-09-08 20:00:00",1376,1.1,34.49,33.12
"2018-09-08 21:00:00",1377,1.639,35.66,40.51
"2018-09-08 22:00:00",1378,1.121,25.95,46.26
"2018-09-08 23:00:00",1379,1.507,32.5,36.44
"2018-09-09 00:00:00",1380,1.131,34.41,32.18
"2018-09-09 01:00:00",1381,1.47,37.64,33.48
"2018-09-09 02:00:00",1382,0.9,52.66,50.99
"2018-09-09 03:00:00",1383,1.034,76.59,59.25
"2018-09-09 04:00:00",1384,1.324,37.8,48.71
"2018-09-09 05:00:00",1385,1.213,33.69,50.02
"2018-09-09 06:00:00",1386,1.136,77.66,59.19
"2018-09-09 07:00:00",1387,1.236,54.67,75.93
"2018-09-09 08:00:00",1388,1.514,116.3,66.42
"2018-09-09 09:00:00",1389,2.115,125.4,51.04
"2018-09-09 10:00:00",1390,2.03,147.1,36.97
"2018-09-09 11:00:00",1391,2.632,141.6,32.57
"2018-09-09 12:00:00",1392,2.878,142.8,27.85
"2018-09-09 13:00:00",1393,3.113,141.2,25.07
"2018-09-09 14:00:00",1394,2.904,141.5,23.94
"2018-09-09 15:00:00",1395,2.136,146.6,26.51
"2018-09-09 16:00:00",1396,2.262,142.4,31.04
"2018-09-09 17:00:00",1397,1.934,155.8,36.28
"2018-09-09 18:00:00",1398,1.919,154.3,33.18
"2018-09-09 19:00:00",1399,2.142,157.9,35.11
"2018-09-09 20:00:00",1400,2.316,157.2,31.16
"2018-09-09 21:00:00",1401,2.025,155.9,30.64
"2018-09-09 22:00:00",1402,2.493,147.7,32.25
"2018-09-09 23:00:00",1403,2.49,152.6,29.08
"2018-09-10 00:00:00",1404,2.245,152.1,28.39
"2018-09-10 01:00:00",1405,2.461,151,26.6
"2018-09-10 02:00:00",1406,2.229,154.1,31.11
"2018-09-10 03:00:00",1407,1.761,166.2,39.99
"2018-09-10 04:00:00",1408,1.917,162.3,33.79
"2018-09-10 05:00:00",1409,2.176,159,29.28
"2018-09-10 06:00:00",1410,2.415,154.5,26.15
"2018-09-10 07:00:00",1411,2.118,149.4,23.56
"2018-09-10 08:00:00",1412,2.378,150.1,19.27
"2018-09-10 09:00:00",1413,2.544,148.6,17.75
"2018-09-10 10:00:00",1414,2.41,150,18.43
"2018-09-10 11:00:00",1415,1.873,168.8,63.75
"2018-09-10 12:00:00",1416,0.401,336.5,42.79
"2018-09-10 13:00:00",1417,0.881,310.2,25.61
"2018-09-10 14:00:00",1418,0.694,293.3,31.28
"2018-09-10 15:00:00",1419,0.185,247.5,53.1
"2018-09-10 16:00:00",1420,0.311,151.3,48.54
"2018-09-10 17:00:00",1421,0.274,150.4,27.27
"2018-09-10 18:00:00",1422,0.125,149.5,32.08
"2018-09-10 19:00:00",1423,0.675,266.1,35.62
"2018-09-10 20:00:00",1424,1.126,263.6,28.58
"2018-09-10 21:00:00",1425,1.085,284.4,33.66
"2018-09-10 22:00:00",1426,0.865,267.1,35.82
"2018-09-10 23:00:00",1427,0.24,129.7,41.17
"2018-09-11 00:00:00",1428,0.543,279.8,33
"2018-09-11 01:00:00",1429,0.714,308,34.58
"2018-09-11 02:00:00",1430,0.813,316.4,33.43
"2018-09-11 03:00:00",1431,0.242,324.3,30.63
"2018-09-11 04:00:00",1432,0.177,307.7,20.47
"2018-09-11 05:00:00",1433,0.097,323.6,19.07
"2018-09-11 06:00:00",1434,0.002,336,0.001
"2018-09-11 07:00:00",1435,0.045,322.3,8.33
"2018-09-11 08:00:00",1436,0.281,272.8,23.28
"2018-09-11 09:00:00",1437,0.15,302.1,23.86
"2018-09-11 10:00:00",1438,0.275,112.6,64.17
"2018-09-11 11:00:00",1439,0.326,58.96,61.11
"2018-09-11 12:00:00",1440,0.381,225.8,48.33
"2018-09-11 13:00:00",1441,0.468,292.7,43.62
"2018-09-11 14:00:00",1442,0.435,342.9,48.86
"2018-09-11 15:00:00",1443,0.334,342.3,43.72
"2018-09-11 16:00:00",1444,0.554,344.1,59.07
"2018-09-11 17:00:00",1445,0.46,27.07,44.62
"2018-09-11 18:00:00",1446,0.347,0.712,45.29
"2018-09-11 19:00:00",1447,0.325,19.08,38.31
"2018-09-11 20:00:00",1448,0.11,304.8,23.57
"2018-09-11 21:00:00",1449,0.339,56.55,18.96
"2018-09-11 22:00:00",1450,0.283,41.19,27.91
"2018-09-11 23:00:00",1451,0.081,358.6,12.51
"2018-09-12 00:00:00",1452,0.201,356.9,27.78
"2018-09-12 01:00:00",1453,0.334,26.98,18.34
"2018-09-12 02:00:00",1454,0.702,7.865,26.82
"2018-09-12 03:00:00",1455,0.622,24.55,23.63
"2018-09-12 04:00:00",1456,0.287,39.97,17.58
"2018-09-12 05:00:00",1457,0.309,29.88,33.79
"2018-09-12 06:00:00",1458,0.469,21.36,38.5
"2018-09-12 07:00:00",1459,0.545,353,31
"2018-09-12 08:00:00",1460,0.801,328.5,17.16
"2018-09-12 09:00:00",1461,0.456,70.12,47.61
"2018-09-12 10:00:00",1462,0.552,352.1,49.54
"2018-09-12 11:00:00",1463,0.453,0.243,53.64
"2018-09-12 12:00:00",1464,0.409,62.25,54.62
"2018-09-12 13:00:00",1465,0.355,324.9,59.59
"2018-09-12 14:00:00",1466,0.672,33.94,57.51
"2018-09-12 15:00:00",1467,0.872,50.85,35.89
"2018-09-12 16:00:00",1468,0.757,26.76,44.78
"2018-09-12 17:00:00",1469,0.768,336.7,46.38
"2018-09-12 18:00:00",1470,0.541,321,39.31
"2018-09-12 19:00:00",1471,0.582,19.4,52.49
"2018-09-12 20:00:00",1472,0.183,66.93,47.43
"2018-09-12 21:00:00",1473,0.158,70.93,44.04
"2018-09-12 22:00:00",1474,0.261,348.9,14.7
"2018-09-12 23:00:00",1475,0.28,354.4,35.14
"2018-09-13 00:00:00",1476,0.272,15.12,37.72
"2018-09-13 01:00:00",1477,0.136,326.7,36.14
"2018-09-13 02:00:00",1478,0.133,167.5,28.69
"2018-09-13 03:00:00",1479,0.316,161,30.27
"2018-09-13 04:00:00",1480,0.216,158.2,27.19
"2018-09-13 05:00:00",1481,0.291,31,42.76
"2018-09-13 06:00:00",1482,0.238,325,36.64
"2018-09-13 07:00:00",1483,0.094,323.6,29.03
"2018-09-13 08:00:00",1484,0.093,10.22,27.15
"2018-09-13 09:00:00",1485,0.411,150.7,40.66
"2018-09-13 10:00:00",1486,0.468,160.4,35.2
"2018-09-13 11:00:00",1487,0.499,153.9,40.74
"2018-09-13 12:00:00",1488,0.618,127.9,55.67
"2018-09-13 13:00:00",1489,0.744,102.1,56.35
"2018-09-13 14:00:00",1490,0.591,69.88,86.6
"2018-09-13 15:00:00",1491,0.723,106.4,77.3
"2018-09-13 16:00:00",1492,0.711,150.4,52.72
"2018-09-13 17:00:00",1493,0.464,81.4,69.25
"2018-09-13 18:00:00",1494,0.195,52.66,41.6
"2018-09-13 19:00:00",1495,0.424,173.8,34.28
"2018-09-13 20:00:00",1496,0.615,179.3,26.16
"2018-09-13 21:00:00",1497,1.051,155.4,21.57
"2018-09-13 22:00:00",1498,0.83,151.6,39.64
"2018-09-13 23:00:00",1499,0.816,156.5,45.73
"2018-09-14 00:00:00",1500,0.951,142.7,50.89
"2018-09-14 01:00:00",1501,0.804,155.6,48.89
"2018-09-14 02:00:00",1502,0.769,165.6,69.28
"2018-09-14 03:00:00",1503,0.739,11.1,68.41
"2018-09-14 04:00:00",1504,0.481,339.2,66.11
"2018-09-14 05:00:00",1505,0.585,7.908,47.62
"2018-09-14 06:00:00",1506,0.234,85.1,57.47
"2018-09-14 07:00:00",1507,0.508,21.02,30.17
"2018-09-14 08:00:00",1508,0.35,12.97,45.76
"2018-09-14 09:00:00",1509,0.534,349.6,25.93
"2018-09-14 10:00:00",1510,0.68,33.33,44.03
"2018-09-14 11:00:00",1511,0.688,136.9,55.48
"2018-09-14 12:00:00",1512,0.891,146.3,60.35
"2018-09-14 13:00:00",1513,0.849,147.2,58.93
"2018-09-14 14:00:00",1514,0.853,135.8,42.76
"2018-09-14 15:00:00",1515,1.005,150,43.59
"2018-09-14 16:00:00",1516,0.815,155.1,41.07
"2018-09-14 17:00:00",1517,0.721,152.4,44.04
"2018-09-14 18:00:00",1518,0.803,140.2,57.83
"2018-09-14 19:00:00",1519,0.573,30.53,52.61
"2018-09-14 20:00:00",1520,0.51,164.5,65.63
"2018-09-14 21:00:00",1521,0.423,180.9,26.39
"2018-09-14 22:00:00",1522,0.269,2.348,36.88
"2018-09-14 23:00:00",1523,0.577,3.601,38.17
"2018-09-15 00:00:00",1524,0.653,10.31,45
"2018-09-15 01:00:00",1525,0.739,6.665,61.11
"2018-09-15 02:00:00",1526,0.549,134,73.1
"2018-09-15 03:00:00",1527,0.703,330.1,74.08
"2018-09-15 04:00:00",1528,0.607,7.253,60.43
"2018-09-15 05:00:00",1529,0.892,3.948,66.53
"2018-09-15 06:00:00",1530,0.897,11.86,66.27
"2018-09-15 07:00:00",1531,0.785,20.1,58.27
"2018-09-15 08:00:00",1532,0.786,13.87,51.58
"2018-09-15 09:00:00",1533,0.814,72.79,88.7
"2018-09-15 10:00:00",1534,0.638,67.37,71.65
"2018-09-15 11:00:00",1535,0.779,147.7,55.79
"2018-09-15 12:00:00",1536,0.992,131.6,61.15
"2018-09-15 13:00:00",1537,0.966,135.4,61.84
"2018-09-15 14:00:00",1538,0.668,74.57,67.27
"2018-09-15 15:00:00",1539,0.691,80,65.03
"2018-09-15 16:00:00",1540,0.585,118.8,60.94
"2018-09-15 17:00:00",1541,0.717,117.7,64.12
"2018-09-15 18:00:00",1542,0.738,66.12,71.7
"2018-09-15 19:00:00",1543,0.663,25.74,47.86
"2018-09-15 20:00:00",1544,0.378,10.81,42.44
"2018-09-15 21:00:00",1545,0.292,26.24,62.39
"2018-09-15 22:00:00",1546,0.505,353.5,56.27
"2018-09-15 23:00:00",1547,0.443,3.616,54.12
"2018-09-16 00:00:00",1548,0.488,22.54,64.42
"2018-09-16 01:00:00",1549,0.504,165.4,36.55
"2018-09-16 02:00:00",1550,0.533,333.9,66.49
"2018-09-16 03:00:00",1551,0.618,172,81.5
"2018-09-16 04:00:00",1552,0.644,1.661,36.06
"2018-09-16 05:00:00",1553,1.268,23.98,23.6
"2018-09-16 06:00:00",1554,1.004,27.69,27.23
"2018-09-16 07:00:00",1555,1.2,25.05,25.03
"2018-09-16 08:00:00",1556,1.428,28.84,29.8
"2018-09-16 09:00:00",1557,0.974,38.71,39.85
"2018-09-16 10:00:00",1558,0.73,82.2,62.85
"2018-09-16 11:00:00",1559,0.982,121.3,60.41
"2018-09-16 12:00:00",1560,1.117,138.6,53.29
"2018-09-16 13:00:00",1561,1.361,149.2,45.44
"2018-09-16 14:00:00",1562,1.135,139.3,50.75
"2018-09-16 15:00:00",1563,0.944,93.9,63.28
"2018-09-16 16:00:00",1564,0.992,131.4,53.71
"2018-09-16 17:00:00",1565,0.926,159,44.54
"2018-09-16 18:00:00",1566,0.925,111.3,63.12
"2018-09-16 19:00:00",1567,0.659,106,59.84
"2018-09-16 20:00:00",1568,0.422,18.85,35.92
"2018-09-16 21:00:00",1569,0.48,39.73,49.47
"2018-09-16 22:00:00",1570,0.573,44.63,60.59
"2018-09-16 23:00:00",1571,0.824,136.4,51.44
"2018-09-17 00:00:00",1572,0.95,134.9,50.13
"2018-09-17 01:00:00",1573,0.928,140.3,52.92
"2018-09-17 02:00:00",1574,0.788,143.6,48.02
"2018-09-17 03:00:00",1575,0.77,132.9,58.65
"2018-09-17 04:00:00",1576,0.558,108.3,66.9
"2018-09-17 05:00:00",1577,0.607,152.1,52.39
"2018-09-17 06:00:00",1578,0.582,112.1,63.24
"2018-09-17 07:00:00",1579,0.659,34.12,46.49
"2018-09-17 08:00:00",1580,0.703,34.14,54.35
"2018-09-17 09:00:00",1581,0.754,61.98,62.58
"2018-09-17 10:00:00",1582,1.247,28.4,41.21
"2018-09-17 11:00:00",1583,1.244,29.83,34.26
"2018-09-17 12:00:00",1584,0.681,81.3,52.79
"2018-09-17 13:00:00",1585,0.69,79.1,51.93
"2018-09-17 14:00:00",1586,0.73,144.3,56.54
"2018-09-17 15:00:00",1587,0.626,145.3,34.35
"2018-09-17 16:00:00",1588,1.392,204.9,62.6
"2018-09-17 17:00:00",1589,0.448,152.1,44.58
"2018-09-17 18:00:00",1590,0.328,139.7,63.16
"2018-09-17 19:00:00",1591,0.705,271.8,41.49
"2018-09-17 20:00:00",1592,0.512,258.4,11.98
"2018-09-17 21:00:00",1593,0.187,266.9,12.5
"2018-09-17 22:00:00",1594,0.02,113.9,3.679
"2018-09-17 23:00:00",1595,0.446,300.3,54.17
"2018-09-18 00:00:00",1596,0.354,288.7,34.82
"2018-09-18 01:00:00",1597,0.103,307.1,23.61
"2018-09-18 02:00:00",1598,0.013,14.14,17.33
"2018-09-18 03:00:00",1599,0.01,96.7,0.041
"2018-09-18 04:00:00",1600,0.629,287.2,45.66
"2018-09-18 05:00:00",1601,1.204,319,52.27
"2018-09-18 06:00:00",1602,0.929,312.7,57.86
"2018-09-18 07:00:00",1603,0.952,315,55.2
"2018-09-18 08:00:00",1604,0.66,320,47.66
"2018-09-18 09:00:00",1605,0.712,300.2,29.94
"2018-09-18 10:00:00",1606,0.86,306.8,30.02
"2018-09-18 11:00:00",1607,0.773,316.6,44.28
"2018-09-18 12:00:00",1608,0.752,305.9,43.78
"2018-09-18 13:00:00",1609,1.057,314.4,61.55
"2018-09-18 14:00:00",1610,1.141,316.3,46.17
"2018-09-18 15:00:00",1611,1.098,307.4,42.01
"2018-09-18 16:00:00",1612,1.012,324.5,51.69
"2018-09-18 17:00:00",1613,0.734,326.4,46.04
"2018-09-18 18:00:00",1614,0.47,310.1,35.92
"2018-09-18 19:00:00",1615,0.439,243.7,28.77
"2018-09-18 20:00:00",1616,0.187,179.4,23.75
"2018-09-18 21:00:00",1617,0.343,135.8,16.96
"2018-09-18 22:00:00",1618,0.47,128.3,6.881
"2018-09-18 23:00:00",1619,0.085,133.6,9.35
"2018-09-19 00:00:00",1620,0.183,114.2,18.61
"2018-09-19 01:00:00",1621,0.231,114.7,9.99
"2018-09-19 02:00:00",1622,0.309,132.4,20.26
"2018-09-19 03:00:00",1623,0.131,126.6,7.289
"2018-09-19 04:00:00",1624,0.323,133.1,2.012
"2018-09-19 05:00:00",1625,0.247,135.8,0.407
"2018-09-19 06:00:00",1626,0.346,129.7,8.19
"2018-09-19 07:00:00",1627,0.279,105.4,29.71
"2018-09-19 08:00:00",1628,0.127,330.3,39.91
"2018-09-19 09:00:00",1629,0.321,66.29,70.82
"2018-09-19 10:00:00",1630,0.237,207,30.78
"2018-09-19 11:00:00",1631,0.814,251.8,46.5
"2018-09-19 12:00:00",1632,0.745,348,55.88
"2018-09-19 13:00:00",1633,0.839,353.2,56.15
"2018-09-19 14:00:00",1634,0.843,6.847,68.12
"2018-09-19 15:00:00",1635,1.084,34.65,47.85
"2018-09-19 16:00:00",1636,0.901,30.89,52.64
"2018-09-19 17:00:00",1637,0.74,28.06,49.43
"2018-09-19 18:00:00",1638,0.757,45.73,35.91
"2018-09-19 19:00:00",1639,0.275,357.1,45.16
"2018-09-19 20:00:00",1640,0.111,86.6,13.25
"2018-09-19 21:00:00",1641,0.586,122.4,15.43
"2018-09-19 22:00:00",1642,0.641,134.1,25.01
"2018-09-19 23:00:00",1643,0.374,139.1,18.01
"2018-09-20 00:00:00",1644,0.601,128.6,8.04
"2018-09-20 01:00:00",1645,0.566,121.9,7.808
"2018-09-20 02:00:00",1646,0.212,71.35,57.26
"2018-09-20 03:00:00",1647,0.261,111.5,33.02
"2018-09-20 04:00:00",1648,0.187,342.5,5.95
"2018-09-20 05:00:00",1649,0.003,347.2,0.008
"2018-09-20 06:00:00",1650,0.086,210.8,42.37
"2018-09-20 07:00:00",1651,0.016,166,0.019
"2018-09-20 08:00:00",1652,0.326,139.3,6.839
"2018-09-20 09:00:00",1653,0.073,167.7,12.25
"2018-09-20 10:00:00",1654,0.298,173.3,30.25
"2018-09-20 11:00:00",1655,0.508,195.1,47.29
"2018-09-20 12:00:00",1656,0.81,270.7,58.31
"2018-09-20 13:00:00",1657,0.999,253.5,58.57
"2018-09-20 14:00:00",1658,1.169,266.6,45.71
"2018-09-20 15:00:00",1659,0.641,232.3,77.01
"2018-09-20 16:00:00",1660,0.443,152.5,60.94
"2018-09-20 17:00:00",1661,0.413,148.6,52.49
"2018-09-20 18:00:00",1662,0.22,132.9,21.44
"2018-09-20 19:00:00",1663,0.547,136.7,6.021
"2018-09-20 20:00:00",1664,0.947,134.3,4.198
"2018-09-20 21:00:00",1665,0.822,131.7,11.51
"2018-09-20 22:00:00",1666,0.931,129.1,13.04
"2018-09-20 23:00:00",1667,1.111,146.5,9.77
"2018-09-21 00:00:00",1668,1.254,150.8,8.17
"2018-09-21 01:00:00",1669,1.276,148.3,10.98
"2018-09-21 02:00:00",1670,0.943,131.1,20.96
"2018-09-21 03:00:00",1671,0.706,141,28.36
"2018-09-21 04:00:00",1672,0.77,136.7,18.39
"2018-09-21 05:00:00",1673,0.76,138.2,25.44
"2018-09-21 06:00:00",1674,0.65,132.5,26.12
"2018-09-21 07:00:00",1675,0.674,134.9,28.54
"2018-09-21 08:00:00",1676,0.626,130.9,22.29
"2018-09-21 09:00:00",1677,0.639,138.4,30.63
"2018-09-21 10:00:00",1678,0.959,173.3,63.61
"2018-09-21 11:00:00",1679,1.13,214.8,68.27
"2018-09-21 12:00:00",1680,1.457,247.5,56.29
"2018-09-21 13:00:00",1681,1.547,243.6,57.51
"2018-09-21 14:00:00",1682,1.358,243.1,63.96
"2018-09-21 15:00:00",1683,1.186,218.3,72.84
"2018-09-21 16:00:00",1684,1.232,254.1,56.34
"2018-09-21 17:00:00",1685,1.253,252.6,57.68
"2018-09-21 18:00:00",1686,0.884,250.4,63.57
"2018-09-21 19:00:00",1687,0.629,149.8,65.2
"2018-09-21 20:00:00",1688,0.58,286.6,69.4
"2018-09-21 21:00:00",1689,0.886,273,36.05
"2018-09-21 22:00:00",1690,0.96,272.6,31.44
"2018-09-21 23:00:00",1691,1.458,262.8,34.8
"2018-09-22 00:00:00",1692,1.076,255.5,36.21
"2018-09-22 01:00:00",1693,0.478,325.5,34.78
"2018-09-22 02:00:00",1694,0.56,331.2,39.91
"2018-09-22 03:00:00",1695,0.185,309.9,11.55
"2018-09-22 04:00:00",1696,0.664,323.1,43.19
"2018-09-22 05:00:00",1697,0.842,351.9,59.45
"2018-09-22 06:00:00",1698,1.025,28.38,56.52
"2018-09-22 07:00:00",1699,0.492,45.4,45.14
"2018-09-22 08:00:00",1700,0.702,47.68,26.56
