"TOA5","CR6Series","CR6","3767","CR6.Std.04 CR6-WIFI.01","CPU:ew_fullsun_code Rev1.CR6","51073","air"
"TIMESTAMP","RECORD","AirTC_Avg","RH"
"TS","RN","Deg C","%"
"","","Avg","Smp"
"2018-07-13 12:00:00",0,27.68,57.88
"2018-07-13 13:00:00",1,28.57,49.01
"2018-07-13 14:00:00",2,28.93,47.5
"2018-07-13 15:00:00",3,28.72,47.72
"2018-07-13 16:00:00",4,29.77,45.55
"2018-07-13 17:00:00",5,30.3,41.6
"2018-07-13 18:00:00",6,30.55,48.34
"2018-07-13 19:00:00",7,29.43,54.84
"2018-07-13 20:00:00",8,28.43,62.95
"2018-07-13 21:00:00",9,25.48,68.35
"2018-07-13 22:00:00",10,24.1,67.27
"2018-07-13 23:00:00",11,23.41,70.05
"2018-07-14 00:00:00",12,22.8,70.38
"2018-07-14 01:00:00",13,22.47,71.15
"2018-07-14 02:00:00",14,22.01,75.54
"2018-07-14 03:00:00",15,21.39,77.8
"2018-07-14 04:00:00",16,21.13,79.35
"2018-07-14 05:00:00",17,21.02,79.61
"2018-07-14 06:00:00",18,20.43,83
"2018-07-14 07:00:00",19,20.2,80.4
"2018-07-14 08:00:00",20,21.31,77.04
"2018-07-14 09:00:00",21,23.08,76.05
"2018-07-14 10:00:00",22,25.38,64.31
"2018-07-14 11:00:00",23,26.38,62.24
"2018-07-14 12:00:00",24,27.34,57.4
"2018-07-14 13:00:00",25,28.35,57.97
"2018-07-14 14:00:00",26,29.12,54.43
"2018-07-14 15:00:00",27,29.57,60.44
"2018-07-14 16:00:00",28,29.55,53.03
"2018-07-14 17:00:00",29,29.71,57.45
"2018-07-14 18:00:00",30,30.07,54.25
"2018-07-14 19:00:00",31,30.35,54.52
"2018-07-14 20:00:00",32,29.86,56.7
"2018-07-14 21:00:00",33,28.03,67.25
"2018-07-14 22:00:00",34,25.59,76.51
"2018-07-14 23:00:00",35,24.83,77.09
"2018-07-15 00:00:00",36,23.96,75.31
"2018-07-15 01:00:00",37,23.72,78.9
"2018-07-15 02:00:00",38,23.55,81.9
"2018-07-15 03:00:00",39,22.96,83.9
"2018-07-15 04:00:00",40,22.53,86.8
"2018-07-15 05:00:00",41,22.38,84.5
"2018-07-15 06:00:00",42,22.3,84.8
"2018-07-15 07:00:00",43,22.18,86.8
"2018-07-15 08:00:00",44,22.45,87.6
"2018-07-15 09:00:00",45,23.41,78.81
"2018-07-15 10:00:00",46,24.52,73.05
"2018-07-15 11:00:00",47,25.26,75.26
"2018-07-15 12:00:00",48,26.35,69.2
"2018-07-15 13:00:00",49,27.97,74.32
"2018-07-15 14:00:00",50,28.73,66.59
"2018-07-15 15:00:00",51,29.61,69.46
"2018-07-15 16:00:00",52,25.35,95.4
"2018-07-15 17:00:00",53,20.75,98.6
"2018-07-15 18:00:00",54,21.66,97.2
"2018-07-15 19:00:00",55,22.63,96.1
"2018-07-15 20:00:00",56,23.25,98.2
"2018-07-15 21:00:00",57,22.57,95.7
"2018-07-15 22:00:00",58,21.61,91.3
"2018-07-15 23:00:00",59,21.06,90.8
"2018-07-16 00:00:00",60,20.77,90.9
"2018-07-16 01:00:00",61,20.42,90.2
"2018-07-16 02:00:00",62,20.25,92
"2018-07-16 03:00:00",63,19.81,91.8
"2018-07-16 04:00:00",64,19.8,88.6
"2018-07-16 05:00:00",65,19.98,88.8
"2018-07-16 06:00:00",66,19.88,87.2
"2018-07-16 07:00:00",67,20.1,84.7
"2018-07-16 08:00:00",68,21.35,84
"2018-07-16 09:00:00",69,23.88,75.05
"2018-07-16 10:00:00",70,25.79,73.73
"2018-07-16 11:00:00",71,26.89,71.41
"2018-07-16 12:00:00",72,27.92,73.34
"2018-07-16 13:00:00",73,28.75,58.27
"2018-07-16 14:00:00",74,29.47,57.73
"2018-07-16 15:00:00",75,30.09,51.31
"2018-07-16 16:00:00",76,30.65,55.49
"2018-07-16 17:00:00",77,30.84,58.36
"2018-07-16 18:00:00",78,28.17,75.5
"2018-07-16 19:00:00",79,24.85,74.58
"2018-07-16 20:00:00",80,25.43,77.05
"2018-07-16 21:00:00",81,23.68,82.7
"2018-07-16 22:00:00",82,22.53,85.7
"2018-07-16 23:00:00",83,22.22,88.7
"2018-07-17 00:00:00",84,21.85,87.2
"2018-07-17 01:00:00",85,21.82,89.9
"2018-07-17 02:00:00",86,21.38,89.3
"2018-07-17 03:00:00",87,21.4,89
"2018-07-17 04:00:00",88,21.5,88.9
"2018-07-17 05:00:00",89,21.35,90.8
"2018-07-17 06:00:00",90,21.45,90.6
"2018-07-17 07:00:00",91,21.76,93.7
"2018-07-17 08:00:00",92,21.73,94.7
"2018-07-17 09:00:00",93,21.69,98.4
"2018-07-17 10:00:00",94,22.04,97.8
"2018-07-17 11:00:00",95,22.54,93.5
"2018-07-17 12:00:00",96,23.51,89.8
"2018-07-17 13:00:00",97,25.48,82.9
"2018-07-17 14:00:00",98,25.93,78.57
"2018-07-17 15:00:00",99,27.72,73.04
"2018-07-17 16:00:00",100,28.4,56.98
"2018-07-17 17:00:00",101,28.51,58.48
"2018-07-17 18:00:00",102,28.14,55.55
"2018-07-17 19:00:00",103,27.47,55.38
"2018-07-17 20:00:00",104,25.79,56.33
"2018-07-17 21:00:00",105,23.82,62.85
"2018-07-17 22:00:00",106,22.37,64.31
"2018-07-17 23:00:00",107,21.41,66.44
"2018-07-18 00:00:00",108,20.48,69.07
"2018-07-18 01:00:00",109,19.67,74.11
"2018-07-18 02:00:00",110,18.75,78.93
"2018-07-18 03:00:00",111,17.97,82.9
"2018-07-18 04:00:00",112,17.1,88.8
"2018-07-18 05:00:00",113,16.23,85.8
"2018-07-18 06:00:00",114,15.82,94.1
"2018-07-18 07:00:00",115,14.93,97.1
"2018-07-18 08:00:00",116,16.28,85.1
"2018-07-18 09:00:00",117,18.25,72.66
"2018-07-18 10:00:00",118,19.62,62.88
"2018-07-18 11:00:00",119,21.12,60.84
"2018-07-18 12:00:00",120,21.86,57.52
"2018-07-18 13:00:00",121,22.88,44.06
"2018-07-18 14:00:00",122,23.89,44.52
"2018-07-18 15:00:00",123,24.08,47.29
"2018-07-18 16:00:00",124,24.46,44.41
"2018-07-18 17:00:00",125,24.51,41.02
"2018-07-18 18:00:00",126,25.26,42.37
"2018-07-18 19:00:00",127,24.96,42.47
"2018-07-18 20:00:00",128,24,50.25
"2018-07-18 21:00:00",129,22.1,55.15
"2018-07-18 22:00:00",130,20.09,70.86
"2018-07-18 23:00:00",131,18.5,69.73
"2018-07-19 00:00:00",132,17.67,70.25
"2018-07-19 01:00:00",133,17.12,74.02
"2018-07-19 02:00:00",134,16.53,73.08
"2018-07-19 03:00:00",135,16.15,83.2
"2018-07-19 04:00:00",136,15.22,89
"2018-07-19 05:00:00",137,14.13,86.2
"2018-07-19 06:00:00",138,14.05,86.3
"2018-07-19 07:00:00",139,14.03,84.5
"2018-07-19 08:00:00",140,15.48,76.29
"2018-07-19 09:00:00",141,18.49,65.85
"2018-07-19 10:00:00",142,21.68,57.21
"2018-07-19 11:00:00",143,23.98,48.89
"2018-07-19 12:00:00",144,25.72,44.41
"2018-07-19 13:00:00",145,25.74,45.2
"2018-07-19 14:00:00",146,26.57,38.42
"2018-07-19 15:00:00",147,27.38,40.27
"2018-07-19 16:00:00",148,27.89,40.78
"2018-07-19 17:00:00",149,28.47,41.81
"2018-07-19 18:00:00",150,28.32,41.09
"2018-07-19 19:00:00",151,28.33,49.11
"2018-07-19 20:00:00",152,28.13,43.98
"2018-07-19 21:00:00",153,24.6,70.95
"2018-07-19 22:00:00",154,22.27,66.48
"2018-07-19 23:00:00",155,21.61,66.69
"2018-07-20 00:00:00",156,21.11,64.74
"2018-07-20 01:00:00",157,20.74,66.18
"2018-07-20 02:00:00",158,20.34,67.96
"2018-07-20 03:00:00",159,20.02,68.75
"2018-07-20 04:00:00",160,19.74,68.22
"2018-07-20 05:00:00",161,19.29,71.14
"2018-07-20 06:00:00",162,19.01,70.75
"2018-07-20 07:00:00",163,19.17,71.76
"2018-07-20 08:00:00",164,19.86,69.4
"2018-07-20 09:00:00",165,21.94,61.8
"2018-07-20 10:00:00",166,24.56,63.76
"2018-07-20 11:00:00",167,25.74,60.83
"2018-07-20 12:00:00",168,27.84,52.19
"2018-07-20 13:00:00",169,28.8,51.04
"2018-07-20 14:00:00",170,29,46.84
"2018-07-20 15:00:00",171,28.66,52.05
"2018-07-20 16:00:00",172,28.13,61.3
"2018-07-20 17:00:00",173,21.93,92
"2018-07-20 18:00:00",174,21.43,97.6
"2018-07-20 19:00:00",175,19.94,98.6
"2018-07-20 20:00:00",176,19.38,93.2
"2018-07-20 21:00:00",177,19.25,92.5
"2018-07-20 22:00:00",178,19.16,88.2
"2018-07-20 23:00:00",179,19.21,89.7
"2018-07-21 00:00:00",180,20.14,74.37
"2018-07-21 01:00:00",181,20.54,76.1
"2018-07-21 02:00:00",182,20.58,74.61
"2018-07-21 03:00:00",183,20.21,80.1
"2018-07-21 04:00:00",184,19.55,76.56
"2018-07-21 05:00:00",185,19.64,77.75
"2018-07-21 06:00:00",186,19.69,77.12
"2018-07-21 07:00:00",187,19.3,78.04
"2018-07-21 08:00:00",188,19.47,82.2
"2018-07-21 09:00:00",189,19.9,80.7
"2018-07-21 10:00:00",190,20.48,77.26
"2018-07-21 11:00:00",191,23.1,70.23
"2018-07-21 12:00:00",192,24.54,60.57
"2018-07-21 13:00:00",193,25.22,59.12
"2018-07-21 14:00:00",194,26.13,58.74
"2018-07-21 15:00:00",195,26.94,60.68
"2018-07-21 16:00:00",196,23.91,94.2
"2018-07-21 17:00:00",197,20.47,96
"2018-07-21 18:00:00",198,21.99,86.8
"2018-07-21 19:00:00",199,21.55,83.4
"2018-07-21 20:00:00",200,21.44,81.4
"2018-07-21 21:00:00",201,19.35,86.2
"2018-07-21 22:00:00",202,18.45,85.7
"2018-07-21 23:00:00",203,18.12,84.7
"2018-07-22 00:00:00",204,17.84,88.2
"2018-07-22 01:00:00",205,17.37,85.6
"2018-07-22 02:00:00",206,17.09,93.5
"2018-07-22 03:00:00",207,16.28,92.9
"2018-07-22 04:00:00",208,16.37,91.5
"2018-07-22 05:00:00",209,16.12,96.6
"2018-07-22 06:00:00",210,15.63,97.8
"2018-07-22 07:00:00",211,15.53,97.7
"2018-07-22 08:00:00",212,16.74,90.9
"2018-07-22 09:00:00",213,18.55,87.8
"2018-07-22 10:00:00",214,19.97,83.6
"2018-07-22 11:00:00",215,21.76,79.07
"2018-07-22 12:00:00",216,22.83,74.21
"2018-07-22 13:00:00",217,24.12,66.85
"2018-07-22 14:00:00",218,24.67,67.05
"2018-07-22 15:00:00",219,25.58,63.33
"2018-07-22 16:00:00",220,25.79,62.93
"2018-07-22 17:00:00",221,20.05,99.9
"2018-07-22 18:00:00",222,19.45,98.2
"2018-07-22 19:00:00",223,20.34,99
"2018-07-22 20:00:00",224,20.25,97.6
"2018-07-22 21:00:00",225,19.72,100
"2018-07-22 22:00:00",226,19.28,99.5
"2018-07-22 23:00:00",227,19.06,98.3
"2018-07-23 00:00:00",228,18.77,95.1
"2018-07-23 01:00:00",229,18.94,94.6
"2018-07-23 02:00:00",230,19.02,89.8
"2018-07-23 03:00:00",231,19.59,94.1
"2018-07-23 04:00:00",232,19.24,91.3
"2018-07-23 05:00:00",233,19.6,90.5
"2018-07-23 06:00:00",234,19.23,93.6
"2018-07-23 07:00:00",235,19.52,98.8
"2018-07-23 08:00:00",236,20.21,84.1
"2018-07-23 09:00:00",237,22.43,85.3
"2018-07-23 10:00:00",238,23.69,77.33
"2018-07-23 11:00:00",239,25.05,68.48
"2018-07-23 12:00:00",240,25.42,78.71
"2018-07-23 13:00:00",241,25.3,64.88
"2018-07-23 14:00:00",242,26.82,68.24
"2018-07-23 15:00:00",243,27.88,61.15
"2018-07-23 16:00:00",244,27.18,73.28
"2018-07-23 17:00:00",245,25.25,63.55
"2018-07-23 18:00:00",246,27.24,62.08
"2018-07-23 19:00:00",247,27.18,69.88
"2018-07-23 20:00:00",248,25.39,74.57
"2018-07-23 21:00:00",249,24.59,84.6
"2018-07-23 22:00:00",250,23.1,78.7
"2018-07-23 23:00:00",251,22.58,80.3
"2018-07-24 00:00:00",252,22.22,81.9
"2018-07-24 01:00:00",253,21.99,81.4
"2018-07-24 02:00:00",254,21.55,83.6
"2018-07-24 03:00:00",255,21.25,85.3
"2018-07-24 04:00:00",256,21,83.8
"2018-07-24 05:00:00",257,21.35,83.2
"2018-07-24 06:00:00",258,21.1,84.2
"2018-07-24 07:00:00",259,20.82,86.5
"2018-07-24 08:00:00",260,21.07,83.7
"2018-07-24 09:00:00",261,22.5,75.67
"2018-07-24 10:00:00",262,24.04,77.69
"2018-07-24 11:00:00",263,25.78,67.58
"2018-07-24 12:00:00",264,26.9,70.56
"2018-07-24 13:00:00",265,26.92,65.33
"2018-07-24 14:00:00",266,27.36,58.85
"2018-07-24 15:00:00",267,26.89,73.52
"2018-07-24 16:00:00",268,26.49,65.27
"2018-07-24 17:00:00",269,25.01,73.25
"2018-07-24 18:00:00",270,22.02,98.5
"2018-07-24 19:00:00",271,22.11,98.2
"2018-07-24 20:00:00",272,22.74,99.5
"2018-07-24 21:00:00",273,22.3,100
"2018-07-24 22:00:00",274,22,100
"2018-07-24 23:00:00",275,21.72,100
"2018-07-25 00:00:00",276,21.27,100
"2018-07-25 01:00:00",277,20.94,100
"2018-07-25 02:00:00",278,20.69,100
"2018-07-25 03:00:00",279,20.53,100
"2018-07-25 04:00:00",280,20.17,100
"2018-07-25 05:00:00",281,20.09,100
"2018-07-25 06:00:00",282,20.09,100
"2018-07-25 07:00:00",283,20.26,100
"2018-07-25 08:00:00",284,20.27,100
"2018-07-25 09:00:00",285,20.4,100
"2018-07-25 10:00:00",286,21.27,96.7
"2018-07-25 11:00:00",287,21.92,89.1
"2018-07-25 12:00:00",288,23.13,85.1
"2018-07-25 13:00:00",289,23.51,80.7
"2018-07-25 14:00:00",290,23.41,95.5
"2018-07-25 15:00:00",291,21.93,96.2
"2018-07-25 16:00:00",292,22.93,89
"2018-07-25 17:00:00",293,23.52,89.2
"2018-07-25 18:00:00",294,24.49,80.9
"2018-07-25 19:00:00",295,22.62,90.1
"2018-07-25 20:00:00",296,22.47,94.2
"2018-07-25 21:00:00",297,20.71,96.9
"2018-07-25 22:00:00",298,20.16,99.9
"2018-07-25 23:00:00",299,19.95,100
"2018-07-26 00:00:00",300,19.88,100
"2018-07-26 01:00:00",301,19.55,100
"2018-07-26 02:00:00",302,19.5,100
"2018-07-26 03:00:00",303,19.48,100
"2018-07-26 04:00:00",304,19.25,100
"2018-07-26 05:00:00",305,18.92,100
"2018-07-26 06:00:00",306,18.55,100
"2018-07-26 07:00:00",307,18.35,100
"2018-07-26 08:00:00",308,18.59,100
"2018-07-26 09:00:00",309,19.65,95
"2018-07-26 10:00:00",310,20.79,94.6
"2018-07-26 11:00:00",311,21.46,88.8
"2018-07-26 12:00:00",312,22.82,80.1
"2018-07-26 13:00:00",313,24.74,75.1
"2018-07-26 14:00:00",314,25.27,65.82
"2018-07-26 15:00:00",315,26.39,62.03
"2018-07-26 16:00:00",316,26.57,60.06
"2018-07-26 17:00:00",317,27.65,56.11
"2018-07-26 18:00:00",318,27.35,63.29
"2018-07-26 19:00:00",319,25.96,64.56
"2018-07-26 20:00:00",320,24.8,71.28
"2018-07-26 21:00:00",321,23.29,83.2
"2018-07-26 22:00:00",322,22.07,83.5
"2018-07-26 23:00:00",323,21.49,85.1
"2018-07-27 00:00:00",324,21.19,85.5
"2018-07-27 01:00:00",325,20.93,85.1
"2018-07-27 02:00:00",326,20.88,85.8
"2018-07-27 03:00:00",327,20.78,85.7
"2018-07-27 04:00:00",328,20.59,85.2
"2018-07-27 05:00:00",329,20.56,86.4
"2018-07-27 06:00:00",330,19.76,89.6
"2018-07-27 07:00:00",331,19.41,94.3
"2018-07-27 08:00:00",332,19.72,89.2
"2018-07-27 09:00:00",333,21.15,91.4
"2018-07-27 10:00:00",334,21.62,89.6
"2018-07-27 11:00:00",335,21.91,82
"2018-07-27 12:00:00",336,22.17,93.6
"2018-07-27 13:00:00",337,21.73,95.2
"2018-07-27 14:00:00",338,21.47,97.2
"2018-07-27 15:00:00",339,22.48,90.3
"2018-07-27 16:00:00",340,23.23,76.51
"2018-07-27 17:00:00",341,25.07,70.56
"2018-07-27 18:00:00",342,25.2,65.71
"2018-07-27 19:00:00",343,25.05,71.53
"2018-07-27 20:00:00",344,23.58,73.7
"2018-07-27 21:00:00",345,22.75,75.78
"2018-07-27 22:00:00",346,22.18,79.59
"2018-07-27 23:00:00",347,21.45,73.28
"2018-07-28 00:00:00",348,20.37,85.3
"2018-07-28 01:00:00",349,19.04,89.6
"2018-07-28 02:00:00",350,18.22,88.4
"2018-07-28 03:00:00",351,17.88,87.9
"2018-07-28 04:00:00",352,17.18,93.7
"2018-07-28 05:00:00",353,16.68,91.3
"2018-07-28 06:00:00",354,16.4,90.7
"2018-07-28 07:00:00",355,16.4,96.2
"2018-07-28 08:00:00",356,16.99,86.2
"2018-07-28 09:00:00",357,19.23,78.91
"2018-07-28 10:00:00",358,20.38,70.29
"2018-07-28 11:00:00",359,21.99,64.95
"2018-07-28 12:00:00",360,22.84,56.63
"2018-07-28 13:00:00",361,23.19,64.13
"2018-07-28 14:00:00",362,23.57,63.94
"2018-07-28 15:00:00",363,23.81,59.68
"2018-07-28 16:00:00",364,24.96,55.97
"2018-07-28 17:00:00",365,24.73,55.32
"2018-07-28 18:00:00",366,24.28,52.17
"2018-07-28 19:00:00",367,23.99,53.86
"2018-07-28 20:00:00",368,22.18,60.88
"2018-07-28 21:00:00",369,21.32,62.62
"2018-07-28 22:00:00",370,19.76,72.12
"2018-07-28 23:00:00",371,18.39,86.1
"2018-07-29 00:00:00",372,17.06,82.5
"2018-07-29 01:00:00",373,17.04,80.5
"2018-07-29 02:00:00",374,16.42,85.6
"2018-07-29 03:00:00",375,15.99,91.1
"2018-07-29 04:00:00",376,15.28,90.1
"2018-07-29 05:00:00",377,15.26,94.9
"2018-07-29 06:00:00",378,14.3,97.6
"2018-07-29 07:00:00",379,14.43,95.7
"2018-07-29 08:00:00",380,16.18,79.79
"2018-07-29 09:00:00",381,18.35,78.27
"2018-07-29 10:00:00",382,20.89,67.98
"2018-07-29 11:00:00",383,23.23,55.48
"2018-07-29 12:00:00",384,24.02,48.12
"2018-07-29 13:00:00",385,24.79,52.27
"2018-07-29 14:00:00",386,25.04,49.97
"2018-07-29 15:00:00",387,25.01,50.57
"2018-07-29 16:00:00",388,25.66,46.04
"2018-07-29 17:00:00",389,26.08,43.56
"2018-07-29 18:00:00",390,26.27,43.83
"2018-07-29 19:00:00",391,26.95,45.31
"2018-07-29 20:00:00",392,25.72,44.85
"2018-07-29 21:00:00",393,22.92,65.89
"2018-07-29 22:00:00",394,20.76,73.53
"2018-07-29 23:00:00",395,20.06,73.52
"2018-07-30 00:00:00",396,19.53,79.17
"2018-07-30 01:00:00",397,19.52,80.6
"2018-07-30 02:00:00",398,19.52,83.3
"2018-07-30 03:00:00",399,19.14,85.5
"2018-07-30 04:00:00",400,19.3,84.7
"2018-07-30 05:00:00",401,19.03,88.7
"2018-07-30 06:00:00",402,19.37,85.5
"2018-07-30 07:00:00",403,19.39,85.8
"2018-07-30 08:00:00",404,19.8,85.2
"2018-07-30 09:00:00",405,20.72,82.9
"2018-07-30 10:00:00",406,20.42,94
"2018-07-30 11:00:00",407,19.41,100
"2018-07-30 12:00:00",408,19.15,100
"2018-07-30 13:00:00",409,18.81,100
"2018-07-30 14:00:00",410,18.88,98.3
"2018-07-30 15:00:00",411,19.33,93.3
"2018-07-30 16:00:00",412,21.28,75.28
"2018-07-30 17:00:00",413,23.46,71.13
"2018-07-30 18:00:00",414,23.86,67.82
"2018-07-30 19:00:00",415,22.95,74.75
"2018-07-30 20:00:00",416,22.8,81.4
"2018-07-30 21:00:00",417,20.65,86.9
"2018-07-30 22:00:00",418,19.36,88.9
"2018-07-30 23:00:00",419,18.75,86.9
"2018-07-31 00:00:00",420,18.6,87
"2018-07-31 01:00:00",421,18.46,87
"2018-07-31 02:00:00",422,18.46,84.3
"2018-07-31 03:00:00",423,18.39,84.1
"2018-07-31 04:00:00",424,18.29,86.3
"2018-07-31 05:00:00",425,18.3,86.5
"2018-07-31 06:00:00",426,18.1,90
"2018-07-31 07:00:00",427,18.01,88.1
"2018-07-31 08:00:00",428,18.33,88.4
"2018-07-31 09:00:00",429,19.97,87.5
"2018-07-31 10:00:00",430,22.48,69.13
"2018-07-31 11:00:00",431,24.12,80.1
"2018-07-31 12:00:00",432,26.11,65.38
"2018-07-31 13:00:00",433,27.69,66.4
"2018-07-31 14:00:00",434,28.78,65.33
"2018-07-31 15:00:00",435,24.96,100
"2018-07-31 16:00:00",436,20.26,100
"2018-07-31 17:00:00",437,20.26,99.6
"2018-07-31 18:00:00",438,20.15,100
"2018-07-31 19:00:00",439,19.56,100
"2018-07-31 20:00:00",440,19.54,98.6
"2018-07-31 21:00:00",441,19.41,96.6
"2018-07-31 22:00:00",442,19.24,96.6
"2018-07-31 23:00:00",443,19.3,93.8
"2018-08-01 00:00:00",444,19.03,90.5
"2018-08-01 01:00:00",445,19.41,90.1
"2018-08-01 02:00:00",446,19.63,95.3
"2018-08-01 03:00:00",447,19.12,96.8
"2018-08-01 04:00:00",448,19.78,96.9
"2018-08-01 05:00:00",449,18.92,94.6
"2018-08-01 06:00:00",450,20.34,88.8
"2018-08-01 07:00:00",451,19.98,93.4
"2018-08-01 08:00:00",452,19.39,100
"2018-08-01 09:00:00",453,19.57,100
"2018-08-01 10:00:00",454,20.42,96.8
"2018-08-01 11:00:00",455,21.69,95.6
"2018-08-01 12:00:00",456,21.98,93.9
"2018-08-01 13:00:00",457,23.64,82.6
"2018-08-01 14:00:00",458,24.65,77.31
"2018-08-01 15:00:00",459,23.13,91.8
"2018-08-01 16:00:00",460,23.41,82.3
"2018-08-01 17:00:00",461,23.79,86.1
"2018-08-01 18:00:00",462,22.96,86.5
"2018-08-01 19:00:00",463,22.52,85.5
"2018-08-01 20:00:00",464,21.45,84.1
"2018-08-01 21:00:00",465,20.5,92.5
"2018-08-01 22:00:00",466,20.02,90.5
"2018-08-01 23:00:00",467,19.6,98.1
"2018-08-02 00:00:00",468,19.29,98.8
"2018-08-02 01:00:00",469,19.08,98.9
"2018-08-02 02:00:00",470,18.98,100
"2018-08-02 03:00:00",471,18.72,100
"2018-08-02 04:00:00",472,18.89,97.4
"2018-08-02 05:00:00",473,19.06,99.3
"2018-08-02 06:00:00",474,19.03,100
"2018-08-02 07:00:00",475,18.98,100
"2018-08-02 08:00:00",476,19.03,100
"2018-08-02 09:00:00",477,19.56,100
"2018-08-02 10:00:00",478,20.68,89.4
"2018-08-02 11:00:00",479,21.92,89.2
"2018-08-02 12:00:00",480,22.81,81.9
"2018-08-02 13:00:00",481,23.18,82.8
"2018-08-02 14:00:00",482,22.85,77.94
"2018-08-02 15:00:00",483,23.67,77.18
"2018-08-02 16:00:00",484,23.66,79.09
"2018-08-02 17:00:00",485,24.01,77.12
"2018-08-02 18:00:00",486,24.28,76.94
"2018-08-02 19:00:00",487,23.74,87.6
"2018-08-02 20:00:00",488,22.91,88.4
"2018-08-02 21:00:00",489,22.09,96.8
"2018-08-02 22:00:00",490,21.16,98.6
"2018-08-02 23:00:00",491,20.86,96.8
"2018-08-03 00:00:00",492,20.84,95.3
"2018-08-03 01:00:00",493,20.6,94.5
"2018-08-03 02:00:00",494,19.97,100
"2018-08-03 03:00:00",495,19.69,99.8
"2018-08-03 04:00:00",496,19.89,99.7
"2018-08-03 05:00:00",497,19.85,98.7
"2018-08-03 06:00:00",498,19.78,100
"2018-08-03 07:00:00",499,19.54,100
"2018-08-03 08:00:00",500,19.72,100
"2018-08-03 09:00:00",501,20.5,100
"2018-08-03 10:00:00",502,21.47,91
"2018-08-03 11:00:00",503,23.1,83
"2018-08-03 12:00:00",504,24.42,72.39
"2018-08-03 13:00:00",505,24.94,76.4
"2018-08-03 14:00:00",506,24.34,84.6
"2018-08-03 15:00:00",507,23.37,92.6
"2018-08-03 16:00:00",508,22.09,94.8
"2018-08-03 17:00:00",509,21.89,92.9
"2018-08-03 18:00:00",510,21.98,90.5
"2018-08-03 19:00:00",511,23.13,81.1
"2018-08-03 20:00:00",512,23.56,81.1
"2018-08-03 21:00:00",513,21.34,96.7
"2018-08-03 22:00:00",514,20.1,100
"2018-08-03 23:00:00",515,19.47,100
"2018-08-04 00:00:00",516,19.14,100
"2018-08-04 01:00:00",517,19.08,100
"2018-08-04 02:00:00",518,18.84,100
"2018-08-04 03:00:00",519,18.73,100
"2018-08-04 04:00:00",520,18.7,100
"2018-08-04 05:00:00",521,18.5,100
"2018-08-04 06:00:00",522,18.41,100
"2018-08-04 07:00:00",523,18.56,100
"2018-08-04 08:00:00",524,19.06,97.8
"2018-08-04 09:00:00",525,21.31,91.6
"2018-08-04 10:00:00",526,23.18,81
"2018-08-04 11:00:00",527,24.9,77.54
"2018-08-04 12:00:00",528,25.33,71.91
"2018-08-04 13:00:00",529,26.24,68.44
"2018-08-04 14:00:00",530,26.86,65.07
"2018-08-04 15:00:00",531,27.77,66.33
"2018-08-04 16:00:00",532,28.3,64.45
"2018-08-04 17:00:00",533,28.56,53.46
"2018-08-04 18:00:00",534,27.85,68.64
"2018-08-04 19:00:00",535,25.27,73.09
"2018-08-04 20:00:00",536,24.74,76.85
"2018-08-04 21:00:00",537,23.46,85.1
"2018-08-04 22:00:00",538,22.25,91.1
"2018-08-04 23:00:00",539,21.63,87.1
"2018-08-05 00:00:00",540,21.87,88.5
"2018-08-05 01:00:00",541,21.64,91.1
"2018-08-05 02:00:00",542,21.54,91.9
"2018-08-05 03:00:00",543,21.26,94.5
"2018-08-05 04:00:00",544,20.79,95.6
"2018-08-05 05:00:00",545,20.62,94.7
"2018-08-05 06:00:00",546,20.46,96
"2018-08-05 07:00:00",547,20.4,95
"2018-08-05 08:00:00",548,21.24,90.5
"2018-08-05 09:00:00",549,23.6,85.3
"2018-08-05 10:00:00",550,24.09,85.4
"2018-08-05 11:00:00",551,25.04,78.13
"2018-08-05 12:00:00",552,25.53,79.71
"2018-08-05 13:00:00",553,25.91,76.41
"2018-08-05 14:00:00",554,27.12,71.67
"2018-08-05 15:00:00",555,27.69,68.52
"2018-08-05 16:00:00",556,28.59,59.82
"2018-08-05 17:00:00",557,29.1,62.42
"2018-08-05 18:00:00",558,29.33,66.32
"2018-08-05 19:00:00",559,28.84,64.3
"2018-08-05 20:00:00",560,27.96,73.39
"2018-08-05 21:00:00",561,26.33,79.04
"2018-08-05 22:00:00",562,24.72,89.9
"2018-08-05 23:00:00",563,23.01,96.5
"2018-08-06 00:00:00",564,22.45,94.2
"2018-08-06 01:00:00",565,22.53,95.5
"2018-08-06 02:00:00",566,22.1,97.4
"2018-08-06 03:00:00",567,21.48,98.2
"2018-08-06 04:00:00",568,21.3,96.6
"2018-08-06 05:00:00",569,21.27,97.1
"2018-08-06 06:00:00",570,20.95,94.9
"2018-08-06 07:00:00",571,21,91.7
"2018-08-06 08:00:00",572,21.23,94.4
"2018-08-06 09:00:00",573,22.12,91.5
"2018-08-06 10:00:00",574,23.9,82.5
"2018-08-06 11:00:00",575,26.52,73.78
"2018-08-06 12:00:00",576,27.69,65.53
"2018-08-06 13:00:00",577,28.57,61.2
"2018-08-06 14:00:00",578,29.37,55.8
"2018-08-06 15:00:00",579,29.6,58.72
"2018-08-06 16:00:00",580,30.42,55.43
"2018-08-06 17:00:00",581,30.48,55.55
"2018-08-06 18:00:00",582,30.05,55.88
"2018-08-06 19:00:00",583,29.72,55.61
"2018-08-06 20:00:00",584,28.64,67.85
"2018-08-06 21:00:00",585,25.56,77.56
"2018-08-06 22:00:00",586,23.68,81.9
"2018-08-06 23:00:00",587,23.34,76.15
"2018-08-07 00:00:00",588,22.8,88.2
"2018-08-07 01:00:00",589,22.39,90.7
"2018-08-07 02:00:00",590,21.87,91.5
"2018-08-07 03:00:00",591,21.9,94
"2018-08-07 04:00:00",592,21.62,94.1
"2018-08-07 05:00:00",593,21.88,93.2
"2018-08-07 06:00:00",594,21.83,93.9
"2018-08-07 07:00:00",595,21.71,92.9
"2018-08-07 08:00:00",596,22.24,92.3
"2018-08-07 09:00:00",597,22.93,91.3
"2018-08-07 10:00:00",598,23.94,83
"2018-08-07 11:00:00",599,25.12,80.1
"2018-08-07 12:00:00",600,26.42,71.16
"2018-08-07 13:00:00",601,27.75,71.69
"2018-08-07 14:00:00",602,24.56,97.7
"2018-08-07 15:00:00",603,22.17,96.7
"2018-08-07 16:00:00",604,24.15,86.4
"2018-08-07 17:00:00",605,26.61,77.11
"2018-08-07 18:00:00",606,27.01,74.98
"2018-08-07 19:00:00",607,26.81,78.58
"2018-08-07 20:00:00",608,24.6,93.3
"2018-08-07 21:00:00",609,23.15,96.7
"2018-08-07 22:00:00",610,22.77,99.3
"2018-08-07 23:00:00",611,21.84,100
"2018-08-08 00:00:00",612,21.39,97.9
"2018-08-08 01:00:00",613,21.13,100
"2018-08-08 02:00:00",614,20.73,100
"2018-08-08 03:00:00",615,20.67,100
"2018-08-08 04:00:00",616,20.5,100
"2018-08-08 05:00:00",617,20.23,100
"2018-08-08 06:00:00",618,20.19,100
"2018-08-08 07:00:00",619,20.18,98.6
"2018-08-08 08:00:00",620,20.48,97.1
"2018-08-08 09:00:00",621,21.03,94.1
"2018-08-08 10:00:00",622,21.57,91.8
"2018-08-08 11:00:00",623,22.53,90.3
"2018-08-08 12:00:00",624,23.22,90.5
"2018-08-08 13:00:00",625,24.07,80.7
"2018-08-08 14:00:00",626,25.39,77.38
"2018-08-08 15:00:00",627,26.7,78.08
"2018-08-08 16:00:00",628,26.59,69.7
"2018-08-08 17:00:00",629,27.16,73.75
"2018-08-08 18:00:00",630,24.81,92.8
"2018-08-08 19:00:00",631,22.2,93.8
"2018-08-08 20:00:00",632,21.01,99.5
"2018-08-08 21:00:00",633,20.35,100
"2018-08-08 22:00:00",634,20.28,100
"2018-08-08 23:00:00",635,20.24,100
"2018-08-09 00:00:00",636,20.24,100
"2018-08-09 01:00:00",637,20.41,100
"2018-08-09 02:00:00",638,20.8,100
"2018-08-09 03:00:00",639,21.16,100
"2018-08-09 04:00:00",640,20.92,100
"2018-08-09 05:00:00",641,20.54,100
"2018-08-09 06:00:00",642,20.68,100
"2018-08-09 07:00:00",643,20.72,100
"2018-08-09 08:00:00",644,20.87,96.3
"2018-08-09 09:00:00",645,21.08,96.1
"2018-08-09 10:00:00",646,21.67,89.1
"2018-08-09 11:00:00",647,23.56,79.36
"2018-08-09 12:00:00",648,25.14,73.57
"2018-08-09 13:00:00",649,25.5,65.85
"2018-08-09 14:00:00",650,26.51,63
"2018-08-09 15:00:00",651,26.63,62.04
"2018-08-09 16:00:00",652,27.53,55.47
"2018-08-09 17:00:00",653,27.29,62.13
"2018-08-09 18:00:00",654,27.45,61.39
"2018-08-09 19:00:00",655,26.47,67.01
"2018-08-09 20:00:00",656,25.12,70.43
"2018-08-09 21:00:00",657,24.02,71.21
"2018-08-09 22:00:00",658,22.88,82.6
"2018-08-09 23:00:00",659,21.36,88
"2018-08-10 00:00:00",660,20.56,91.5
"2018-08-10 01:00:00",661,20.05,91.8
"2018-08-10 02:00:00",662,19.78,92
"2018-08-10 03:00:00",663,19.52,95
"2018-08-10 04:00:00",664,18.92,97
"2018-08-10 05:00:00",665,18.45,98.5
"2018-08-10 06:00:00",666,18.07,98.6
"2018-08-10 07:00:00",667,18.17,98.6
"2018-08-10 08:00:00",668,19.15,88.1
"2018-08-10 09:00:00",669,21.68,88.7
"2018-08-10 10:00:00",670,22.5,80.4
"2018-08-10 11:00:00",671,24.38,77.58
"2018-08-10 12:00:00",672,25.52,65.22
"2018-08-10 13:00:00",673,26.68,63.28
"2018-08-10 14:00:00",674,25.09,81
"2018-08-10 15:00:00",675,26.49,68.62
"2018-08-10 16:00:00",676,27.4,66.85
"2018-08-10 17:00:00",677,26.68,71.9
"2018-08-10 18:00:00",678,26.02,78.61
"2018-08-10 19:00:00",679,25.2,83.3
"2018-08-10 20:00:00",680,21.03,100
"2018-08-10 21:00:00",681,19.71,100
"2018-08-10 22:00:00",682,19.49,100
"2018-08-10 23:00:00",683,19.24,100
"2018-08-11 00:00:00",684,19.08,100
"2018-08-11 01:00:00",685,18.82,100
"2018-08-11 02:00:00",686,18.7,100
"2018-08-11 03:00:00",687,18.84,100
"2018-08-11 04:00:00",688,18.92,100
"2018-08-11 05:00:00",689,18.91,100
"2018-08-11 06:00:00",690,18.81,100
"2018-08-11 07:00:00",691,18.62,100
"2018-08-11 08:00:00",692,18.9,99.4
"2018-08-11 09:00:00",693,19.89,91.5
"2018-08-11 10:00:00",694,20.56,86.5
"2018-08-11 11:00:00",695,21.59,81.3
"2018-08-11 12:00:00",696,23.06,84.1
"2018-08-11 13:00:00",697,23.27,82.9
"2018-08-11 14:00:00",698,24.4,72.53
"2018-08-11 15:00:00",699,24.53,82.9
"2018-08-11 16:00:00",700,24.03,75.48
"2018-08-11 17:00:00",701,24.78,77.16
"2018-08-11 18:00:00",702,24.39,77.14
"2018-08-11 19:00:00",703,23.99,80.5
"2018-08-11 20:00:00",704,23.76,82.1
"2018-08-11 21:00:00",705,22.45,95.2
"2018-08-11 22:00:00",706,21.02,98.1
"2018-08-11 23:00:00",707,20.39,96.2
"2018-08-12 00:00:00",708,19.93,100
"2018-08-12 01:00:00",709,19.78,98.4
"2018-08-12 02:00:00",710,19.58,98.7
"2018-08-12 03:00:00",711,19.29,99.9
"2018-08-12 04:00:00",712,18.88,100
"2018-08-12 05:00:00",713,18.81,100
"2018-08-12 06:00:00",714,18.88,100
"2018-08-12 07:00:00",715,18.79,100
"2018-08-12 08:00:00",716,18.77,100
"2018-08-12 09:00:00",717,18.85,100
"2018-08-12 10:00:00",718,19.06,100
"2018-08-12 11:00:00",719,19.67,99.6
"2018-08-12 12:00:00",720,21.29,84.7
"2018-08-12 13:00:00",721,23.42,68.79
"2018-08-12 14:00:00",722,25.32,66.75
"2018-08-12 15:00:00",723,26.16,59.04
"2018-08-12 16:00:00",724,26.75,58.39
"2018-08-12 17:00:00",725,26.79,54.84
"2018-08-12 18:00:00",726,27,54.75
"2018-08-12 19:00:00",727,26.47,61.79
"2018-08-12 20:00:00",728,24.3,66.88
"2018-08-12 21:00:00",729,21.97,69.12
"2018-08-12 22:00:00",730,20.97,79.63
"2018-08-12 23:00:00",731,19.97,85.9
"2018-08-13 00:00:00",732,19.42,83.3
"2018-08-13 01:00:00",733,19.21,90.2
"2018-08-13 02:00:00",734,18.16,94.6
"2018-08-13 03:00:00",735,17.44,97.3
"2018-08-13 04:00:00",736,16.91,100
"2018-08-13 05:00:00",737,16.62,100
"2018-08-13 06:00:00",738,16.19,99.7
"2018-08-13 07:00:00",739,15.8,100
"2018-08-13 08:00:00",740,16.44,94.1
"2018-08-13 09:00:00",741,18.87,86.8
"2018-08-13 10:00:00",742,21.45,69.28
"2018-08-13 11:00:00",743,23.23,66.33
"2018-08-13 12:00:00",744,24.9,59.57
"2018-08-13 13:00:00",745,25.56,60.15
"2018-08-13 14:00:00",746,26.55,50.19
"2018-08-13 15:00:00",747,27.17,48.97
"2018-08-13 16:00:00",748,21.49,99.2
"2018-08-13 17:00:00",749,16.25,100
"2018-08-13 18:00:00",750,16.3,100
"2018-08-13 19:00:00",751,16.26,100
"2018-08-13 20:00:00",752,16.48,99.8
"2018-08-13 21:00:00",753,15.94,100
"2018-08-13 22:00:00",754,15.61,100
"2018-08-13 23:00:00",755,15.3,100
"2018-08-14 00:00:00",756,15.31,100
"2018-08-14 01:00:00",757,15.37,100
"2018-08-14 02:00:00",758,15.22,100
"2018-08-14 03:00:00",759,15.25,100
"2018-08-14 04:00:00",760,15.33,100
"2018-08-14 05:00:00",761,15.03,100
"2018-08-14 06:00:00",762,14.96,100
"2018-08-14 07:00:00",763,15.12,100
"2018-08-14 08:00:00",764,15.35,100
"2018-08-14 09:00:00",765,16.91,98
"2018-08-14 10:00:00",766,17.88,93.2
"2018-08-14 11:00:00",767,18.89,88.9
"2018-08-14 12:00:00",768,21.52,72.53
"2018-08-14 13:00:00",769,23.05,74.47
"2018-08-14 14:00:00",770,22.89,81.9
"2018-08-14 15:00:00",771,20.03,97.6
"2018-08-14 16:00:00",772,21.43,80.7
"2018-08-14 17:00:00",773,23.69,77.39
"2018-08-14 18:00:00",774,25.13,70.49
"2018-08-14 19:00:00",775,24.4,86.1
"2018-08-14 20:00:00",776,22.07,85.3
"2018-08-14 21:00:00",777,20.74,91.8
"2018-08-14 22:00:00",778,20.12,91
"2018-08-14 23:00:00",779,19.51,96.7
"2018-08-15 00:00:00",780,19.03,93.2
"2018-08-15 01:00:00",781,18.98,96.3
"2018-08-15 02:00:00",782,18.73,98.9
"2018-08-15 03:00:00",783,18.27,99.2
"2018-08-15 04:00:00",784,18.11,97.8
"2018-08-15 05:00:00",785,18.1,98.1
"2018-08-15 06:00:00",786,17.71,100
"2018-08-15 07:00:00",787,17.49,99.6
"2018-08-15 08:00:00",788,17.9,96
"2018-08-15 09:00:00",789,19.9,85.1
"2018-08-15 10:00:00",790,21.59,84.3
"2018-08-15 11:00:00",791,23.72,76.92
"2018-08-15 12:00:00",792,24.49,76.93
"2018-08-15 13:00:00",793,25.27,72.67
"2018-08-15 14:00:00",794,26.05,69.33
"2018-08-15 15:00:00",795,26.57,65.33
"2018-08-15 16:00:00",796,27.03,60.86
"2018-08-15 17:00:00",797,27.43,58.19
"2018-08-15 18:00:00",798,27.28,64.13
"2018-08-15 19:00:00",799,26.33,68.43
"2018-08-15 20:00:00",800,24.93,86
"2018-08-15 21:00:00",801,22.98,90.2
"2018-08-15 22:00:00",802,21.84,94.1
"2018-08-15 23:00:00",803,21.28,89.4
"2018-08-16 00:00:00",804,21.01,89.4
"2018-08-16 01:00:00",805,21.47,88
"2018-08-16 02:00:00",806,21.15,90.3
"2018-08-16 03:00:00",807,21.07,88.3
"2018-08-16 04:00:00",808,20.93,88.9
"2018-08-16 05:00:00",809,20.53,90.8
"2018-08-16 06:00:00",810,20.17,91.2
"2018-08-16 07:00:00",811,19.55,92
"2018-08-16 08:00:00",812,20.25,89.1
"2018-08-16 09:00:00",813,21.62,86.3
"2018-08-16 10:00:00",814,24.07,80.5
"2018-08-16 11:00:00",815,25.32,71.07
"2018-08-16 12:00:00",816,27.53,63.72
"2018-08-16 13:00:00",817,28.6,57.29
"2018-08-16 14:00:00",818,29.25,57.34
"2018-08-16 15:00:00",819,29.06,65.78
"2018-08-16 16:00:00",820,29.35,61.2
"2018-08-16 17:00:00",821,23.64,92.1
"2018-08-16 18:00:00",822,20.36,100
"2018-08-16 19:00:00",823,20.7,99.7
"2018-08-16 20:00:00",824,20.5,100
"2018-08-16 21:00:00",825,19.71,97.6
"2018-08-16 22:00:00",826,19.75,95.4
"2018-08-16 23:00:00",827,20.31,92.2
"2018-08-17 00:00:00",828,21.02,86.6
"2018-08-17 01:00:00",829,21.11,86.5
"2018-08-17 02:00:00",830,21,89.6
"2018-08-17 03:00:00",831,20.9,85.8
"2018-08-17 04:00:00",832,21.04,88.8
"2018-08-17 05:00:00",833,21.32,85.4
"2018-08-17 06:00:00",834,21.38,83.8
"2018-08-17 07:00:00",835,21.39,83.5
"2018-08-17 08:00:00",836,21.88,84.4
"2018-08-17 09:00:00",837,22.16,83.3
"2018-08-17 10:00:00",838,24.25,82.3
"2018-08-17 11:00:00",839,24.3,82.1
"2018-08-17 12:00:00",840,24.45,79.32
"2018-08-17 13:00:00",841,24.75,83.5
"2018-08-17 14:00:00",842,25.38,75.69
"2018-08-17 15:00:00",843,26.38,73.46
"2018-08-17 16:00:00",844,26.31,76.03
"2018-08-17 17:00:00",845,26.55,75.29
"2018-08-17 18:00:00",846,26.05,80.4
"2018-08-17 19:00:00",847,25.64,81.9
"2018-08-17 20:00:00",848,24.89,82.1
"2018-08-17 21:00:00",849,24.1,80.4
"2018-08-17 22:00:00",850,22.85,89.8
"2018-08-17 23:00:00",851,21.09,100
"2018-08-18 00:00:00",852,20.3,100
"2018-08-18 01:00:00",853,20.48,100
"2018-08-18 02:00:00",854,21.02,100
"2018-08-18 03:00:00",855,21.41,100
"2018-08-18 04:00:00",856,21.39,100
"2018-08-18 05:00:00",857,21.36,100
"2018-08-18 06:00:00",858,21.35,99.4
"2018-08-18 07:00:00",859,21.35,100
"2018-08-18 08:00:00",860,21.36,98.6
"2018-08-18 09:00:00",861,22.25,96.3
"2018-08-18 10:00:00",862,22.66,86.3
"2018-08-18 11:00:00",863,24.14,87.3
"2018-08-18 12:00:00",864,22.86,94.6
"2018-08-18 13:00:00",865,21.77,94.1
"2018-08-18 14:00:00",866,22.11,94.6
"2018-08-18 15:00:00",867,22.29,87
"2018-08-18 16:00:00",868,23.13,95.1
"2018-08-18 17:00:00",869,22.84,93
"2018-08-18 18:00:00",870,22.29,89.5
"2018-08-18 19:00:00",871,22.09,93.9
"2018-08-18 20:00:00",872,21.79,99.2
"2018-08-18 21:00:00",873,21.1,100
"2018-08-18 22:00:00",874,20.81,100
"2018-08-18 23:00:00",875,20.83,100
"2018-08-19 00:00:00",876,20.42,100
"2018-08-19 01:00:00",877,20.16,100
"2018-08-19 02:00:00",878,20.13,100
"2018-08-19 03:00:00",879,19.99,100
"2018-08-19 04:00:00",880,20.04,100
"2018-08-19 05:00:00",881,20.06,100
"2018-08-19 06:00:00",882,20,100
"2018-08-19 07:00:00",883,19.83,100
"2018-08-19 08:00:00",884,19.52,100
"2018-08-19 09:00:00",885,18.91,100
"2018-08-19 10:00:00",886,19.01,100
"2018-08-19 11:00:00",887,19.31,99.3
"2018-08-19 12:00:00",888,20.08,90.6
"2018-08-19 13:00:00",889,20.97,89.2
"2018-08-19 14:00:00",890,21.48,87.1
"2018-08-19 15:00:00",891,22.95,73.73
"2018-08-19 16:00:00",892,24.57,67.18
"2018-08-19 17:00:00",893,24.87,67.38
"2018-08-19 18:00:00",894,24.47,69.47
"2018-08-19 19:00:00",895,23.72,72.56
"2018-08-19 20:00:00",896,22.08,81.1
"2018-08-19 21:00:00",897,20.35,86.4
"2018-08-19 22:00:00",898,19.59,93.7
"2018-08-19 23:00:00",899,19.37,87.5
"2018-08-20 00:00:00",900,19.24,94.3
"2018-08-20 01:00:00",901,18.58,90.8
"2018-08-20 02:00:00",902,18.72,85.9
"2018-08-20 03:00:00",903,18.86,87.1
"2018-08-20 04:00:00",904,19.03,88.2
"2018-08-20 05:00:00",905,18.74,89.9
"2018-08-20 06:00:00",906,18.77,88.7
"2018-08-20 07:00:00",907,19.02,89.6
"2018-08-20 08:00:00",908,19.51,89.5
"2018-08-20 09:00:00",909,21.11,82.5
"2018-08-20 10:00:00",910,23.54,80.6
"2018-08-20 11:00:00",911,25.15,70.72
"2018-08-20 12:00:00",912,26.25,59.97
"2018-08-20 13:00:00",913,27.6,60.33
"2018-08-20 14:00:00",914,28.37,63.3
"2018-08-20 15:00:00",915,28.34,69.26
"2018-08-20 16:00:00",916,28.29,65.31
"2018-08-20 17:00:00",917,28.42,63.88
"2018-08-20 18:00:00",918,27.19,73.1
"2018-08-20 19:00:00",919,24.52,81.8
"2018-08-20 20:00:00",920,23.33,84.3
"2018-08-20 21:00:00",921,22.51,87.2
"2018-08-20 22:00:00",922,22.27,85.6
"2018-08-20 23:00:00",923,21.96,86.8
"2018-08-21 00:00:00",924,21.67,85.6
"2018-08-21 01:00:00",925,21.63,85.3
"2018-08-21 02:00:00",926,21.49,86.2
"2018-08-21 03:00:00",927,21.54,84.4
"2018-08-21 04:00:00",928,21.65,82.2
"2018-08-21 05:00:00",929,21.78,82.3
"2018-08-21 06:00:00",930,21.77,82.6
"2018-08-21 07:00:00",931,21.85,84.3
"2018-08-21 08:00:00",932,22.49,76.47
"2018-08-21 09:00:00",933,23.71,77.37
"2018-08-21 10:00:00",934,23.87,77.6
"2018-08-21 11:00:00",935,25.53,80.5
"2018-08-21 12:00:00",936,26.94,78.74
"2018-08-21 13:00:00",937,25.65,81.2
"2018-08-21 14:00:00",938,25.3,79.72
"2018-08-21 15:00:00",939,22.86,90
"2018-08-21 16:00:00",940,23.29,83.1
"2018-08-21 17:00:00",941,25.29,82.4
"2018-08-21 18:00:00",942,24.14,92.3
"2018-08-21 19:00:00",943,23.02,96.2
"2018-08-21 20:00:00",944,21.9,96.3
"2018-08-21 21:00:00",945,20.91,98.5
"2018-08-21 22:00:00",946,20.42,99.8
"2018-08-21 23:00:00",947,20.34,98.5
"2018-08-22 00:00:00",948,20.47,99.1
"2018-08-22 01:00:00",949,20.44,98.5
"2018-08-22 02:00:00",950,20.37,98.9
"2018-08-22 03:00:00",951,20.37,99.5
"2018-08-22 04:00:00",952,20.31,99.8
"2018-08-22 05:00:00",953,20.04,100
"2018-08-22 06:00:00",954,19.86,99.9
"2018-08-22 07:00:00",955,19.38,100
"2018-08-22 08:00:00",956,19.09,99
"2018-08-22 09:00:00",957,19.17,89.3
"2018-08-22 10:00:00",958,20.09,84.8
"2018-08-22 11:00:00",959,21.25,81.4
"2018-08-22 12:00:00",960,21.79,78.45
"2018-08-22 13:00:00",961,21.7,81.2
"2018-08-22 14:00:00",962,21.58,74.6
"2018-08-22 15:00:00",963,22.46,68
"2018-08-22 16:00:00",964,22.75,61.13
"2018-08-22 17:00:00",965,22.8,70.46
"2018-08-22 18:00:00",966,21.67,65.82
"2018-08-22 19:00:00",967,20.72,62.58
"2018-08-22 20:00:00",968,19.28,71.15
"2018-08-22 21:00:00",969,17.34,74.49
"2018-08-22 22:00:00",970,16.81,82.5
"2018-08-22 23:00:00",971,16.39,84
"2018-08-23 00:00:00",972,15.72,83.5
"2018-08-23 01:00:00",973,15.19,89.5
"2018-08-23 02:00:00",974,14.5,90.8
"2018-08-23 03:00:00",975,14.14,95.5
"2018-08-23 04:00:00",976,13.38,98.5
"2018-08-23 05:00:00",977,12.95,99.8
"2018-08-23 06:00:00",978,12.48,100
"2018-08-23 07:00:00",979,12.1,100
"2018-08-23 08:00:00",980,12.59,96
"2018-08-23 09:00:00",981,14.58,87.5
"2018-08-23 10:00:00",982,16.62,79.64
"2018-08-23 11:00:00",983,18.42,62.36
"2018-08-23 12:00:00",984,20.05,52.22
"2018-08-23 13:00:00",985,20.99,55.49
"2018-08-23 14:00:00",986,21.54,51.98
"2018-08-23 15:00:00",987,21.8,52.34
"2018-08-23 16:00:00",988,22.71,49.67
"2018-08-23 17:00:00",989,23.17,42.78
"2018-08-23 18:00:00",990,23.14,47.14
"2018-08-23 19:00:00",991,22.95,56.46
"2018-08-23 20:00:00",992,21.61,53.87
"2018-08-23 21:00:00",993,18.95,72.79
"2018-08-23 22:00:00",994,16.65,83.5
"2018-08-23 23:00:00",995,16.02,76.48
"2018-08-24 00:00:00",996,15.98,76.23
"2018-08-24 01:00:00",997,15.71,81.4
"2018-08-24 02:00:00",998,14.84,87.1
"2018-08-24 03:00:00",999,14.61,88.3
"2018-08-24 04:00:00",1000,14.39,91.9
"2018-08-24 05:00:00",1001,13.18,95.2
"2018-08-24 06:00:00",1002,12.96,91.9
"2018-08-24 07:00:00",1003,13.05,92.9
"2018-08-24 08:00:00",1004,13.59,84.1
"2018-08-24 09:00:00",1005,16.4,72.86
"2018-08-24 10:00:00",1006,19.51,58.45
"2018-08-24 11:00:00",1007,22.12,57.5
"2018-08-24 12:00:00",1008,23.5,49.76
"2018-08-24 13:00:00",1009,24.52,52.57
"2018-08-24 14:00:00",1010,24.71,45.49
"2018-08-24 15:00:00",1011,25.29,49.57
"2018-08-24 16:00:00",1012,25.92,42.88
"2018-08-24 17:00:00",1013,26.05,44.31
"2018-08-24 18:00:00",1014,25.89,47.92
"2018-08-24 19:00:00",1015,24.6,49
"2018-08-24 20:00:00",1016,22.83,68.2
"2018-08-24 21:00:00",1017,20.22,81
"2018-08-24 22:00:00",1018,19.16,71.15
"2018-08-24 23:00:00",1019,18.45,78.56
"2018-08-25 00:00:00",1020,18.03,67.77
"2018-08-25 01:00:00",1021,18.83,71.62
"2018-08-25 02:00:00",1022,18.12,68.7
"2018-08-25 03:00:00",1023,18.09,70.16
"2018-08-25 04:00:00",1024,17.68,72.17
"2018-08-25 05:00:00",1025,17.01,74.79
"2018-08-25 06:00:00",1026,16.49,77.96
"2018-08-25 07:00:00",1027,16.33,80.2
"2018-08-25 08:00:00",1028,16.52,78.76
"2018-08-25 09:00:00",1029,17.19,78.61
"2018-08-25 10:00:00",1030,19.22,66.32
"2018-08-25 11:00:00",1031,21.57,64.35
"2018-08-25 12:00:00",1032,21.85,65.7
"2018-08-25 13:00:00",1033,23.21,60.93
"2018-08-25 14:00:00",1034,23.43,64.21
"2018-08-25 15:00:00",1035,24.49,63.45
"2018-08-25 16:00:00",1036,23.15,69.96
"2018-08-25 17:00:00",1037,22.74,73.01
"2018-08-25 18:00:00",1038,22.87,73.13
"2018-08-25 19:00:00",1039,22.59,72.15
"2018-08-25 20:00:00",1040,21.67,77.11
"2018-08-25 21:00:00",1041,20.6,78.34
"2018-08-25 22:00:00",1042,20.26,80
"2018-08-25 23:00:00",1043,19.72,83
"2018-08-26 00:00:00",1044,19.6,80.5
"2018-08-26 01:00:00",1045,19.88,80.4
"2018-08-26 02:00:00",1046,20.1,83.4
"2018-08-26 03:00:00",1047,19.84,79.46
"2018-08-26 04:00:00",1048,19.8,80.6
"2018-08-26 05:00:00",1049,19.45,80
"2018-08-26 06:00:00",1050,19.53,79.9
"2018-08-26 07:00:00",1051,18.99,98.3
"2018-08-26 08:00:00",1052,18.21,96.6
"2018-08-26 09:00:00",1053,19.26,94.2
"2018-08-26 10:00:00",1054,20.04,89.3
"2018-08-26 11:00:00",1055,21.5,81.1
"2018-08-26 12:00:00",1056,22.03,89
"2018-08-26 13:00:00",1057,22.38,88.7
"2018-08-26 14:00:00",1058,23.51,82.4
"2018-08-26 15:00:00",1059,23.7,87.7
"2018-08-26 16:00:00",1060,23.87,87
"2018-08-26 17:00:00",1061,23.89,86.6
"2018-08-26 18:00:00",1062,24.48,86.2
"2018-08-26 19:00:00",1063,24.39,90.2
"2018-08-26 20:00:00",1064,23.1,96.2
"2018-08-26 21:00:00",1065,22.47,97.8
"2018-08-26 22:00:00",1066,22.17,98.2
"2018-08-26 23:00:00",1067,22.1,98.4
"2018-08-27 00:00:00",1068,22.22,97.8
"2018-08-27 01:00:00",1069,22.36,95.4
"2018-08-27 02:00:00",1070,22.05,99.6
"2018-08-27 03:00:00",1071,21.92,96.6
"2018-08-27 04:00:00",1072,22.25,96.7
"2018-08-27 05:00:00",1073,22.07,97.8
"2018-08-27 06:00:00",1074,21.71,99.5
"2018-08-27 07:00:00",1075,21.56,100
"2018-08-27 08:00:00",1076,21.68,96.6
"2018-08-27 09:00:00",1077,22.92,95
"2018-08-27 10:00:00",1078,23.83,88.5
"2018-08-27 11:00:00",1079,25.69,78.79
"2018-08-27 12:00:00",1080,27.35,76.16
"2018-08-27 13:00:00",1081,28.41,73.66
"2018-08-27 14:00:00",1082,29.48,62.01
"2018-08-27 15:00:00",1083,28.72,71.57
"2018-08-27 16:00:00",1084,30.1,58.16
"2018-08-27 17:00:00",1085,28.4,76.7
"2018-08-27 18:00:00",1086,24.15,80.9
"2018-08-27 19:00:00",1087,24.97,81.8
"2018-08-27 20:00:00",1088,24.61,90
"2018-08-27 21:00:00",1089,23.39,91.2
"2018-08-27 22:00:00",1090,22.73,90
"2018-08-27 23:00:00",1091,22.26,90.2
"2018-08-28 00:00:00",1092,22.6,88.9
"2018-08-28 01:00:00",1093,22.41,94.4
"2018-08-28 02:00:00",1094,22.24,96.2
"2018-08-28 03:00:00",1095,22.21,95.9
"2018-08-28 04:00:00",1096,22.01,95.8
"2018-08-28 05:00:00",1097,21.92,96.4
"2018-08-28 06:00:00",1098,21.79,94.5
"2018-08-28 07:00:00",1099,21.74,96.1
"2018-08-28 08:00:00",1100,22.25,85.5
"2018-08-28 09:00:00",1101,24.14,83.5
"2018-08-28 10:00:00",1102,26.1,75.96
"2018-08-28 11:00:00",1103,27.44,70.65
"2018-08-28 12:00:00",1104,28.13,68.2
"2018-08-28 13:00:00",1105,28.8,62.32
"2018-08-28 14:00:00",1106,29.02,66.13
"2018-08-28 15:00:00",1107,29.85,58.71
"2018-08-28 16:00:00",1108,30.31,58.82
"2018-08-28 17:00:00",1109,30.68,57.96
"2018-08-28 18:00:00",1110,30.34,58.85
"2018-08-28 19:00:00",1111,29.42,63.39
"2018-08-28 20:00:00",1112,27.11,78.89
"2018-08-28 21:00:00",1113,25.18,80.5
"2018-08-28 22:00:00",1114,24.46,85.5
"2018-08-28 23:00:00",1115,23.36,89.1
"2018-08-29 00:00:00",1116,23.06,92.5
"2018-08-29 01:00:00",1117,22.85,93.4
"2018-08-29 02:00:00",1118,22.63,92.1
"2018-08-29 03:00:00",1119,22.74,92.6
"2018-08-29 04:00:00",1120,22.43,95.7
"2018-08-29 05:00:00",1121,22.02,94
"2018-08-29 06:00:00",1122,21.82,92.6
"2018-08-29 07:00:00",1123,21.53,95
"2018-08-29 08:00:00",1124,22.14,85.7
"2018-08-29 09:00:00",1125,24.26,79.94
"2018-08-29 10:00:00",1126,25.95,70.25
"2018-08-29 11:00:00",1127,27.33,69.55
"2018-08-29 12:00:00",1128,28.25,71.05
"2018-08-29 13:00:00",1129,29.29,59.2
"2018-08-29 14:00:00",1130,29.8,56.92
"2018-08-29 15:00:00",1131,30.36,62.98
"2018-08-29 16:00:00",1132,26.61,84
"2018-08-29 17:00:00",1133,26.76,70
"2018-08-29 18:00:00",1134,28.51,74.48
"2018-08-29 19:00:00",1135,28.26,69.65
"2018-08-29 20:00:00",1136,26.58,78.24
"2018-08-29 21:00:00",1137,24.76,82.9
"2018-08-29 22:00:00",1138,24.34,81.6
"2018-08-29 23:00:00",1139,22.79,98
"2018-08-30 00:00:00",1140,21.32,100
"2018-08-30 01:00:00",1141,20.78,100
"2018-08-30 02:00:00",1142,20.4,100
"2018-08-30 03:00:00",1143,20.31,100
"2018-08-30 04:00:00",1144,20.37,100
"2018-08-30 05:00:00",1145,20.47,100
"2018-08-30 06:00:00",1146,20.41,100
"2018-08-30 07:00:00",1147,20.49,100
"2018-08-30 08:00:00",1148,20.79,100
"2018-08-30 09:00:00",1149,20.96,99.1
"2018-08-30 10:00:00",1150,22.21,88.1
"2018-08-30 11:00:00",1151,23.8,75.45
"2018-08-30 12:00:00",1152,25.03,71.93
"2018-08-30 13:00:00",1153,25.88,64.23
"2018-08-30 14:00:00",1154,26.69,58.64
"2018-08-30 15:00:00",1155,27.31,65.71
"2018-08-30 16:00:00",1156,27.34,63.99
"2018-08-30 17:00:00",1157,27.26,75.65
"2018-08-30 18:00:00",1158,25.76,76.31
"2018-08-30 19:00:00",1159,24.71,87.6
"2018-08-30 20:00:00",1160,23.81,81.3
"2018-08-30 21:00:00",1161,23.46,87.7
"2018-08-30 22:00:00",1162,22.9,95.6
"2018-08-30 23:00:00",1163,22.09,90.4
"2018-08-31 00:00:00",1164,21.76,100
"2018-08-31 01:00:00",1165,21.34,97.3
"2018-08-31 02:00:00",1166,20.52,96.3
"2018-08-31 03:00:00",1167,20.21,100
"2018-08-31 04:00:00",1168,19.59,100
"2018-08-31 05:00:00",1169,19.72,100
"2018-08-31 06:00:00",1170,20.16,100
"2018-08-31 07:00:00",1171,20.28,100
"2018-08-31 08:00:00",1172,20.53,100
"2018-08-31 09:00:00",1173,21,100
"2018-08-31 10:00:00",1174,21.44,95.6
"2018-08-31 11:00:00",1175,23.19,82.1
"2018-08-31 12:00:00",1176,24.72,74.38
"2018-08-31 13:00:00",1177,26.33,73.53
"2018-08-31 14:00:00",1178,26.96,68.56
"2018-08-31 15:00:00",1179,27.87,60.56
"2018-08-31 16:00:00",1180,28.72,56.04
"2018-08-31 17:00:00",1181,28.75,57.8
"2018-08-31 18:00:00",1182,29.05,57.71
"2018-08-31 19:00:00",1183,28.75,60.72
"2018-08-31 20:00:00",1184,26.52,80.2
"2018-08-31 21:00:00",1185,23.36,87.7
"2018-08-31 22:00:00",1186,22.61,89.4
"2018-08-31 23:00:00",1187,21.43,91.5
"2018-09-01 00:00:00",1188,21.11,90.2
"2018-09-01 01:00:00",1189,20.74,90.7
"2018-09-01 02:00:00",1190,20.34,93.1
"2018-09-01 03:00:00",1191,20.04,92.3
"2018-09-01 04:00:00",1192,20.02,91.2
"2018-09-01 05:00:00",1193,19.88,91.2
"2018-09-01 06:00:00",1194,19.73,95.3
"2018-09-01 07:00:00",1195,18.96,99.7
"2018-09-01 08:00:00",1196,19.49,88.3
"2018-09-01 09:00:00",1197,22.42,76.07
"2018-09-01 10:00:00",1198,25.13,69.62
"2018-09-01 11:00:00",1199,26.57,70.2
"2018-09-01 12:00:00",1200,25.81,78.36
"2018-09-01 13:00:00",1201,26.81,61.33
"2018-09-01 14:00:00",1202,28.42,58.58
"2018-09-01 15:00:00",1203,28.91,59.85
"2018-09-01 16:00:00",1204,27.86,81.9
"2018-09-01 17:00:00",1205,23.65,93.5
"2018-09-01 18:00:00",1206,24.73,84.1
"2018-09-01 19:00:00",1207,24.35,84.5
"2018-09-01 20:00:00",1208,23.04,91.9
"2018-09-01 21:00:00",1209,21.84,90.9
"2018-09-01 22:00:00",1210,21.66,91.3
"2018-09-01 23:00:00",1211,21.4,91.3
"2018-09-02 00:00:00",1212,21.22,92.3
"2018-09-02 01:00:00",1213,20.78,93.8
"2018-09-02 02:00:00",1214,20.26,97.2
"2018-09-02 03:00:00",1215,19.8,94.2
"2018-09-02 04:00:00",1216,19.93,95
"2018-09-02 05:00:00",1217,19.7,89.3
"2018-09-02 06:00:00",1218,20.05,90.6
"2018-09-02 07:00:00",1219,19.57,95.1
"2018-09-02 08:00:00",1220,20.11,84.7
"2018-09-02 09:00:00",1221,23.19,75.24
"2018-09-02 10:00:00",1222,25.35,66.41
"2018-09-02 11:00:00",1223,26.62,67.85
"2018-09-02 12:00:00",1224,27.49,60.66
"2018-09-02 13:00:00",1225,28.44,58.4
"2018-09-02 14:00:00",1226,29.1,52.66
"2018-09-02 15:00:00",1227,29.51,59.06
"2018-09-02 16:00:00",1228,30.19,52.79
"2018-09-02 17:00:00",1229,29.7,54.43
"2018-09-02 18:00:00",1230,30.44,54.19
"2018-09-02 19:00:00",1231,30.2,56
"2018-09-02 20:00:00",1232,28.46,78.67
"2018-09-02 21:00:00",1233,24.99,81
"2018-09-02 22:00:00",1234,24.16,81.1
"2018-09-02 23:00:00",1235,23.54,83.8
"2018-09-03 00:00:00",1236,23.63,84.7
"2018-09-03 01:00:00",1237,22.68,86.7
"2018-09-03 02:00:00",1238,22.46,87.1
"2018-09-03 03:00:00",1239,22.4,89.6
"2018-09-03 04:00:00",1240,21.88,88.7
"2018-09-03 05:00:00",1241,21.7,91.9
"2018-09-03 06:00:00",1242,21.47,89.3
"2018-09-03 07:00:00",1243,21.52,88.3
"2018-09-03 08:00:00",1244,21.89,85.9
"2018-09-03 09:00:00",1245,24.24,75.16
"2018-09-03 10:00:00",1246,26.87,67.32
"2018-09-03 11:00:00",1247,27.87,63.58
"2018-09-03 12:00:00",1248,28.75,66.41
"2018-09-03 13:00:00",1249,29.52,59.83
"2018-09-03 14:00:00",1250,30.41,56.24
"2018-09-03 15:00:00",1251,31.14,57.29
"2018-09-03 16:00:00",1252,31.54,49.31
"2018-09-03 17:00:00",1253,31.59,55.47
"2018-09-03 18:00:00",1254,31.35,52.67
"2018-09-03 19:00:00",1255,31.1,52.93
"2018-09-03 20:00:00",1256,29.3,75.35
"2018-09-03 21:00:00",1257,25.99,84.4
"2018-09-03 22:00:00",1258,24.74,80
"2018-09-03 23:00:00",1259,24.17,83.2
"2018-09-04 00:00:00",1260,23.75,81.2
"2018-09-04 01:00:00",1261,23.75,90.1
"2018-09-04 02:00:00",1262,22.42,91.4
"2018-09-04 03:00:00",1263,22.21,88.8
"2018-09-04 04:00:00",1264,21.78,91.8
"2018-09-04 05:00:00",1265,21.41,97.5
"2018-09-04 06:00:00",1266,20.69,98.7
"2018-09-04 07:00:00",1267,20.54,99.1
"2018-09-04 08:00:00",1268,20.75,96.4
"2018-09-04 09:00:00",1269,23.78,77.37
"2018-09-04 10:00:00",1270,26.72,68.44
"2018-09-04 11:00:00",1271,28.07,66.24
"2018-09-04 12:00:00",1272,29.72,61.62
"2018-09-04 13:00:00",1273,30.75,58.52
"2018-09-04 14:00:00",1274,31.39,60.71
"2018-09-04 15:00:00",1275,31.36,47.24
"2018-09-04 16:00:00",1276,32.04,49.75
"2018-09-04 17:00:00",1277,32.63,55.9
"2018-09-04 18:00:00",1278,31.28,56.62
"2018-09-04 19:00:00",1279,31,61.28
"2018-09-04 20:00:00",1280,27.41,71.63
"2018-09-04 21:00:00",1281,25.21,74.17
"2018-09-04 22:00:00",1282,24.71,77.67
"2018-09-04 23:00:00",1283,23.7,80.6
"2018-09-05 00:00:00",1284,23.41,79.47
"2018-09-05 01:00:00",1285,22.99,83.3
"2018-09-05 02:00:00",1286,22.82,84.6
"2018-09-05 03:00:00",1287,22.73,85.2
"2018-09-05 04:00:00",1288,21.67,98
"2018-09-05 05:00:00",1289,20.91,97.8
"2018-09-05 06:00:00",1290,21.18,91.3
"2018-09-05 07:00:00",1291,21.4,93.2
"2018-09-05 08:00:00",1292,21.62,84.5
"2018-09-05 09:00:00",1293,24.23,77.8
"2018-09-05 10:00:00",1294,26.84,68.01
"2018-09-05 11:00:00",1295,28.75,62.74
"2018-09-05 12:00:00",1296,30.05,57.2
"2018-09-05 13:00:00",1297,30.44,52.09
"2018-09-05 14:00:00",1298,30.94,54.31
"2018-09-05 15:00:00",1299,31.5,58.01
"2018-09-05 16:00:00",1300,31.85,50.23
"2018-09-05 17:00:00",1301,31.87,51.61
"2018-09-05 18:00:00",1302,31.07,56.75
"2018-09-05 19:00:00",1303,30.28,60.48
"2018-09-05 20:00:00",1304,28.33,68
"2018-09-05 21:00:00",1305,26.03,81.4
"2018-09-05 22:00:00",1306,25,83
"2018-09-05 23:00:00",1307,24.56,80.4
"2018-09-06 00:00:00",1308,24.27,82.4
"2018-09-06 01:00:00",1309,23.49,87.1
"2018-09-06 02:00:00",1310,23.05,91
"2018-09-06 03:00:00",1311,22.83,91.9
"2018-09-06 04:00:00",1312,22.39,92.9
"2018-09-06 05:00:00",1313,22.11,92.9
"2018-09-06 06:00:00",1314,22.02,90.6
"2018-09-06 07:00:00",1315,21.77,89.4
"2018-09-06 08:00:00",1316,22.11,84.4
"2018-09-06 09:00:00",1317,24.18,77.52
"2018-09-06 10:00:00",1318,26.04,76.92
"2018-09-06 11:00:00",1319,25.54,81.7
"2018-09-06 12:00:00",1320,27.92,67.48
"2018-09-06 13:00:00",1321,28.71,65.02
"2018-09-06 14:00:00",1322,30.16,57.91
"2018-09-06 15:00:00",1323,28.33,74
"2018-09-06 16:00:00",1324,24.03,96.5
"2018-09-06 17:00:00",1325,21.63,93.7
"2018-09-06 18:00:00",1326,21.67,96.2
"2018-09-06 19:00:00",1327,21.9,95.5
"2018-09-06 20:00:00",1328,21.68,100
"2018-09-06 21:00:00",1329,20.86,100
"2018-09-06 22:00:00",1330,20.49,98.2
"2018-09-06 23:00:00",1331,20.2,100
"2018-09-07 00:00:00",1332,19.78,100
"2018-09-07 01:00:00",1333,19.63,100
"2018-09-07 02:00:00",1334,19.57,100
"2018-09-07 03:00:00",1335,19.36,100
"2018-09-07 04:00:00",1336,19.3,100
"2018-09-07 05:00:00",1337,19.25,100
"2018-09-07 06:00:00",1338,19.33,100
"2018-09-07 07:00:00",1339,19.12,100
"2018-09-07 08:00:00",1340,19.23,100
"2018-09-07 09:00:00",1341,19.76,100
"2018-09-07 10:00:00",1342,20.16,100
"2018-09-07 11:00:00",1343,20.9,99.9
"2018-09-07 12:00:00",1344,22.99,82.9
"2018-09-07 13:00:00",1345,25.29,68.53
"2018-09-07 14:00:00",1346,26.61,65.46
"2018-09-07 15:00:00",1347,27.54,69.46
"2018-09-07 16:00:00",1348,27.76,68.49
"2018-09-07 17:00:00",1349,28.37,62.18
"2018-09-07 18:00:00",1350,27.67,76.01
"2018-09-07 19:00:00",1351,22.27,95.9
"2018-09-07 20:00:00",1352,21.45,99
"2018-09-07 21:00:00",1353,21.46,100
"2018-09-07 22:00:00",1354,21.34,100
"2018-09-07 23:00:00",1355,21.25,100
"2018-09-08 00:00:00",1356,21.17,100
"2018-09-08 01:00:00",1357,20.62,100
"2018-09-08 02:00:00",1358,20.19,100
"2018-09-08 03:00:00",1359,20.02,100
"2018-09-08 04:00:00",1360,19.76,100
"2018-09-08 05:00:00",1361,19.6,100
"2018-09-08 06:00:00",1362,19.68,100
"2018-09-08 07:00:00",1363,19.81,100
"2018-09-08 08:00:00",1364,19.87,100
"2018-09-08 09:00:00",1365,18.86,94
"2018-09-08 10:00:00",1366,17.31,92.8
"2018-09-08 11:00:00",1367,17.95,84.9
"2018-09-08 12:00:00",1368,18.59,83.4
"2018-09-08 13:00:00",1369,18.92,81.4
"2018-09-08 14:00:00",1370,19.84,75.44
"2018-09-08 15:00:00",1371,20.44,78.58
"2018-09-08 16:00:00",1372,19.28,77.67
"2018-09-08 17:00:00",1373,18.13,86.5
"2018-09-08 18:00:00",1374,17.24,77.68
"2018-09-08 19:00:00",1375,15.92,86.7
"2018-09-08 20:00:00",1376,14.04,100
"2018-09-08 21:00:00",1377,13.67,94.6
"2018-09-08 22:00:00",1378,13.77,98.5
"2018-09-08 23:00:00",1379,13.89,96.8
"2018-09-09 00:00:00",1380,13.67,99.6
"2018-09-09 01:00:00",1381,13.44,99.9
"2018-09-09 02:00:00",1382,13.07,97.4
"2018-09-09 03:00:00",1383,12.86,97.7
"2018-09-09 04:00:00",1384,12.32,97.8
"2018-09-09 05:00:00",1385,12.07,95.6
"2018-09-09 06:00:00",1386,12.04,98
"2018-09-09 07:00:00",1387,12.46,99.3
"2018-09-09 08:00:00",1388,12.59,99.4
"2018-09-09 09:00:00",1389,12.89,99.7
"2018-09-09 10:00:00",1390,12.92,99.4
"2018-09-09 11:00:00",1391,13.34,99
"2018-09-09 12:00:00",1392,13.68,97.2
"2018-09-09 13:00:00",1393,14.24,96.4
"2018-09-09 14:00:00",1394,14.39,97.8
"2018-09-09 15:00:00",1395,14.37,99.5
"2018-09-09 16:00:00",1396,14.82,95
"2018-09-09 17:00:00",1397,14.91,94.7
"2018-09-09 18:00:00",1398,15.31,90.6
"2018-09-09 19:00:00",1399,15.53,94.8
"2018-09-09 20:00:00",1400,14.74,94.7
"2018-09-09 21:00:00",1401,14.63,95.7
"2018-09-09 22:00:00",1402,14.83,90.9
"2018-09-09 23:00:00",1403,14.86,89.4
"2018-09-10 00:00:00",1404,14.49,98.1
"2018-09-10 01:00:00",1405,14.4,98.6
"2018-09-10 02:00:00",1406,14.29,100
"2018-09-10 03:00:00",1407,14.32,100
"2018-09-10 04:00:00",1408,14.46,100
"2018-09-10 05:00:00",1409,14.78,98.1
"2018-09-10 06:00:00",1410,15.14,94.9
"2018-09-10 07:00:00",1411,15.61,92.4
"2018-09-10 08:00:00",1412,16.07,92.6
"2018-09-10 09:00:00",1413,16.97,89.8
"2018-09-10 10:00:00",1414,17.81,86
"2018-09-10 11:00:00",1415,18.44,94.1
"2018-09-10 12:00:00",1416,18.36,96.6
"2018-09-10 13:00:00",1417,18.9,98.4
"2018-09-10 14:00:00",1418,18.88,99
"2018-09-10 15:00:00",1419,19.1,98.3
"2018-09-10 16:00:00",1420,19.1,100
"2018-09-10 17:00:00",1421,19.54,99.3
"2018-09-10 18:00:00",1422,19.67,100
"2018-09-10 19:00:00",1423,19.45,100
"2018-09-10 20:00:00",1424,18.76,100
"2018-09-10 21:00:00",1425,18,100
"2018-09-10 22:00:00",1426,17.55,100
"2018-09-10 23:00:00",1427,17.39,100
"2018-09-11 00:00:00",1428,17.27,100
"2018-09-11 01:00:00",1429,16.52,100
"2018-09-11 02:00:00",1430,15.87,100
"2018-09-11 03:00:00",1431,15.52,100
"2018-09-11 04:00:00",1432,15.44,100
"2018-09-11 05:00:00",1433,15.38,100
"2018-09-11 06:00:00",1434,15.43,100
"2018-09-11 07:00:00",1435,15.39,100
"2018-09-11 08:00:00",1436,15.12,98.7
"2018-09-11 09:00:00",1437,15.31,97.1
"2018-09-11 10:00:00",1438,15.83,98.7
"2018-09-11 11:00:00",1439,16.4,94.9
"2018-09-11 12:00:00",1440,18.04,90.8
"2018-09-11 13:00:00",1441,18.43,92.4
"2018-09-11 14:00:00",1442,18.2,83.3
"2018-09-11 15:00:00",1443,18.98,84.1
"2018-09-11 16:00:00",1444,19.48,80.9
"2018-09-11 17:00:00",1445,19.93,82.7
"2018-09-11 18:00:00",1446,19.69,84.7
"2018-09-11 19:00:00",1447,19.15,92.6
"2018-09-11 20:00:00",1448,18.27,93.5
"2018-09-11 21:00:00",1449,17.7,98.4
"2018-09-11 22:00:00",1450,17.36,97.6
"2018-09-11 23:00:00",1451,17.49,98.1
"2018-09-12 00:00:00",1452,17.28,98.6
"2018-09-12 01:00:00",1453,17.01,100
"2018-09-12 02:00:00",1454,16.81,100
"2018-09-12 03:00:00",1455,16.62,100
"2018-09-12 04:00:00",1456,16.65,100
"2018-09-12 05:00:00",1457,16.65,100
"2018-09-12 06:00:00",1458,16.53,100
"2018-09-12 07:00:00",1459,16.86,100
"2018-09-12 08:00:00",1460,16.77,100
"2018-09-12 09:00:00",1461,17.48,100
"2018-09-12 10:00:00",1462,18.25,100
"2018-09-12 11:00:00",1463,18.44,99.7
"2018-09-12 12:00:00",1464,19.16,97.9
"2018-09-12 13:00:00",1465,19.29,100
"2018-09-12 14:00:00",1466,19.73,100
"2018-09-12 15:00:00",1467,21.52,87.2
"2018-09-12 16:00:00",1468,24.74,79.2
"2018-09-12 17:00:00",1469,25.27,80.7
"2018-09-12 18:00:00",1470,24.73,89.9
"2018-09-12 19:00:00",1471,23.76,90.2
"2018-09-12 20:00:00",1472,22.45,97.5
"2018-09-12 21:00:00",1473,21.94,97.7
"2018-09-12 22:00:00",1474,21.45,96.6
"2018-09-12 23:00:00",1475,20.98,97.6
"2018-09-13 00:00:00",1476,21.08,97.4
"2018-09-13 01:00:00",1477,20.94,93.2
"2018-09-13 02:00:00",1478,20.86,97.5
"2018-09-13 03:00:00",1479,20.6,94.8
"2018-09-13 04:00:00",1480,20.76,94.9
"2018-09-13 05:00:00",1481,20.63,94.1
"2018-09-13 06:00:00",1482,20.64,95.6
"2018-09-13 07:00:00",1483,20.27,98.4
"2018-09-13 08:00:00",1484,20.94,86.5
"2018-09-13 09:00:00",1485,23.12,84.5
"2018-09-13 10:00:00",1486,23.66,83.5
"2018-09-13 11:00:00",1487,24.75,76.83
"2018-09-13 12:00:00",1488,26.77,69.75
"2018-09-13 13:00:00",1489,28.04,67.08
"2018-09-13 14:00:00",1490,27.91,72.74
"2018-09-13 15:00:00",1491,27.91,69.39
"2018-09-13 16:00:00",1492,28.94,65.4
"2018-09-13 17:00:00",1493,27.13,69.99
"2018-09-13 18:00:00",1494,26.35,70.97
"2018-09-13 19:00:00",1495,24.85,74.74
"2018-09-13 20:00:00",1496,23.24,85.9
"2018-09-13 21:00:00",1497,22.02,87.5
"2018-09-13 22:00:00",1498,21.58,89.7
"2018-09-13 23:00:00",1499,21.61,89
"2018-09-14 00:00:00",1500,21.75,84.5
"2018-09-14 01:00:00",1501,21.82,90.4
"2018-09-14 02:00:00",1502,21.28,86.1
"2018-09-14 03:00:00",1503,21.3,81.3
"2018-09-14 04:00:00",1504,21.05,86.8
"2018-09-14 05:00:00",1505,21.1,84.4
"2018-09-14 06:00:00",1506,20.32,88.8
"2018-09-14 07:00:00",1507,20.15,89.7
"2018-09-14 08:00:00",1508,20.42,90.3
"2018-09-14 09:00:00",1509,20.56,86.4
"2018-09-14 10:00:00",1510,23.29,75.95
"2018-09-14 11:00:00",1511,25.95,66.56
"2018-09-14 12:00:00",1512,28.13,60.7
"2018-09-14 13:00:00",1513,28.44,65.75
"2018-09-14 14:00:00",1514,27.69,73.27
"2018-09-14 15:00:00",1515,28.08,64.03
"2018-09-14 16:00:00",1516,27.63,67.16
"2018-09-14 17:00:00",1517,27.23,65.89
"2018-09-14 18:00:00",1518,27.13,66.78
"2018-09-14 19:00:00",1519,25.89,77.34
"2018-09-14 20:00:00",1520,23.13,86.6
"2018-09-14 21:00:00",1521,21.77,92.2
"2018-09-14 22:00:00",1522,21.19,90.6
"2018-09-14 23:00:00",1523,21.16,90.6
"2018-09-15 00:00:00",1524,20.81,92.6
"2018-09-15 01:00:00",1525,20.66,93.2
"2018-09-15 02:00:00",1526,20.7,89.9
"2018-09-15 03:00:00",1527,20.54,92.1
"2018-09-15 04:00:00",1528,20.43,90
"2018-09-15 05:00:00",1529,20.62,86.2
"2018-09-15 06:00:00",1530,20.63,87.2
"2018-09-15 07:00:00",1531,20.52,92
"2018-09-15 08:00:00",1532,20.45,87
"2018-09-15 09:00:00",1533,21.55,80.2
"2018-09-15 10:00:00",1534,23.16,68.57
"2018-09-15 11:00:00",1535,24.3,73.32
"2018-09-15 12:00:00",1536,25.53,65.75
"2018-09-15 13:00:00",1537,26.29,69.31
"2018-09-15 14:00:00",1538,25.74,76.02
"2018-09-15 15:00:00",1539,26.26,67.94
"2018-09-15 16:00:00",1540,25.92,70.66
"2018-09-15 17:00:00",1541,25.21,73.2
"2018-09-15 18:00:00",1542,24.48,77.89
"2018-09-15 19:00:00",1543,23.12,85.2
"2018-09-15 20:00:00",1544,21.72,89
"2018-09-15 21:00:00",1545,20.86,89.1
"2018-09-15 22:00:00",1546,20.28,91.9
"2018-09-15 23:00:00",1547,19.99,93.4
"2018-09-16 00:00:00",1548,20.06,89.1
"2018-09-16 01:00:00",1549,19.87,91.6
"2018-09-16 02:00:00",1550,19.72,90.6
"2018-09-16 03:00:00",1551,20.04,92.7
"2018-09-16 04:00:00",1552,19.98,87.5
"2018-09-16 05:00:00",1553,19.92,87.6
"2018-09-16 06:00:00",1554,19.29,92.8
"2018-09-16 07:00:00",1555,19.31,95.5
"2018-09-16 08:00:00",1556,20.02,86.8
"2018-09-16 09:00:00",1557,21.07,80.4
"2018-09-16 10:00:00",1558,22.51,70.79
"2018-09-16 11:00:00",1559,24.39,68.1
"2018-09-16 12:00:00",1560,25.75,66.02
"2018-09-16 13:00:00",1561,26.69,63.71
"2018-09-16 14:00:00",1562,26.78,64.18
"2018-09-16 15:00:00",1563,26.97,60.46
"2018-09-16 16:00:00",1564,26.46,69.79
"2018-09-16 17:00:00",1565,24.49,72.7
"2018-09-16 18:00:00",1566,23.83,77.38
"2018-09-16 19:00:00",1567,22.79,81.4
"2018-09-16 20:00:00",1568,21.7,86.1
"2018-09-16 21:00:00",1569,21.48,82.4
"2018-09-16 22:00:00",1570,21.63,79.77
"2018-09-16 23:00:00",1571,21.77,75.32
"2018-09-17 00:00:00",1572,21.6,74.36
"2018-09-17 01:00:00",1573,21.55,77.84
"2018-09-17 02:00:00",1574,21.18,80.3
"2018-09-17 03:00:00",1575,21.18,79.68
"2018-09-17 04:00:00",1576,21.38,80.6
"2018-09-17 05:00:00",1577,21.29,83.3
"2018-09-17 06:00:00",1578,21.37,87
"2018-09-17 07:00:00",1579,20.58,93.8
"2018-09-17 08:00:00",1580,20.14,96.4
"2018-09-17 09:00:00",1581,20.22,93.7
"2018-09-17 10:00:00",1582,19.88,99
"2018-09-17 11:00:00",1583,20.56,91.9
"2018-09-17 12:00:00",1584,21.6,93.9
"2018-09-17 13:00:00",1585,23.66,79.84
"2018-09-17 14:00:00",1586,26.49,67.45
"2018-09-17 15:00:00",1587,25.95,89.4
"2018-09-17 16:00:00",1588,22.93,99.7
"2018-09-17 17:00:00",1589,23.02,93.2
"2018-09-17 18:00:00",1590,23.83,92.1
"2018-09-17 19:00:00",1591,22.39,97.7
"2018-09-17 20:00:00",1592,21.82,98.5
"2018-09-17 21:00:00",1593,21.72,99.1
"2018-09-17 22:00:00",1594,21.44,100
"2018-09-17 23:00:00",1595,21.42,100
"2018-09-18 00:00:00",1596,21.15,100
"2018-09-18 01:00:00",1597,20.81,100
"2018-09-18 02:00:00",1598,20.73,100
"2018-09-18 03:00:00",1599,20.68,100
"2018-09-18 04:00:00",1600,20.56,100
"2018-09-18 05:00:00",1601,19.77,100
"2018-09-18 06:00:00",1602,19.2,100
"2018-09-18 07:00:00",1603,19.01,100
"2018-09-18 08:00:00",1604,19,100
"2018-09-18 09:00:00",1605,19.16,100
"2018-09-18 10:00:00",1606,19.68,95.3
"2018-09-18 11:00:00",1607,20.9,87.2
"2018-09-18 12:00:00",1608,22.49,82.8
"2018-09-18 13:00:00",1609,23.71,70.12
"2018-09-18 14:00:00",1610,24.17,72.17
"2018-09-18 15:00:00",1611,24.77,65.46
"2018-09-18 16:00:00",1612,25.69,69.14
"2018-09-18 17:00:00",1613,26.07,64.64
"2018-09-18 18:00:00",1614,25.75,69.33
"2018-09-18 19:00:00",1615,25.58,75.11
"2018-09-18 20:00:00",1616,23.25,87.2
"2018-09-18 21:00:00",1617,21.69,94.5
"2018-09-18 22:00:00",1618,20.76,97.9
"2018-09-18 23:00:00",1619,20.28,95.5
"2018-09-19 00:00:00",1620,20.15,94.7
"2018-09-19 01:00:00",1621,20.07,97.8
"2018-09-19 02:00:00",1622,19.61,99.1
"2018-09-19 03:00:00",1623,19.28,99.7
"2018-09-19 04:00:00",1624,18.95,100
"2018-09-19 05:00:00",1625,18.95,99.6
"2018-09-19 06:00:00",1626,18.67,100
"2018-09-19 07:00:00",1627,18.7,98.5
"2018-09-19 08:00:00",1628,18.89,99.5
"2018-09-19 09:00:00",1629,19.69,97.2
"2018-09-19 10:00:00",1630,20.58,92.3
"2018-09-19 11:00:00",1631,22.44,83
"2018-09-19 12:00:00",1632,23.8,75.99
"2018-09-19 13:00:00",1633,24.57,70.56
"2018-09-19 14:00:00",1634,26.28,70.03
"2018-09-19 15:00:00",1635,26.42,63
"2018-09-19 16:00:00",1636,26.69,59.68
"2018-09-19 17:00:00",1637,26.58,64.52
"2018-09-19 18:00:00",1638,26.36,67.84
"2018-09-19 19:00:00",1639,25.61,77.11
"2018-09-19 20:00:00",1640,23.22,83
"2018-09-19 21:00:00",1641,21.64,96
"2018-09-19 22:00:00",1642,20.58,95.4
"2018-09-19 23:00:00",1643,20.06,92.8
"2018-09-20 00:00:00",1644,19.12,93.1
"2018-09-20 01:00:00",1645,18.6,95.8
"2018-09-20 02:00:00",1646,18.38,93.4
"2018-09-20 03:00:00",1647,18.04,97.6
"2018-09-20 04:00:00",1648,17.4,98.1
"2018-09-20 05:00:00",1649,17.57,98.2
"2018-09-20 06:00:00",1650,17.2,99.1
"2018-09-20 07:00:00",1651,17.19,99.6
"2018-09-20 08:00:00",1652,17.53,96.4
"2018-09-20 09:00:00",1653,20.33,82.9
"2018-09-20 10:00:00",1654,22.7,75.22
"2018-09-20 11:00:00",1655,25.16,70.54
"2018-09-20 12:00:00",1656,26.54,67.69
"2018-09-20 13:00:00",1657,27.67,56.35
"2018-09-20 14:00:00",1658,27.83,58.5
"2018-09-20 15:00:00",1659,29.05,59.93
"2018-09-20 16:00:00",1660,29.56,56.59
"2018-09-20 17:00:00",1661,29.22,59.44
"2018-09-20 18:00:00",1662,27.69,68.2
"2018-09-20 19:00:00",1663,26.43,82.5
"2018-09-20 20:00:00",1664,23.91,88
"2018-09-20 21:00:00",1665,23,84.9
"2018-09-20 22:00:00",1666,22.59,84.2
"2018-09-20 23:00:00",1667,22.06,85.7
"2018-09-21 00:00:00",1668,21.96,86.5
"2018-09-21 01:00:00",1669,21.86,85.7
"2018-09-21 02:00:00",1670,21.79,85.5
"2018-09-21 03:00:00",1671,21.63,87
"2018-09-21 04:00:00",1672,21.13,87.3
"2018-09-21 05:00:00",1673,21.36,88.1
"2018-09-21 06:00:00",1674,21.24,89.2
"2018-09-21 07:00:00",1675,21.24,88.2
"2018-09-21 08:00:00",1676,21.2,85.9
"2018-09-21 09:00:00",1677,22.71,79.42
"2018-09-21 10:00:00",1678,24.69,72.39
"2018-09-21 11:00:00",1679,26.21,68.15
"2018-09-21 12:00:00",1680,27.3,64.97
"2018-09-21 13:00:00",1681,28.64,62.78
"2018-09-21 14:00:00",1682,29.2,61.46
"2018-09-21 15:00:00",1683,29.76,56.24
"2018-09-21 16:00:00",1684,28.72,60.08
"2018-09-21 17:00:00",1685,28.85,65.2
"2018-09-21 18:00:00",1686,27.92,69.66
"2018-09-21 19:00:00",1687,26.84,73.59
"2018-09-21 20:00:00",1688,24.73,78.93
"2018-09-21 21:00:00",1689,24.34,79.28
"2018-09-21 22:00:00",1690,23.79,79.15
"2018-09-21 23:00:00",1691,23.52,91.4
"2018-09-22 00:00:00",1692,21.01,99.8
"2018-09-22 01:00:00",1693,20.55,99.6
"2018-09-22 02:00:00",1694,20.38,97.7
"2018-09-22 03:00:00",1695,19.96,99.9
"2018-09-22 04:00:00",1696,19.7,95.8
"2018-09-22 05:00:00",1697,18.16,91
"2018-09-22 06:00:00",1698,16.85,84.2
"2018-09-22 07:00:00",1699,16,85.8
"2018-09-22 08:00:00",1700,15.74,87.3
